CustomerID,PrimaryCountry,CustomerSegment,Cluster,Recency,Frequency,Monetary,AverageOrderValue,TotalUnits,FirstPurchase,LastPurchase,TenureDays,CustomerStatus
12346,United Kingdom,Minimum,3,326,3,77352.96,25784.320000000003,74239,2010-03-02 13:08:00,2011-01-18 10:01:00,323,Inactive >90 Days
12347,Iceland,Potential,4,3,8,4921.53,615.19125,2967,2010-10-31 14:20:00,2011-12-07 15:52:00,403,Recently Active
12348,Finland,Minimum,3,76,5,1658.3999999999999,331.67999999999995,2704,2010-09-27 14:59:00,2011-09-25 13:13:00,364,Recently Active
12349,Italy,Potential,4,19,3,3678.69,1226.23,1621,2010-04-29 13:20:00,2011-11-21 09:51:00,572,Recently Active
12350,Norway,General,1,311,1,294.40000000000003,294.40000000000003,196,2011-02-02 16:01:00,2011-02-02 16:01:00,1,Inactive >90 Days
12351,Unspecified,General,1,376,1,300.93,300.93,261,2010-11-29 15:23:00,2010-11-29 15:23:00,1,Inactive >90 Days
12352,Norway,Potential,4,37,9,1729.54,192.17111111111112,714,2010-11-12 10:20:00,2011-11-03 14:37:00,357,Recently Active
12353,Bahrain,General,1,205,2,406.76,203.38,212,2010-10-27 12:44:00,2011-05-19 17:47:00,205,Inactive >90 Days
12354,Spain,Minimum,3,233,1,1079.4,1079.4,530,2011-04-21 13:11:00,2011-04-21 13:11:00,1,Inactive >90 Days
12355,Bahrain,Minimum,3,215,2,947.61,473.805,543,2010-05-21 11:59:00,2011-05-09 13:49:00,354,Inactive >90 Days
12356,Portugal,Potential,4,23,6,5611.7300000000005,935.2883333333334,3376,2010-10-11 09:42:00,2011-11-17 08:40:00,403,Recently Active
12357,Switzerland,Potential,4,34,2,17437.66,8718.83,6586,2010-11-16 10:05:00,2011-11-06 16:07:00,356,Recently Active
12358,Austria,Potential,4,2,5,3447.07,689.414,1068,2009-12-08 07:59:00,2011-12-08 10:26:00,731,Recently Active
12359,Cyprus,Potential,4,58,10,8873.39,887.3389999999999,2739,2009-12-05 13:32:00,2011-10-13 12:47:00,678,Recently Active
12360,Austria,Potential,4,53,6,3612.89,602.1483333333333,2443,2010-02-22 09:32:00,2011-10-18 15:22:00,604,Recently Active
12361,Belgium,Minimum,3,288,4,451.25,112.8125,231,2010-01-26 14:37:00,2011-02-25 13:51:00,396,Inactive >90 Days
12362,Belgium,Potential,4,4,10,4737.2300000000005,473.72300000000007,2197,2011-02-17 10:30:00,2011-12-06 15:40:00,293,Recently Active
12363,Unspecified,Prospective,0,110,2,552.0,276.0,408,2011-04-11 13:29:00,2011-08-22 10:18:00,134,Inactive >90 Days
12364,Belgium,Prospective,0,8,4,1208.1,302.025,1499,2011-08-19 15:24:00,2011-12-02 10:22:00,106,Recently Active
12365,Cyprus,General,1,292,1,320.69,320.69,173,2011-02-21 13:51:00,2011-02-21 13:51:00,1,Inactive >90 Days
12366,Cyprus,General,1,634,1,500.24,500.24,296,2010-03-16 10:28:00,2010-03-16 10:28:00,1,Inactive >90 Days
12367,Denmark,Prospective,0,5,1,150.9,150.9,172,2011-12-05 16:48:00,2011-12-05 16:48:00,1,Recently Active
12368,Cyprus,General,1,629,1,917.7,917.7,330,2010-03-21 15:56:00,2010-03-21 15:56:00,1,Inactive >90 Days
12369,Austria,Minimum,3,414,3,1511.15,503.7166666666667,1234,2010-03-08 08:09:00,2010-10-22 13:13:00,229,Inactive >90 Days
12370,Cyprus,Potential,4,52,7,3956.56,565.2228571428572,2595,2010-02-09 09:41:00,2011-10-19 14:51:00,618,Recently Active
12371,Switzerland,Potential,4,60,4,3347.38,836.845,1418,2010-03-04 18:23:00,2011-10-11 10:43:00,587,Recently Active
12372,Denmark,Minimum,3,72,3,1196.04,398.68,788,2011-02-16 12:46:00,2011-09-29 12:12:00,226,Recently Active
12373,Austria,Minimum,3,312,3,927.6500000000001,309.2166666666667,511,2010-02-04 12:08:00,2011-02-01 13:10:00,363,Inactive >90 Days
12374,Austria,Potential,4,26,3,2669.2200000000003,889.7400000000001,1354,2010-04-30 14:01:00,2011-11-14 15:37:00,564,Recently Active
12375,Finland,Prospective,0,11,2,377.5,188.75,176,2011-09-02 14:23:00,2011-11-29 10:36:00,89,Recently Active
12376,Switzerland,General,1,390,2,383.15,191.575,237,2010-10-18 08:42:00,2010-11-15 12:15:00,29,Inactive >90 Days
12377,Switzerland,Minimum,3,316,4,3266.32,816.58,2101,2010-04-29 15:34:00,2011-01-28 15:45:00,275,Inactive >90 Days
12378,Switzerland,Minimum,3,130,2,5416.32,2708.16,3316,2010-05-26 14:07:00,2011-08-02 10:34:00,434,Inactive >90 Days
12379,Belgium,Minimum,3,82,4,1470.22,367.555,805,2010-06-23 12:49:00,2011-09-19 10:09:00,454,Recently Active
12380,Belgium,Potential,4,22,8,7210.650000000001,901.3312500000001,3314,2010-02-15 12:05:00,2011-11-18 11:27:00,642,Recently Active
12381,Norway,Prospective,0,5,3,1474.81,491.6033333333333,797,2011-08-12 09:57:00,2011-12-05 12:44:00,116,Recently Active
12383,Belgium,Minimum,3,185,5,1628.56,325.712,1518,2010-12-22 14:28:00,2011-06-08 08:02:00,169,Inactive >90 Days
12384,Switzerland,Prospective,0,29,2,425.27000000000004,212.63500000000002,122,2011-08-10 11:23:00,2011-11-11 08:39:00,94,Recently Active
12385,Belgium,Minimum,3,380,1,1668.4,1668.4,594,2010-11-25 15:14:00,2010-11-25 15:14:00,1,Inactive >90 Days
12386,Australia,General,1,338,2,401.9,200.95,354,2010-12-08 09:53:00,2011-01-06 12:37:00,30,Inactive >90 Days
12387,Australia,General,1,416,1,143.94,143.94,134,2010-10-20 16:27:00,2010-10-20 16:27:00,1,Inactive >90 Days
12388,Australia,Potential,4,16,8,3901.11,487.63875,2001,2010-05-06 12:54:00,2011-11-24 12:30:00,568,Recently Active
12389,Australia,Minimum,3,403,3,1433.33,477.77666666666664,614,2010-02-22 10:15:00,2010-11-02 11:52:00,254,Inactive >90 Days
12390,Belgium,Prospective,0,80,1,504.84000000000003,504.84000000000003,350,2011-09-21 09:33:00,2011-09-21 09:33:00,1,Recently Active
12391,Cyprus,Potential,4,22,6,2724.84,454.14000000000004,1204,2010-02-15 10:12:00,2011-11-18 12:07:00,642,Recently Active
12392,Australia,General,1,592,1,234.75000000000003,234.75000000000003,73,2010-04-27 14:04:00,2010-04-27 14:04:00,1,Inactive >90 Days
12393,Australia,Potential,4,73,6,2399.45,399.9083333333333,1311,2010-10-07 13:49:00,2011-09-28 15:41:00,357,Recently Active
12394,Denmark,Prospective,0,64,2,1080.48,540.24,808,2011-05-06 14:01:00,2011-10-07 08:08:00,155,Recently Active
12395,Belgium,Potential,4,20,15,4241.17,282.74466666666666,3175,2010-04-16 10:16:00,2011-11-20 15:21:00,584,Recently Active
12396,RSA,General,1,675,1,931.4300000000001,931.4300000000001,591,2010-02-03 13:22:00,2010-02-03 13:22:00,1,Inactive >90 Days
12397,Belgium,Prospective,0,36,2,2214.9,1107.45,1250,2011-07-27 14:21:00,2011-11-04 09:52:00,101,Recently Active
12398,Switzerland,Prospective,0,46,1,1435.66,1435.66,1389,2011-10-25 10:27:00,2011-10-25 10:27:00,1,Recently Active
12399,Belgium,Minimum,3,120,7,1842.3,263.18571428571425,2190,2010-03-05 08:45:00,2011-08-12 13:15:00,526,Inactive >90 Days
12400,Australia,General,1,415,1,205.25,205.25,91,2010-10-21 13:45:00,2010-10-21 13:45:00,1,Inactive >90 Days
12401,Belgium,General,1,304,1,69.3,69.3,10,2011-02-09 13:50:00,2011-02-09 13:50:00,1,Inactive >90 Days
12402,Belgium,Minimum,3,324,6,1136.9,189.48333333333335,576,2010-02-07 12:41:00,2011-01-20 13:49:00,348,Inactive >90 Days
12403,Denmark,Prospective,0,50,2,947.36,473.68,256,2010-07-06 11:39:00,2011-10-21 10:51:00,473,Recently Active
12405,Finland,Minimum,3,149,1,1390.39,1390.39,849,2011-07-14 08:52:00,2011-07-14 08:52:00,1,Inactive >90 Days
12406,Denmark,Potential,4,23,5,6390.36,1278.072,3416,2010-01-11 14:04:00,2011-11-17 19:22:00,676,Recently Active
12407,Belgium,Potential,4,50,5,1507.12,301.424,1403,2011-03-20 13:21:00,2011-10-21 10:11:00,216,Recently Active
12408,Belgium,Potential,4,33,8,3905.77,488.22125,2200,2010-07-29 13:27:00,2011-11-07 12:27:00,467,Recently Active
12409,Switzerland,Potential,4,79,7,23419.29,3345.612857142857,13143,2010-05-23 15:21:00,2011-09-22 10:38:00,488,Recently Active
12410,Switzerland,Minimum,3,309,3,773.71,257.90333333333336,335,2010-07-25 13:26:00,2011-02-04 10:39:00,195,Inactive >90 Days
12411,Australia,General,1,410,1,346.9,346.9,138,2010-10-26 09:25:00,2010-10-26 09:25:00,1,Inactive >90 Days
12412,Denmark,Potential,4,75,6,2404.93,400.82166666666666,1986,2010-06-18 13:22:00,2011-09-26 10:16:00,466,Recently Active
12413,France,Minimum,3,67,4,871.45,217.8625,313,2010-11-02 13:26:00,2011-10-04 09:00:00,337,Recently Active
12414,Austria,Minimum,3,218,4,532.41,133.1025,489,2010-09-02 12:22:00,2011-05-06 14:51:00,247,Inactive >90 Days
12415,Australia,Main,2,25,24,144033.37,6001.390416666666,91443,2010-06-30 08:30:00,2011-11-15 14:22:00,504,Recently Active
12416,Australia,General,1,657,1,202.56,202.56,132,2010-02-21 10:19:00,2010-02-21 10:19:00,1,Inactive >90 Days
12417,Belgium,Main,2,4,20,5998.41,299.9205,2835,2009-12-06 10:30:00,2011-12-06 14:52:00,731,Recently Active
12418,Switzerland,Minimum,3,113,4,2021.2,505.3,1088,2010-03-19 14:47:00,2011-08-19 11:08:00,519,Inactive >90 Days
12419,Spain,General,1,386,2,391.01,195.505,227,2010-10-22 10:40:00,2010-11-19 10:04:00,29,Inactive >90 Days
12420,Cyprus,Prospective,0,64,1,600.39,600.39,345,2011-10-07 08:55:00,2011-10-07 08:55:00,1,Recently Active
12421,Spain,Potential,4,16,6,874.6,145.76666666666668,644,2010-07-22 13:57:00,2011-11-24 09:07:00,491,Recently Active
12422,Switzerland,Potential,4,96,12,3639.35,303.27916666666664,2579,2009-12-18 12:44:00,2011-09-05 09:48:00,627,Inactive >90 Days
12423,Belgium,Potential,4,1,10,2301.39,230.13899999999998,1772,2010-08-31 09:31:00,2011-12-09 10:10:00,466,Recently Active
12424,Australia,Minimum,3,163,4,3340.0299999999997,835.0074999999999,2025,2010-06-09 15:15:00,2011-06-30 12:06:00,387,Inactive >90 Days
12425,Portugal,Minimum,3,79,2,1741.41,870.705,1147,2010-09-17 14:10:00,2011-09-22 17:31:00,371,Recently Active
12426,Germany,Minimum,3,195,2,1201.21,600.605,576,2010-02-15 08:41:00,2011-05-29 12:26:00,469,Inactive >90 Days
12427,Germany,Prospective,0,22,3,699.8000000000001,233.26666666666668,526,2010-12-03 10:44:00,2011-11-18 08:56:00,351,Recently Active
12428,Finland,Potential,4,26,8,6405.26,800.6575,3509,2011-03-01 09:33:00,2011-11-14 08:22:00,259,Recently Active
12429,Denmark,Potential,4,10,8,5842.41,730.30125,2871,2010-06-11 13:28:00,2011-11-30 17:22:00,538,Recently Active
12430,Norway,Prospective,0,44,1,216.4,216.4,116,2011-10-27 15:09:00,2011-10-27 15:09:00,1,Recently Active
12431,Australia,Main,2,36,25,10102.220000000001,404.08880000000005,4578,2010-01-15 09:04:00,2011-11-04 11:55:00,659,Recently Active
12432,Norway,Potential,4,43,4,4359.32,1089.83,1800,2011-06-20 13:27:00,2011-10-28 11:43:00,131,Recently Active
12433,Norway,Main,2,1,10,16794.14,1679.414,13534,2010-08-20 09:23:00,2011-12-09 10:02:00,477,Recently Active
12434,Australia,Minimum,3,85,3,1103.43,367.81,532,2010-11-23 13:38:00,2011-09-16 12:38:00,298,Recently Active
12435,Denmark,Potential,4,80,6,13925.93,2320.9883333333332,4958,2009-12-02 13:58:00,2011-09-21 09:06:00,659,Recently Active
12436,Norway,General,1,100,1,429.01,429.01,209,2011-09-01 12:09:00,2011-09-01 12:09:00,1,Inactive >90 Days
12437,France,Main,2,2,38,11282.4,296.90526315789475,7922,2009-12-02 16:24:00,2011-12-08 11:35:00,737,Recently Active
12438,Norway,Prospective,0,15,2,2466.85,1233.425,1169,2011-07-22 13:29:00,2011-11-25 13:28:00,127,Recently Active
12439,Cyprus,Minimum,3,683,2,1142.88,571.44,478,2009-12-14 08:40:00,2010-01-26 12:11:00,44,Inactive >90 Days
12440,Austria,Minimum,3,463,2,739.2,369.6,328,2009-12-22 12:03:00,2010-09-03 13:11:00,256,Inactive >90 Days
12441,France,General,1,367,1,155.55,155.55,120,2010-12-08 10:45:00,2010-12-08 10:45:00,1,Inactive >90 Days
12442,Spain,Prospective,0,4,1,144.06,144.06,181,2011-12-06 14:22:00,2011-12-06 14:22:00,1,Recently Active
12443,Norway,General,1,733,1,365.31,365.31,179,2009-12-07 15:42:00,2009-12-07 15:42:00,1,Inactive >90 Days
12444,Norway,Potential,4,22,5,4085.46,817.092,1130,2011-06-21 14:00:00,2011-11-18 13:23:00,151,Recently Active
12445,Spain,Prospective,0,23,2,378.98,189.49,204,2010-10-15 12:28:00,2011-11-17 18:43:00,399,Recently Active
12446,RSA,Prospective,0,58,1,1002.3100000000001,1002.3100000000001,351,2011-10-13 12:50:00,2011-10-13 12:50:00,1,Recently Active
12447,Belgium,General,1,244,1,431.49,431.49,187,2011-04-10 13:25:00,2011-04-10 13:25:00,1,Inactive >90 Days
12448,Spain,Prospective,0,45,1,365.45,365.45,240,2011-10-26 13:46:00,2011-10-26 13:46:00,1,Recently Active
12449,Belgium,Potential,4,23,5,4274.89,854.9780000000001,2247,2010-09-27 09:37:00,2011-11-17 13:46:00,417,Recently Active
12450,Spain,Minimum,3,157,5,688.2,137.64000000000001,442,2010-08-22 13:11:00,2011-07-06 14:41:00,319,Inactive >90 Days
12451,Switzerland,Potential,4,11,8,12629.88,1578.735,9358,2010-06-28 12:58:00,2011-11-29 08:40:00,520,Recently Active
12452,Switzerland,Prospective,0,17,1,348.57,348.57,181,2011-11-23 08:05:00,2011-11-23 08:05:00,1,Recently Active
12453,Austria,General,1,135,1,707.09,707.09,473,2011-07-28 14:08:00,2011-07-28 14:08:00,1,Inactive >90 Days
12454,Spain,Potential,4,57,4,16459.78,4114.945,7702,2010-10-14 17:33:00,2011-10-14 17:13:00,366,Recently Active
12455,Cyprus,Potential,4,74,9,5722.95,635.8833333333333,3295,2009-12-18 12:33:00,2011-09-27 15:31:00,649,Recently Active
12456,Switzerland,Potential,4,45,3,2581.04,860.3466666666667,1618,2011-03-30 09:12:00,2011-10-26 14:41:00,211,Recently Active
12457,Switzerland,Potential,4,67,7,2555.91,365.13,1083,2010-09-30 17:59:00,2011-10-04 13:13:00,370,Recently Active
12458,Switzerland,Minimum,3,72,4,1502.49,375.6225,979,2010-08-09 10:33:00,2011-09-29 15:25:00,417,Recently Active
12459,Spain,General,1,606,1,398.36,398.36,256,2010-04-13 14:53:00,2010-04-13 14:53:00,1,Inactive >90 Days
12460,Belgium,General,1,457,1,296.65,296.65,168,2010-09-09 13:51:00,2010-09-09 13:51:00,1,Inactive >90 Days
12461,Switzerland,General,1,155,1,626.88,626.88,282,2011-07-08 10:23:00,2011-07-08 10:23:00,1,Inactive >90 Days
12462,Spain,Prospective,0,19,2,937.59,468.795,527,2011-02-09 14:44:00,2011-11-21 09:11:00,286,Recently Active
12463,Belgium,Minimum,3,54,4,1200.78,300.195,768,2011-04-12 12:47:00,2011-10-17 13:44:00,189,Recently Active
12464,Belgium,Potential,4,11,8,957.05,119.63125,95,2011-02-03 13:30:00,2011-11-29 13:33:00,300,Recently Active
12465,Belgium,Prospective,0,18,2,682.19,341.095,475,2011-06-23 13:37:00,2011-11-22 16:34:00,153,Recently Active
12467,USA,General,1,424,1,132.8,132.8,129,2010-10-12 15:41:00,2010-10-12 15:41:00,1,Inactive >90 Days
12468,Germany,Minimum,3,188,5,3238.7400000000002,647.748,2177,2010-01-26 10:09:00,2011-06-05 11:36:00,496,Inactive >90 Days
12469,Thailand,Minimum,3,523,2,3070.54,1535.27,2552,2010-06-21 10:30:00,2010-07-05 12:40:00,15,Inactive >90 Days
12470,Unspecified,General,1,690,1,211.95,211.95,95,2010-01-19 11:01:00,2010-01-19 11:01:00,1,Inactive >90 Days
12471,Germany,Main,2,3,71,35099.9,494.3647887323944,16612,2009-12-07 10:41:00,2011-12-07 15:43:00,731,Recently Active
12472,Germany,Main,2,33,19,14971.29,787.9626315789474,10307,2009-12-14 10:49:00,2011-11-07 14:01:00,694,Recently Active
12473,Germany,Minimum,3,54,3,2585.73,861.91,2394,2011-06-01 10:15:00,2011-10-17 11:27:00,139,Recently Active
12474,Germany,Main,2,18,29,11310.75,390.0258620689655,7881,2010-02-11 09:41:00,2011-11-22 14:39:00,650,Recently Active
12475,Germany,Prospective,0,54,2,1065.64,532.82,766,2010-10-26 08:49:00,2011-10-17 10:10:00,357,Recently Active
12476,Germany,Main,2,16,18,12319.91,684.4394444444445,5533,2010-07-26 09:04:00,2011-11-24 12:40:00,487,Recently Active
12477,Germany,Main,2,23,9,20276.37,2252.93,6119,2010-03-26 14:01:00,2011-11-17 09:51:00,602,Recently Active
12478,Greece,Prospective,0,4,1,545.99,545.99,233,2011-12-06 09:56:00,2011-12-06 09:56:00,1,Recently Active
12479,Germany,Prospective,0,12,1,473.2,473.2,382,2011-11-28 13:26:00,2011-11-28 13:26:00,1,Recently Active
12480,Germany,Potential,4,29,7,4834.85,690.6928571428572,2917,2010-07-20 13:21:00,2011-11-11 14:52:00,480,Recently Active
12481,Germany,Main,2,23,14,11033.51,788.1078571428571,7110,2010-04-11 13:10:00,2011-11-17 08:29:00,586,Recently Active
12482,Sweden,Main,2,577,27,21941.72,812.6562962962963,27040,2010-02-24 10:24:00,2010-05-12 16:51:00,78,Inactive >90 Days
12483,Sweden,Main,2,18,19,4069.1800000000003,214.16736842105266,2131,2010-01-31 13:28:00,2011-11-22 17:02:00,661,Recently Active
12484,Spain,Potential,4,36,9,5557.1,617.4555555555556,3237,2010-01-27 16:41:00,2011-11-04 15:18:00,647,Recently Active
12485,Sweden,General,1,530,1,708.1,708.1,414,2010-06-28 15:22:00,2010-06-28 15:22:00,1,Inactive >90 Days
12486,Sweden,General,1,432,1,917.28,917.28,520,2010-10-04 12:14:00,2010-10-04 12:14:00,1,Inactive >90 Days
12487,Sweden,General,1,731,1,285.3,285.3,174,2009-12-09 11:36:00,2009-12-09 11:36:00,1,Inactive >90 Days
12488,France,Prospective,0,10,3,1244.66,414.8866666666667,526,2011-09-25 10:34:00,2011-11-30 08:50:00,67,Recently Active
12489,France,General,1,337,1,298.93,298.93,103,2011-01-07 13:13:00,2011-01-07 13:13:00,1,Inactive >90 Days
12490,France,Main,2,6,20,8764.64,438.23199999999997,5849,2009-12-01 12:52:00,2011-12-04 16:07:00,734,Recently Active
12491,France,Prospective,0,39,1,424.40000000000003,424.40000000000003,258,2011-11-01 12:18:00,2011-11-01 12:18:00,1,Recently Active
12492,Germany,Prospective,0,64,3,607.21,202.40333333333334,438,2010-11-01 14:58:00,2011-10-07 15:15:00,341,Recently Active
12493,France,General,1,166,2,379.74,189.87,204,2011-05-26 14:53:00,2011-06-27 10:17:00,33,Inactive >90 Days
12494,France,Potential,4,16,9,1563.27,173.69666666666666,965,2010-05-12 13:52:00,2011-11-24 09:34:00,562,Recently Active
12495,Sweden,General,1,641,1,277.4,277.4,128,2010-03-09 10:53:00,2010-03-09 10:53:00,1,Inactive >90 Days
12496,Spain,General,1,621,2,45.34,22.67,30,2010-03-29 13:57:00,2010-03-29 14:06:00,1,Inactive >90 Days
12497,Germany,Minimum,3,82,3,5996.5,1998.8333333333333,5671,2010-03-05 09:39:00,2011-09-19 12:29:00,564,Recently Active
12498,Germany,Prospective,0,22,3,349.70000000000005,116.56666666666668,156,2011-10-13 09:30:00,2011-11-18 12:53:00,37,Recently Active
12499,Germany,General,1,561,1,357.72,357.72,300,2010-05-28 15:12:00,2010-05-28 15:12:00,1,Inactive >90 Days
12500,Germany,Main,2,24,18,5559.21,308.845,3355,2010-02-04 15:05:00,2011-11-16 16:20:00,651,Recently Active
12501,Germany,Minimum,3,337,1,2025.39,2025.39,1775,2011-01-07 12:28:00,2011-01-07 12:28:00,1,Inactive >90 Days
12502,Spain,Minimum,3,96,5,2995.87,599.174,794,2011-02-03 10:41:00,2011-09-05 11:52:00,215,Inactive >90 Days
12503,Spain,General,1,585,1,896.0,896.0,560,2010-05-04 13:59:00,2010-05-04 13:59:00,1,Inactive >90 Days
12504,Germany,Prospective,0,19,4,689.05,172.2625,453,2010-04-22 10:24:00,2011-11-21 16:02:00,579,Recently Active
12505,Italy,General,1,409,1,787.2,787.2,318,2010-10-27 09:18:00,2010-10-27 09:18:00,1,Inactive >90 Days
12506,France,General,1,233,1,73.5,73.5,23,2011-04-21 08:54:00,2011-04-21 08:54:00,1,Inactive >90 Days
12507,Spain,Minimum,3,135,4,1508.06,377.015,1244,2010-05-04 09:23:00,2011-07-28 17:09:00,451,Inactive >90 Days
12508,France,Prospective,0,27,2,397.88,198.94,271,2011-11-10 16:27:00,2011-11-13 15:37:00,4,Recently Active
12509,France,General,1,285,1,158.5,158.5,54,2011-02-28 14:45:00,2011-02-28 14:45:00,1,Inactive >90 Days
12510,Spain,Minimum,3,143,7,3039.03,434.1471428571429,2021,2009-12-04 13:47:00,2011-07-20 10:15:00,594,Inactive >90 Days
12511,Greece,Minimum,3,429,1,3084.02,3084.02,1753,2010-10-07 10:39:00,2010-10-07 10:39:00,1,Inactive >90 Days
12512,Israel,Prospective,0,67,2,132.18,66.09,96,2011-10-04 14:53:00,2011-10-04 14:55:00,1,Recently Active
12513,France,General,1,113,1,558.29,558.29,459,2011-08-19 10:51:00,2011-08-19 10:51:00,1,Inactive >90 Days
12514,Italy,Minimum,3,268,2,1597.76,798.88,840,2010-03-08 12:18:00,2011-03-17 16:38:00,375,Inactive >90 Days
12515,Italy,General,1,354,1,278.7,278.7,128,2010-12-21 15:43:00,2010-12-21 15:43:00,1,Inactive >90 Days
12516,Germany,Minimum,3,78,4,2288.62,572.155,1932,2010-04-19 14:14:00,2011-09-23 09:13:00,523,Recently Active
12517,Germany,Potential,4,29,4,2301.6,575.4,1351,2011-06-02 15:13:00,2011-11-11 13:57:00,163,Recently Active
12518,Germany,Potential,4,1,5,1840.89,368.178,1306,2011-08-21 13:18:00,2011-12-09 10:13:00,111,Recently Active
12519,Germany,Prospective,0,64,2,626.54,313.27,382,2010-08-20 08:21:00,2011-10-07 09:26:00,414,Recently Active
12520,Germany,Potential,4,80,5,2346.26,469.25200000000007,1423,2011-03-11 11:35:00,2011-09-21 15:23:00,195,Recently Active
12521,Germany,General,1,143,1,545.68,545.68,306,2011-07-20 10:51:00,2011-07-20 10:51:00,1,Inactive >90 Days
12522,Germany,Prospective,0,40,2,156.72,78.36,192,2011-10-19 14:41:00,2011-10-31 15:30:00,13,Recently Active
12523,France,Main,2,20,23,4010.35,174.36304347826086,2244,2009-12-07 13:46:00,2011-11-20 12:55:00,714,Recently Active
12524,Germany,Main,2,10,17,9794.11,576.1241176470588,7104,2010-02-08 14:41:00,2011-11-30 15:31:00,661,Recently Active
12525,France,Minimum,3,499,3,883.73,294.57666666666665,504,2010-03-02 14:01:00,2010-07-29 16:08:00,150,Inactive >90 Days
12526,Germany,Prospective,0,1,3,1172.66,390.8866666666667,624,2011-09-06 14:19:00,2011-12-09 12:09:00,95,Recently Active
12527,Germany,Minimum,3,82,5,717.51,143.502,525,2010-06-28 15:37:00,2011-09-19 11:55:00,449,Recently Active
12528,Germany,Potential,4,10,6,1645.48,274.24666666666667,740,2011-01-31 09:05:00,2011-11-30 14:40:00,304,Recently Active
12529,France,General,1,529,1,316.48,316.48,192,2010-06-29 13:10:00,2010-06-29 13:10:00,1,Inactive >90 Days
12530,Germany,Potential,4,60,9,3381.26,375.6955555555556,2692,2010-03-07 14:37:00,2011-10-11 12:34:00,584,Recently Active
12531,Germany,Prospective,0,15,2,1771.2,885.6,1110,2010-01-22 14:17:00,2011-11-25 11:12:00,673,Recently Active
12532,France,Prospective,0,31,1,313.83000000000004,313.83000000000004,151,2011-11-09 13:47:00,2011-11-09 13:47:00,1,Recently Active
12533,Germany,Minimum,3,628,2,1223.89,611.945,696,2009-12-01 11:50:00,2010-03-22 10:56:00,112,Inactive >90 Days
12534,Germany,Minimum,3,131,1,981.18,981.18,645,2011-08-01 10:26:00,2011-08-01 10:26:00,1,Inactive >90 Days
12535,France,Prospective,0,92,2,716.35,358.175,219,2011-06-06 12:47:00,2011-09-09 08:48:00,96,Inactive >90 Days
12536,France,Minimum,3,60,1,4279.71,4279.71,2801,2011-10-11 14:52:00,2011-10-11 14:52:00,1,Recently Active
12537,Sweden,General,1,409,1,612.94,612.94,446,2010-10-27 08:36:00,2010-10-27 08:36:00,1,Inactive >90 Days
12538,Spain,Prospective,0,30,2,640.45,320.225,336,2010-11-26 13:02:00,2011-11-10 17:16:00,350,Recently Active
12539,Spain,Potential,4,23,7,11186.75,1598.107142857143,4534,2009-12-23 13:00:00,2011-11-17 13:30:00,695,Recently Active
12540,Spain,Main,2,20,32,19250.49,601.5778125,10911,2009-12-07 16:56:00,2011-11-20 11:31:00,714,Recently Active
12541,Spain,Prospective,0,30,3,841.18,280.3933333333333,675,2011-03-04 09:32:00,2011-11-10 10:40:00,252,Recently Active
12542,Spain,General,1,485,2,481.88,240.94,522,2010-03-09 16:26:00,2010-08-12 19:12:00,157,Inactive >90 Days
12543,Spain,General,1,449,1,840.25,840.25,683,2010-09-17 15:51:00,2010-09-17 15:51:00,1,Inactive >90 Days
12544,Spain,Prospective,0,37,1,316.7,316.7,134,2011-11-03 16:15:00,2011-11-03 16:15:00,1,Recently Active
12545,Spain,Prospective,0,76,2,832.39,416.195,517,2011-03-25 12:04:00,2011-09-25 13:39:00,185,Recently Active
12546,Spain,Prospective,0,47,2,1021.5,510.75,628,2011-09-23 09:44:00,2011-10-24 12:09:00,32,Recently Active
12547,Spain,General,1,198,3,299.58,99.86,306,2010-07-27 13:55:00,2011-05-26 12:38:00,304,Inactive >90 Days
12548,Spain,General,1,167,1,67.19999999999999,67.19999999999999,48,2011-06-26 15:35:00,2011-06-26 15:35:00,1,Inactive >90 Days
12549,USA,Minimum,3,576,5,1570.68,314.136,1365,2010-01-11 12:29:00,2010-05-13 12:05:00,123,Inactive >90 Days
12550,Spain,Prospective,0,80,1,824.83,824.83,564,2011-09-21 14:35:00,2011-09-21 14:35:00,1,Recently Active
12551,Spain,General,1,358,1,168.0,168.0,100,2010-12-17 11:23:00,2010-12-17 11:23:00,1,Inactive >90 Days
12552,Italy,Prospective,0,40,1,317.82,317.82,85,2011-10-31 12:11:00,2011-10-31 12:11:00,1,Recently Active
12553,France,Potential,4,9,12,4104.75,342.0625,2297,2010-10-12 13:35:00,2011-12-01 16:38:00,416,Recently Active
12554,Spain,General,1,449,1,384.5,384.5,237,2010-09-17 12:29:00,2010-09-17 12:29:00,1,Inactive >90 Days
12556,Spain,Prospective,0,51,2,599.56,299.78,355,2011-07-11 13:35:00,2011-10-20 13:06:00,102,Recently Active
12557,Spain,Potential,4,17,8,18096.14,2262.0175,6382,2009-12-17 10:39:00,2011-11-23 16:59:00,707,Recently Active
12558,USA,Prospective,0,8,1,269.96,269.96,196,2011-12-02 10:41:00,2011-12-02 10:41:00,1,Recently Active
12559,Germany,General,1,311,2,525.71,262.855,281,2011-01-24 10:12:00,2011-02-02 09:49:00,10,Inactive >90 Days
12560,Germany,Prospective,0,6,2,1918.01,959.005,1098,2011-07-19 15:55:00,2011-12-04 13:54:00,139,Recently Active
12561,Germany,General,1,303,1,238.85,238.85,177,2011-02-10 11:39:00,2011-02-10 11:39:00,1,Inactive >90 Days
12562,France,Potential,4,9,9,4426.92,491.88,2297,2010-09-30 13:13:00,2011-12-01 17:20:00,428,Recently Active
12563,Italy,General,1,409,1,221.24,221.24,112,2010-10-27 09:52:00,2010-10-27 09:52:00,1,Inactive >90 Days
12564,France,General,1,262,1,402.90000000000003,402.90000000000003,130,2011-03-23 14:55:00,2011-03-23 14:55:00,1,Inactive >90 Days
12565,Saudi Arabia,General,1,289,1,145.92000000000002,145.92000000000002,80,2011-02-24 10:34:00,2011-02-24 10:34:00,1,Inactive >90 Days
12566,Germany,General,1,87,1,297.65,297.65,262,2011-09-14 14:30:00,2011-09-14 14:30:00,1,Recently Active
12567,France,Main,2,23,15,10741.48,716.0986666666666,5251,2010-02-11 10:30:00,2011-11-17 11:02:00,645,Recently Active
12568,Germany,General,1,645,1,52.0,52.0,47,2010-03-05 09:15:00,2010-03-05 09:15:00,1,Inactive >90 Days
12569,Germany,Main,2,3,32,3152.69,98.5215625,1747,2011-04-01 13:47:00,2011-12-07 16:24:00,251,Recently Active
12571,France,Prospective,0,40,2,519.61,259.805,523,2011-08-10 12:35:00,2011-10-31 10:19:00,83,Recently Active
12572,Germany,Prospective,0,9,2,912.4200000000001,456.21000000000004,446,2011-10-19 08:20:00,2011-12-01 09:20:00,44,Recently Active
12573,France,Minimum,3,228,5,717.41,143.482,479,2010-08-31 17:25:00,2011-04-26 15:52:00,239,Inactive >90 Days
12574,France,General,1,316,1,182.45000000000002,182.45000000000002,59,2011-01-28 09:20:00,2011-01-28 09:20:00,1,Inactive >90 Days
12575,France,General,1,458,2,568.82,284.41,312,2010-07-01 09:15:00,2010-09-08 13:09:00,70,Inactive >90 Days
12576,Poland,Potential,4,36,8,2062.7200000000003,257.84000000000003,1492,2010-07-01 13:46:00,2011-11-04 10:11:00,492,Recently Active
12577,France,Potential,4,36,8,1613.15,201.64375,1190,2009-12-03 19:31:00,2011-11-04 13:24:00,702,Recently Active
12578,Italy,Potential,4,22,4,4026.4500000000003,1006.6125000000001,2358,2010-09-22 11:19:00,2011-11-18 13:30:00,423,Recently Active
12579,France,Prospective,0,79,1,386.42,386.42,282,2011-09-22 17:15:00,2011-09-22 17:15:00,1,Recently Active
12580,Germany,Minimum,3,247,2,962.9,481.45,564,2010-05-12 11:45:00,2011-04-07 10:24:00,331,Inactive >90 Days
12581,Germany,Prospective,0,40,1,179.71,179.71,160,2011-10-31 08:56:00,2011-10-31 08:56:00,1,Recently Active
12582,Finland,Minimum,3,239,4,1820.4,455.1,981,2010-05-11 09:55:00,2011-04-15 08:45:00,340,Inactive >90 Days
12583,France,Main,2,3,27,12493.58,462.7251851851852,8474,2009-12-06 11:57:00,2011-12-07 08:07:00,732,Recently Active
12584,Italy,Potential,4,4,9,2254.15,250.4611111111111,413,2011-03-04 15:15:00,2011-12-06 09:35:00,278,Recently Active
12585,Germany,Minimum,3,235,2,1824.1,912.05,1267,2010-12-23 12:58:00,2011-04-19 13:39:00,118,Inactive >90 Days
12586,Italy,Potential,4,18,4,2062.67,515.6675,687,2009-12-16 13:15:00,2011-11-22 16:24:00,707,Recently Active
12587,Finland,Prospective,0,8,1,104.0,104.0,50,2011-12-02 12:47:00,2011-12-02 12:47:00,1,Recently Active
12588,Finland,Prospective,0,40,3,718.78,239.59333333333333,432,2010-04-21 12:22:00,2011-10-31 15:01:00,559,Recently Active
12589,France,Potential,4,29,6,3294.91,549.1516666666666,1741,2010-01-19 12:26:00,2011-11-11 10:19:00,662,Recently Active
12590,Germany,Minimum,3,212,1,9341.26,9341.26,4282,2011-05-12 14:46:00,2011-05-12 14:46:00,1,Inactive >90 Days
12591,Italy,Minimum,3,318,3,1114.95,371.65000000000003,645,2010-10-27 10:42:00,2011-01-26 14:35:00,92,Inactive >90 Days
12592,Germany,Minimum,3,93,4,1723.64,430.91,1866,2010-07-08 14:06:00,2011-09-08 15:04:00,428,Inactive >90 Days
12593,France,Prospective,0,109,3,382.1,127.36666666666667,204,2011-05-05 09:29:00,2011-08-23 12:43:00,111,Inactive >90 Days
12594,Italy,Potential,4,38,14,4890.110000000001,349.29357142857145,2761,2010-03-03 13:51:00,2011-11-02 12:20:00,610,Recently Active
12595,Germany,General,1,505,1,281.02,281.02,270,2010-07-23 09:10:00,2010-07-23 09:10:00,1,Inactive >90 Days
12596,Spain,Prospective,0,52,2,450.27,225.135,468,2011-04-11 13:22:00,2011-10-19 13:02:00,192,Recently Active
12597,Spain,Potential,4,20,4,3195.22,798.805,2214,2011-03-16 14:00:00,2011-11-20 13:33:00,250,Recently Active
12598,France,Potential,4,10,10,4192.09,419.209,2887,2010-03-01 09:58:00,2011-11-30 12:18:00,640,Recently Active
12599,France,Potential,4,30,13,2026.72,155.90153846153845,2174,2010-05-11 10:42:00,2011-11-10 13:34:00,549,Recently Active
12600,Germany,Main,2,29,20,4385.85,219.29250000000002,1349,2009-12-07 13:37:00,2011-11-11 10:29:00,705,Recently Active
12601,Germany,Minimum,3,190,6,573.26,95.54333333333334,284,2010-10-31 10:57:00,2011-06-03 10:17:00,216,Inactive >90 Days
12602,France,Prospective,0,59,1,153.12,153.12,162,2011-10-12 11:22:00,2011-10-12 11:22:00,1,Recently Active
12603,Germany,Prospective,0,22,1,613.1999999999999,613.1999999999999,56,2011-11-18 10:42:00,2011-11-18 10:42:00,1,Recently Active
12604,France,Prospective,0,80,2,236.18,118.09,200,2011-03-23 12:06:00,2011-09-21 14:08:00,183,Recently Active
12605,Germany,Minimum,3,377,3,1124.95,374.98333333333335,921,2010-09-07 14:21:00,2010-11-28 14:18:00,83,Inactive >90 Days
12607,USA,Prospective,0,61,1,1579.51,1579.51,1228,2011-10-10 16:06:00,2011-10-10 16:06:00,1,Recently Active
12608,United Kingdom,General,1,405,1,415.79,415.79,323,2010-10-31 10:49:00,2010-10-31 10:49:00,1,Inactive >90 Days
12609,Germany,Potential,4,79,9,3021.86,335.76222222222225,1530,2009-12-20 13:30:00,2011-09-22 16:34:00,642,Recently Active
12610,Italy,Potential,4,23,4,1747.54,436.885,1039,2011-08-05 13:52:00,2011-11-17 09:34:00,105,Recently Active
12611,Italy,Prospective,0,53,1,1193.32,1193.32,846,2011-10-18 13:12:00,2011-10-18 13:12:00,1,Recently Active
12612,Germany,Prospective,0,75,1,668.04,668.04,260,2011-09-26 15:35:00,2011-09-26 15:35:00,1,Recently Active
12613,Germany,Potential,4,58,9,6277.37,697.4855555555555,4127,2009-12-14 13:10:00,2011-10-13 14:59:00,669,Recently Active
12614,Germany,General,1,278,1,315.6,315.6,76,2011-03-07 10:22:00,2011-03-07 10:22:00,1,Inactive >90 Days
12615,France,Potential,4,3,8,5362.9800000000005,670.3725000000001,3296,2010-03-18 14:09:00,2011-12-07 15:02:00,630,Recently Active
12616,France,Minimum,3,96,3,1023.1,341.03333333333336,492,2010-11-16 11:38:00,2011-09-05 15:17:00,294,Inactive >90 Days
12617,France,Prospective,0,30,1,352.98,352.98,210,2011-11-10 14:39:00,2011-11-10 14:39:00,1,Recently Active
12618,Italy,Prospective,0,22,1,137.31,137.31,95,2011-11-18 11:10:00,2011-11-18 11:10:00,1,Recently Active
12619,Germany,Potential,4,17,9,3085.7,342.85555555555555,3500,2010-05-28 12:52:00,2011-11-23 14:52:00,545,Recently Active
12620,France,Prospective,0,15,3,1303.41,434.47,1179,2011-05-19 12:10:00,2011-11-25 10:20:00,191,Recently Active
12621,Germany,Main,2,2,35,22097.2,631.3485714285714,13583,2010-02-09 12:01:00,2011-12-08 11:25:00,668,Recently Active
12622,Germany,General,1,233,1,162.1,162.1,68,2011-04-21 16:39:00,2011-04-21 16:39:00,1,Inactive >90 Days
12623,Germany,Minimum,3,277,7,3315.84,473.6914285714286,1947,2010-01-12 11:45:00,2011-03-08 13:50:00,421,Inactive >90 Days
12624,France,Prospective,0,107,2,569.13,284.565,351,2011-06-15 12:34:00,2011-08-25 15:04:00,72,Inactive >90 Days
12625,Germany,Minimum,3,212,4,4678.88,1169.72,3282,2010-04-22 11:33:00,2011-05-12 09:54:00,386,Inactive >90 Days
12626,Germany,Potential,4,24,9,5954.4800000000005,661.6088888888889,3416,2011-01-17 11:01:00,2011-11-16 16:06:00,304,Recently Active
12627,Germany,Potential,4,11,6,4082.53,680.4216666666667,2730,2011-07-22 13:59:00,2011-11-29 12:07:00,131,Recently Active
12628,Germany,Prospective,0,5,3,732.46,244.15333333333334,445,2011-10-06 09:28:00,2011-12-05 13:15:00,61,Recently Active
12629,Sweden,Minimum,3,386,2,1198.22,599.11,713,2010-10-12 16:40:00,2010-11-19 09:18:00,39,Inactive >90 Days
12630,Finland,Prospective,0,10,2,1030.88,515.44,542,2011-10-27 10:41:00,2011-11-30 10:48:00,35,Recently Active
12631,Finland,Potential,4,58,6,3321.57,553.595,1603,2010-01-15 14:50:00,2011-10-13 13:53:00,637,Recently Active
12632,Germany,Minimum,3,521,2,714.88,357.44,689,2010-05-24 09:07:00,2010-07-07 09:39:00,45,Inactive >90 Days
12633,Germany,Potential,4,59,7,5156.16,736.5942857142857,3209,2010-07-02 11:44:00,2011-10-12 11:40:00,468,Recently Active
12634,USA,General,1,549,1,360.0,360.0,336,2010-06-09 15:41:00,2010-06-09 15:41:00,1,Inactive >90 Days
12635,Germany,Minimum,3,90,4,2624.41,656.1025,1932,2010-09-09 10:50:00,2011-09-11 11:04:00,368,Recently Active
12637,France,Potential,4,68,12,8085.81,673.8175,4246,2010-06-14 13:36:00,2011-10-03 13:46:00,477,Recently Active
12638,Sweden,Prospective,0,34,2,681.49,340.745,657,2010-03-10 10:30:00,2011-11-06 13:11:00,607,Recently Active
12639,Sweden,Minimum,3,239,3,1072.3700000000001,357.4566666666667,625,2010-03-22 09:05:00,2011-04-15 12:48:00,390,Inactive >90 Days
12640,France,Prospective,0,24,3,994.58,331.5266666666667,301,2011-09-19 12:01:00,2011-11-16 11:52:00,59,Recently Active
12641,Sweden,General,1,116,1,145.9,145.9,71,2011-08-16 13:26:00,2011-08-16 13:26:00,1,Inactive >90 Days
12642,Germany,Prospective,0,26,3,905.26,301.75333333333333,546,2011-08-24 09:23:00,2011-11-14 15:03:00,83,Recently Active
12643,France,Potential,4,129,11,7803.82,709.4381818181818,4642,2010-04-07 14:16:00,2011-08-03 12:56:00,484,Inactive >90 Days
12644,Germany,Minimum,3,130,4,1900.49,475.1225,1031,2010-01-14 13:02:00,2011-08-02 10:33:00,566,Inactive >90 Days
12645,Germany,Potential,4,34,8,3215.3,401.9125,2107,2010-02-09 10:49:00,2011-11-06 12:38:00,636,Recently Active
12646,USA,Prospective,0,5,2,1346.97,673.485,897,2011-10-21 12:52:00,2011-12-05 10:14:00,46,Recently Active
12647,Germany,Main,2,23,35,14109.55,403.13,6490,2010-01-13 15:06:00,2011-11-17 12:56:00,674,Recently Active
12648,Germany,Minimum,3,155,4,1039.0,259.75,513,2010-01-07 18:38:00,2011-07-08 11:55:00,548,Inactive >90 Days
12649,Germany,Potential,4,108,8,2096.65,262.08125,1948,2010-01-12 17:24:00,2011-08-24 14:41:00,590,Inactive >90 Days
12650,France,Prospective,0,4,1,242.44,242.44,250,2011-12-06 16:34:00,2011-12-06 16:34:00,1,Recently Active
12651,France,Minimum,3,335,4,377.75,94.4375,265,2010-08-31 15:21:00,2011-01-09 12:46:00,132,Inactive >90 Days
12652,France,Minimum,3,332,2,891.0300000000001,445.51500000000004,529,2010-10-01 15:16:00,2011-01-12 15:00:00,104,Inactive >90 Days
12653,Israel,Minimum,3,149,3,4160.83,1386.9433333333334,1681,2010-07-01 09:56:00,2011-07-14 10:41:00,379,Inactive >90 Days
12654,Germany,Prospective,0,11,5,529.98,105.99600000000001,260,2011-02-17 13:16:00,2011-11-29 10:10:00,286,Recently Active
12655,France,General,1,424,1,243.35000000000002,243.35000000000002,79,2010-10-12 09:17:00,2010-10-12 09:17:00,1,Inactive >90 Days
12656,France,Potential,4,18,8,5723.83,715.47875,2822,2010-05-26 09:00:00,2011-11-22 13:42:00,546,Recently Active
12657,France,Potential,4,12,4,1427.18,356.795,1032,2011-09-22 11:40:00,2011-11-28 15:47:00,68,Recently Active
12658,Germany,Prospective,0,19,1,632.05,632.05,317,2011-11-21 10:22:00,2011-11-21 10:22:00,1,Recently Active
12659,France,Prospective,0,30,1,73.67999999999999,73.67999999999999,104,2011-11-10 11:53:00,2011-11-10 11:53:00,1,Recently Active
12660,France,Prospective,0,12,1,227.10000000000002,227.10000000000002,126,2011-11-28 13:26:00,2011-11-28 13:26:00,1,Recently Active
12661,Sweden,General,1,437,1,162.0,162.0,216,2010-09-29 16:46:00,2010-09-29 16:46:00,1,Inactive >90 Days
12662,Germany,Main,2,1,20,6130.54,306.527,3389,2010-04-01 09:50:00,2011-12-09 11:59:00,618,Recently Active
12663,Germany,General,1,625,2,185.4,92.7,178,2010-02-09 14:28:00,2010-03-25 09:40:00,45,Inactive >90 Days
12664,Finland,Potential,4,9,11,5420.04,492.7309090909091,1476,2009-12-13 10:28:00,2011-12-01 17:07:00,719,Recently Active
12665,Germany,General,1,325,3,259.6,86.53333333333335,162,2010-02-08 15:11:00,2011-01-19 08:34:00,346,Inactive >90 Days
12666,Israel,Minimum,3,395,1,1248.42,1248.42,370,2010-11-10 16:40:00,2010-11-10 16:40:00,1,Inactive >90 Days
12667,Finland,Prospective,0,59,1,460.13,460.13,391,2011-10-12 17:00:00,2011-10-12 17:00:00,1,Recently Active
12668,Germany,Potential,4,12,9,9906.03,1100.67,4974,2010-01-31 15:45:00,2011-11-28 10:56:00,667,Recently Active
12669,France,Minimum,3,151,2,1427.73,713.865,1104,2011-03-28 10:15:00,2011-07-12 09:54:00,107,Inactive >90 Days
12670,France,Potential,4,11,7,3436.29,490.8985714285714,1609,2010-02-11 10:13:00,2011-11-29 15:23:00,657,Recently Active
12671,Germany,Minimum,3,607,1,2622.48,2622.48,1459,2010-04-12 16:30:00,2010-04-12 16:30:00,1,Inactive >90 Days
12672,France,General,1,330,2,407.05,203.525,136,2010-04-23 09:57:00,2011-01-14 09:20:00,267,Inactive >90 Days
12673,Germany,Prospective,0,6,3,1140.02,380.00666666666666,695,2010-11-03 10:46:00,2011-12-04 13:55:00,397,Recently Active
12674,France,Potential,4,39,4,1844.6,461.15,1126,2011-05-16 09:10:00,2011-11-01 12:12:00,170,Recently Active
12675,Italy,Minimum,3,554,2,873.25,436.625,333,2010-05-10 16:44:00,2010-06-04 09:49:00,26,Inactive >90 Days
12676,Sweden,Potential,4,25,10,2333.09,233.30900000000003,1854,2010-08-13 13:29:00,2011-11-15 12:25:00,460,Recently Active
12677,France,General,1,556,2,359.1,179.55,174,2010-02-11 13:55:00,2010-06-02 14:30:00,112,Inactive >90 Days
12678,France,Main,2,43,15,32595.18,2173.012,22346,2010-01-07 16:46:00,2011-10-28 13:04:00,660,Recently Active
12679,France,Prospective,0,59,4,951.02,237.755,545,2011-03-01 12:26:00,2011-10-12 12:30:00,226,Recently Active
12680,France,Prospective,0,1,4,790.81,197.7025,439,2011-08-18 15:44:00,2011-12-09 12:50:00,114,Recently Active
12681,France,Main,2,15,44,26936.760000000002,612.199090909091,16848,2009-12-13 13:31:00,2011-11-25 11:33:00,713,Recently Active
12682,France,Main,2,4,51,20736.22,406.5925490196079,10399,2009-12-01 09:28:00,2011-12-06 10:00:00,736,Recently Active
12683,France,Main,2,5,20,10445.7,522.2850000000001,6948,2009-12-13 15:01:00,2011-12-05 16:28:00,723,Recently Active
12684,France,Potential,4,8,6,2073.63,345.605,1973,2011-05-10 12:55:00,2011-12-02 09:53:00,207,Recently Active
12685,France,Potential,4,29,6,2575.08,429.18,1507,2011-09-07 10:28:00,2011-11-11 13:46:00,66,Recently Active
12686,France,General,1,372,1,71.14,71.14,106,2010-12-03 09:51:00,2010-12-03 09:51:00,1,Inactive >90 Days
12687,Sweden,Minimum,3,481,1,1858.91,1858.91,1402,2010-08-16 12:12:00,2010-08-16 12:12:00,1,Inactive >90 Days
12688,Israel,Minimum,3,114,1,4873.81,4873.81,3028,2011-08-18 08:49:00,2011-08-18 08:49:00,1,Inactive >90 Days
12689,France,Prospective,0,26,2,1139.6100000000001,569.8050000000001,622,2011-08-04 10:04:00,2011-11-14 08:31:00,103,Recently Active
12690,France,General,1,206,1,335.01,335.01,103,2011-05-18 09:09:00,2011-05-18 09:09:00,1,Inactive >90 Days
12691,France,Potential,4,29,6,1044.4,174.0666666666667,438,2010-10-15 12:00:00,2011-11-11 16:49:00,393,Recently Active
12692,France,General,1,638,1,110.95,110.95,36,2010-03-12 14:02:00,2010-03-12 14:02:00,1,Inactive >90 Days
12693,Germany,Minimum,3,128,7,1415.02,202.1457142857143,520,2010-07-05 13:56:00,2011-08-04 17:51:00,396,Inactive >90 Days
12694,France,Minimum,3,71,3,1663.35,554.4499999999999,1345,2010-10-14 19:39:00,2011-09-30 13:06:00,352,Recently Active
12695,France,Potential,4,8,7,1371.1200000000001,195.87428571428572,452,2010-02-12 13:22:00,2011-12-02 13:22:00,659,Recently Active
12696,Finland,Minimum,3,435,2,731.91,365.955,561,2010-07-19 10:02:00,2010-10-01 10:43:00,75,Inactive >90 Days
12697,Sweden,Prospective,0,29,3,757.59,252.53,503,2011-06-23 15:44:00,2011-11-11 08:47:00,142,Recently Active
12698,Germany,General,1,591,1,285.75,285.75,108,2010-04-28 15:51:00,2010-04-28 15:51:00,1,Inactive >90 Days
12699,Germany,General,1,418,1,566.11,566.11,369,2010-10-18 12:07:00,2010-10-18 12:07:00,1,Inactive >90 Days
12700,France,Potential,4,8,4,4525.99,1131.4975,2944,2011-05-08 16:10:00,2011-12-02 10:47:00,209,Recently Active
12701,Germany,Potential,4,80,6,2248.41,374.73499999999996,1716,2010-03-16 13:23:00,2011-09-21 10:47:00,555,Recently Active
12702,Germany,Prospective,0,20,1,201.0,201.0,52,2011-11-20 10:36:00,2011-11-20 10:36:00,1,Recently Active
12703,Germany,Minimum,3,72,4,898.53,224.6325,589,2010-01-24 12:05:00,2011-09-29 17:52:00,614,Recently Active
12704,Finland,Potential,4,8,8,1740.84,217.605,991,2011-06-23 10:20:00,2011-12-02 13:15:00,163,Recently Active
12705,Germany,Main,2,16,13,11114.1,854.9307692307692,7152,2010-06-24 09:51:00,2011-11-24 13:17:00,519,Recently Active
12707,France,General,1,292,1,603.42,603.42,256,2011-02-21 08:38:00,2011-02-21 08:38:00,1,Inactive >90 Days
12708,Germany,Potential,4,30,18,4559.66,253.31444444444443,2401,2009-12-18 10:25:00,2011-11-10 09:52:00,693,Recently Active
12709,Germany,Main,2,16,32,29487.18,921.474375,13742,2009-12-09 13:49:00,2011-11-24 15:38:00,716,Recently Active
12710,Germany,Minimum,3,97,3,1023.02,341.00666666666666,844,2011-05-22 14:05:00,2011-09-04 12:00:00,106,Inactive >90 Days
12711,Germany,Minimum,3,612,2,1213.05,606.525,763,2010-02-01 11:30:00,2010-04-07 11:59:00,66,Inactive >90 Days
12712,Germany,Main,2,29,21,5985.03,285.00142857142856,2164,2009-12-09 10:46:00,2011-11-11 08:19:00,703,Recently Active
12713,Germany,Prospective,0,1,1,794.55,794.55,505,2011-12-09 12:16:00,2011-12-09 12:16:00,1,Recently Active
12714,France,Main,2,10,12,12815.710000000001,1067.9758333333334,8703,2009-12-04 10:00:00,2011-11-30 15:43:00,727,Recently Active
12715,Sweden,General,1,107,1,263.36,263.36,190,2011-08-25 15:22:00,2011-08-25 15:22:00,1,Inactive >90 Days
12716,France,Prospective,0,4,2,963.49,481.745,703,2011-07-29 13:28:00,2011-12-06 08:55:00,131,Recently Active
12717,Greece,Minimum,3,152,3,1058.91,352.97,595,2010-04-28 14:34:00,2011-07-11 14:47:00,440,Inactive >90 Days
12718,France,Prospective,0,72,1,202.25,202.25,201,2011-09-29 16:38:00,2011-09-29 16:38:00,1,Recently Active
12719,France,Prospective,0,6,2,572.95,286.475,370,2011-10-05 14:50:00,2011-12-04 13:45:00,61,Recently Active
12720,Germany,Main,2,3,29,6905.28,238.11310344827587,5969,2010-07-21 09:46:00,2011-12-07 08:03:00,505,Recently Active
12721,France,Potential,4,32,8,3635.08,454.385,2634,2010-08-25 11:07:00,2011-11-08 12:13:00,441,Recently Active
12722,France,Minimum,3,86,4,979.63,244.9075,565,2011-07-12 11:55:00,2011-09-15 14:50:00,66,Recently Active
12723,France,Prospective,0,4,5,707.07,141.41400000000002,433,2011-10-05 15:52:00,2011-12-06 10:19:00,63,Recently Active
12724,France,Potential,4,6,7,2083.52,297.6457142857143,1366,2010-06-22 14:00:00,2011-12-04 16:02:00,531,Recently Active
12725,Italy,Minimum,3,372,3,1906.76,635.5866666666667,1136,2010-05-04 13:59:00,2010-12-03 15:45:00,214,Inactive >90 Days
12726,France,Potential,4,29,11,3690.6,335.5090909090909,4600,2010-03-25 16:25:00,2011-11-11 13:35:00,597,Recently Active
12727,France,Potential,4,11,10,4905.53,490.553,2789,2010-02-23 09:54:00,2011-11-29 11:46:00,645,Recently Active
12728,France,Minimum,3,72,5,926.17,185.23399999999998,535,2010-11-21 11:34:00,2011-09-29 15:31:00,313,Recently Active
12729,France,General,1,114,1,417.01,417.01,231,2011-08-18 11:40:00,2011-08-18 11:40:00,1,Inactive >90 Days
12730,Germany,General,1,522,1,703.25,703.25,227,2010-07-06 12:19:00,2010-07-06 12:19:00,1,Inactive >90 Days
12731,France,Main,2,24,17,25631.71,1507.7476470588235,11633,2010-03-02 09:23:00,2011-11-16 11:59:00,625,Recently Active
12732,France,General,1,180,1,218.26000000000002,218.26000000000002,110,2011-06-13 11:33:00,2011-06-13 11:33:00,1,Inactive >90 Days
12733,USA,Minimum,3,235,4,2424.02,606.005,895,2010-01-19 13:23:00,2011-04-19 16:19:00,456,Inactive >90 Days
12734,France,Minimum,3,353,3,603.65,201.21666666666667,263,2010-11-12 13:26:00,2010-12-22 12:47:00,41,Inactive >90 Days
12735,France,Minimum,3,316,2,689.5699999999999,344.78499999999997,363,2011-01-06 14:26:00,2011-01-28 13:37:00,23,Inactive >90 Days
12736,France,General,1,333,1,144.0,144.0,168,2011-01-11 07:57:00,2011-01-11 07:57:00,1,Inactive >90 Days
12738,Germany,General,1,373,1,137.35,137.35,147,2010-12-02 18:27:00,2010-12-02 18:27:00,1,Inactive >90 Days
12739,United Arab Emirates,Minimum,3,100,2,2421.23,1210.615,948,2010-11-10 14:27:00,2011-09-01 17:45:00,296,Inactive >90 Days
12740,France,Prospective,0,64,1,427.6,427.6,342,2011-10-07 10:44:00,2011-10-07 10:44:00,1,Recently Active
12741,USA,General,1,534,1,236.07,236.07,213,2010-06-24 16:24:00,2010-06-24 16:24:00,1,Inactive >90 Days
12742,United Arab Emirates,Minimum,3,626,1,1201.52,1201.52,1359,2010-03-24 12:43:00,2010-03-24 12:43:00,1,Inactive >90 Days
12743,Unspecified,Minimum,3,135,2,540.13,270.065,315,2011-07-28 16:06:00,2011-07-28 16:21:00,1,Inactive >90 Days
12744,Singapore,Potential,4,57,8,13158.16,1644.77,6987,2010-04-27 16:19:00,2011-10-14 14:54:00,536,Recently Active
12745,United Kingdom,Minimum,3,487,2,723.85,361.925,467,2010-05-14 16:50:00,2010-08-10 10:14:00,89,Inactive >90 Days
12746,United Kingdom,General,1,541,1,254.55,254.55,97,2010-06-17 10:41:00,2010-06-17 10:41:00,1,Inactive >90 Days
12747,United Kingdom,Main,2,3,26,8898.48,342.24923076923073,2640,2009-12-07 13:23:00,2011-12-07 14:34:00,731,Recently Active
12748,United Kingdom,Main,2,1,322,49176.74,152.72279503105588,36853,2009-12-04 17:31:00,2011-12-09 12:20:00,736,Recently Active
12749,United Kingdom,Potential,4,4,9,6847.36,760.8177777777778,2359,2010-07-06 15:05:00,2011-12-06 09:56:00,519,Recently Active
12750,Poland,General,1,129,1,275.88,275.88,137,2011-08-03 09:13:00,2011-08-03 09:13:00,1,Inactive >90 Days
12751,Brazil,General,1,445,1,268.27,268.27,189,2010-09-21 12:49:00,2010-09-21 12:49:00,1,Inactive >90 Days
12752,Norway,Minimum,3,82,1,4366.78,4366.78,2262,2011-09-19 13:32:00,2011-09-19 13:32:00,1,Recently Active
12753,Japan,Potential,4,23,6,21429.39,3571.565,11421,2010-12-12 11:44:00,2011-11-17 10:52:00,341,Recently Active
12754,Japan,Minimum,3,236,3,3010.74,1003.5799999999999,6481,2011-02-04 10:31:00,2011-04-18 09:00:00,74,Inactive >90 Days
12755,Japan,Minimum,3,281,11,5236.26,476.0236363636364,2293,2010-01-15 11:57:00,2011-03-04 12:42:00,414,Inactive >90 Days
12756,Japan,General,1,87,1,112.08,112.08,144,2011-09-14 09:31:00,2011-09-14 09:31:00,1,Recently Active
12757,Portugal,Potential,4,16,9,4176.75,464.0833333333333,2387,2011-05-12 19:01:00,2011-11-24 12:30:00,197,Recently Active
12758,Portugal,Potential,4,117,7,9903.24,1414.7485714285715,6155,2009-12-01 14:40:00,2011-08-15 10:22:00,623,Inactive >90 Days
12759,Netherlands,Potential,4,53,8,4618.74,577.3425,3177,2009-12-04 10:47:00,2011-10-18 14:49:00,684,Recently Active
12760,Netherlands,General,1,456,1,317.8,317.8,196,2010-09-10 08:50:00,2010-09-10 08:50:00,1,Inactive >90 Days
12761,Netherlands,General,1,465,1,712.95,712.95,277,2010-09-01 10:47:00,2010-09-01 10:47:00,1,Inactive >90 Days
12762,Portugal,Prospective,0,8,2,1702.52,851.26,1220,2011-11-14 14:23:00,2011-12-02 10:23:00,19,Recently Active
12763,Japan,Minimum,3,139,2,494.08,247.04,316,2010-12-05 15:46:00,2011-07-24 14:12:00,232,Inactive >90 Days
12764,Lebanon,Minimum,3,317,1,1693.88,1693.88,386,2011-01-27 10:19:00,2011-01-27 10:19:00,1,Inactive >90 Days
12765,Netherlands,Minimum,3,473,6,1299.58,216.59666666666666,1002,2010-03-08 09:43:00,2010-08-24 13:51:00,170,Inactive >90 Days
12766,Portugal,Main,2,4,9,8134.99,903.8877777777777,4994,2010-10-28 09:29:00,2011-12-06 08:46:00,405,Recently Active
12767,Korea,General,1,376,1,949.82,949.82,598,2010-11-29 09:38:00,2010-11-29 09:38:00,1,Inactive >90 Days
12768,Korea,General,1,451,1,168.69,168.69,102,2010-09-15 12:08:00,2010-09-15 12:08:00,1,Inactive >90 Days
12769,Brazil,Minimum,3,239,1,1143.6,1143.6,356,2011-04-15 10:25:00,2011-04-15 10:25:00,1,Inactive >90 Days
12770,Japan,Minimum,3,211,2,3246.45,1623.225,1843,2010-09-09 11:43:00,2011-05-13 09:33:00,247,Inactive >90 Days
12771,Portugal,General,1,486,1,226.29999999999998,226.29999999999998,102,2010-08-11 11:51:00,2010-08-11 11:51:00,1,Inactive >90 Days
12772,Portugal,Prospective,0,60,1,752.47,752.47,551,2011-10-11 09:19:00,2011-10-11 09:19:00,1,Recently Active
12773,Portugal,General,1,565,1,124.25,124.25,109,2010-05-24 17:30:00,2010-05-24 17:30:00,1,Inactive >90 Days
12774,Netherlands,General,1,536,1,83.7,83.7,52,2010-06-22 10:38:00,2010-06-22 10:38:00,1,Inactive >90 Days
12775,Netherlands,Potential,4,18,7,1551.1200000000001,221.58857142857144,1074,2010-10-26 14:24:00,2011-11-22 16:33:00,393,Recently Active
12776,Portugal,General,1,668,1,27.5,27.5,45,2010-02-10 12:11:00,2010-02-10 12:11:00,1,Inactive >90 Days
12777,United Kingdom,General,1,458,1,519.45,519.45,458,2010-09-08 11:35:00,2010-09-08 11:35:00,1,Inactive >90 Days
12778,Netherlands,Potential,4,20,9,1541.68,171.29777777777778,1720,2010-04-16 09:57:00,2011-11-20 11:30:00,584,Recently Active
12779,Poland,Potential,4,38,14,6474.11,462.43642857142856,3501,2009-12-03 07:25:00,2011-11-02 11:43:00,700,Recently Active
12780,Netherlands,General,1,599,1,322.4,322.4,284,2010-04-20 09:40:00,2010-04-20 09:40:00,1,Inactive >90 Days
12781,Czech Republic,Prospective,0,64,2,786.74,393.37,670,2011-02-28 08:43:00,2011-10-07 10:37:00,222,Recently Active
12782,Portugal,Potential,4,5,11,3862.2400000000002,351.1127272727273,1990,2010-07-08 13:31:00,2011-12-05 09:16:00,516,Recently Active
12783,Portugal,Prospective,0,3,4,1295.8700000000001,323.96750000000003,611,2011-09-25 15:35:00,2011-12-07 15:56:00,74,Recently Active
12784,Portugal,Prospective,0,16,2,1511.15,755.575,853,2010-06-28 13:06:00,2011-11-24 12:53:00,515,Recently Active
12785,Portugal,Minimum,3,365,3,904.4,301.46666666666664,446,2009-12-08 13:56:00,2010-12-10 13:48:00,368,Inactive >90 Days
12786,Netherlands,General,1,610,1,668.5000000000001,668.5000000000001,320,2010-04-09 12:12:00,2010-04-09 12:12:00,1,Inactive >90 Days
12787,Netherlands,Prospective,0,10,4,799.1800000000001,199.79500000000002,506,2010-10-22 14:57:00,2011-11-30 08:44:00,405,Recently Active
12788,Netherlands,Minimum,3,464,4,384.90000000000003,96.22500000000001,190,2010-06-29 13:05:00,2010-09-02 14:21:00,66,Inactive >90 Days
12789,Netherlands,Prospective,0,66,3,225.35,75.11666666666666,33,2010-01-15 12:06:00,2011-10-05 13:34:00,629,Recently Active
12790,Netherlands,Minimum,3,193,2,546.85,273.425,303,2010-10-25 13:04:00,2011-05-31 14:14:00,219,Inactive >90 Days
12791,Netherlands,Minimum,3,374,5,656.83,131.366,347,2010-03-25 17:29:00,2010-12-01 11:27:00,252,Inactive >90 Days
12792,Portugal,Minimum,3,257,2,715.01,357.505,390,2010-06-23 10:49:00,2011-03-28 11:36:00,279,Inactive >90 Days
12793,Portugal,Minimum,3,335,3,745.53,248.51,456,2010-11-03 13:05:00,2011-01-09 12:12:00,68,Inactive >90 Days
12794,Portugal,Prospective,0,54,2,860.41,430.205,592,2011-09-02 12:01:00,2011-10-17 14:54:00,46,Recently Active
12795,Portugal,Prospective,0,19,1,318.48,318.48,64,2011-11-21 10:27:00,2011-11-21 10:27:00,1,Recently Active
12796,Netherlands,General,1,629,1,351.0,351.0,180,2010-03-21 15:49:00,2010-03-21 15:49:00,1,Inactive >90 Days
12797,Portugal,General,1,366,2,468.08000000000004,234.04000000000002,212,2010-10-11 12:53:00,2010-12-09 10:55:00,60,Inactive >90 Days
12798,Japan,Potential,4,11,4,8510.93,2127.7325,8455,2010-10-14 12:27:00,2011-11-29 15:52:00,412,Recently Active
12799,Japan,General,1,530,1,219.35,219.35,137,2010-06-28 15:57:00,2010-06-28 15:57:00,1,Inactive >90 Days
12800,Portugal,General,1,471,2,500.25,250.125,281,2010-02-01 11:02:00,2010-08-26 14:11:00,207,Inactive >90 Days
12801,Sweden,General,1,501,1,871.82,871.82,500,2010-07-27 09:38:00,2010-07-27 09:38:00,1,Inactive >90 Days
12802,Netherlands,Minimum,3,187,5,2186.42,437.284,1956,2010-05-25 09:34:00,2011-06-06 09:36:00,378,Inactive >90 Days
12803,Netherlands,General,1,394,1,1017.81,1017.81,867,2010-11-11 14:57:00,2010-11-11 14:57:00,1,Inactive >90 Days
12804,Netherlands,General,1,466,2,325.37,162.685,270,2010-07-27 13:52:00,2010-08-31 11:58:00,36,Inactive >90 Days
12805,Netherlands,Minimum,3,382,4,1230.95,307.7375,581,2010-02-03 09:06:00,2010-11-23 12:27:00,294,Inactive >90 Days
12806,Netherlands,Minimum,3,573,2,2558.96,1279.48,2084,2010-04-30 10:44:00,2010-05-16 13:49:00,17,Inactive >90 Days
12807,Sweden,General,1,384,1,250.35,250.35,143,2010-11-21 14:21:00,2010-11-21 14:21:00,1,Inactive >90 Days
12808,Portugal,Prospective,0,37,5,748.7,149.74,321,2010-09-03 10:24:00,2011-11-03 10:05:00,427,Recently Active
12809,Portugal,Minimum,3,178,3,1384.3400000000001,461.4466666666667,508,2010-03-02 14:19:00,2011-06-15 10:51:00,471,Inactive >90 Days
12810,Japan,General,1,535,2,534.99,267.495,389,2010-02-01 09:52:00,2010-06-23 10:53:00,143,Inactive >90 Days
12811,Portugal,Minimum,3,262,4,893.9,223.475,429,2010-10-08 12:20:00,2011-03-23 10:55:00,167,Inactive >90 Days
12812,Japan,Prospective,0,45,1,229.64000000000001,229.64000000000001,164,2011-10-26 09:54:00,2011-10-26 09:54:00,1,Recently Active
12813,Netherlands,Minimum,3,502,3,1621.8,540.6,1134,2010-01-15 16:52:00,2010-07-26 09:50:00,193,Inactive >90 Days
12814,Poland,General,1,102,1,85.92,85.92,48,2011-08-30 12:11:00,2011-08-30 12:11:00,1,Inactive >90 Days
12815,Poland,Minimum,3,148,2,863.46,431.73,374,2011-05-25 13:34:00,2011-07-15 10:21:00,52,Inactive >90 Days
12816,Poland,Prospective,0,96,2,452.2,226.1,125,2011-06-16 13:24:00,2011-09-05 12:41:00,82,Inactive >90 Days
12817,Austria,Minimum,3,282,3,570.98,190.32666666666668,216,2010-10-01 08:57:00,2011-03-03 16:28:00,154,Inactive >90 Days
12818,Austria,Minimum,3,262,1,1182.0800000000002,1182.0800000000002,920,2011-03-23 12:06:00,2011-03-23 12:06:00,1,Inactive >90 Days
12819,United Kingdom,General,1,459,1,540.52,540.52,344,2010-09-07 15:20:00,2010-09-07 15:20:00,1,Inactive >90 Days
12820,United Kingdom,Potential,4,4,11,2689.52,244.50181818181818,1964,2009-12-05 13:37:00,2011-12-06 15:12:00,732,Recently Active
12821,United Kingdom,General,1,215,2,220.8,110.4,162,2010-04-07 15:14:00,2011-05-09 15:51:00,398,Inactive >90 Days
12822,United Kingdom,Prospective,0,71,2,948.88,474.44,550,2011-09-13 13:46:00,2011-09-30 10:04:00,18,Recently Active
12823,United Kingdom,Potential,4,75,18,6501.5,361.19444444444446,930,2010-01-29 12:52:00,2011-09-26 07:35:00,606,Recently Active
12824,United Kingdom,Prospective,0,60,1,397.12,397.12,232,2011-10-11 12:49:00,2011-10-11 12:49:00,1,Recently Active
12825,United Kingdom,General,1,522,2,518.63,259.315,139,2010-03-08 10:17:00,2010-07-06 13:56:00,121,Inactive >90 Days
12826,United Kingdom,Potential,4,3,12,2800.75,233.39583333333334,1915,2009-12-18 10:43:00,2011-12-07 10:25:00,720,Recently Active
12827,United Kingdom,Prospective,0,6,3,430.15,143.38333333333333,197,2011-10-26 15:44:00,2011-12-04 12:17:00,40,Recently Active
12828,United Kingdom,Potential,4,3,6,1018.71,169.785,494,2011-08-01 16:16:00,2011-12-07 08:45:00,129,Recently Active
12829,United Kingdom,General,1,337,3,385.3,128.43333333333334,550,2010-06-07 15:04:00,2011-01-07 11:13:00,215,Inactive >90 Days
12830,United Kingdom,Potential,4,38,6,6814.64,1135.7733333333333,9848,2011-06-21 10:53:00,2011-11-02 11:54:00,135,Recently Active
12831,United Kingdom,Minimum,3,263,3,451.11,150.37,303,2010-09-02 15:58:00,2011-03-22 13:02:00,202,Inactive >90 Days
12832,United Kingdom,Prospective,0,33,2,383.03000000000003,191.51500000000001,195,2011-09-02 13:48:00,2011-11-07 13:30:00,67,Recently Active
12833,United Kingdom,General,1,146,1,417.38,417.38,156,2011-07-17 13:46:00,2011-07-17 13:46:00,1,Inactive >90 Days
12834,United Kingdom,General,1,283,1,312.38,312.38,110,2011-03-02 09:49:00,2011-03-02 09:49:00,1,Inactive >90 Days
12835,United Kingdom,Main,2,428,41,5996.83,146.2641463414634,2349,2009-12-03 12:13:00,2010-10-08 10:59:00,310,Inactive >90 Days
12836,United Kingdom,Potential,4,60,15,6559.7300000000005,437.31533333333334,2231,2009-12-01 14:19:00,2011-10-11 15:10:00,680,Recently Active
12837,United Kingdom,Minimum,3,174,2,662.66,331.33,194,2010-05-19 15:10:00,2011-06-19 16:07:00,397,Inactive >90 Days
12838,United Kingdom,Potential,4,34,10,2975.91,297.591,1606,2010-04-26 09:59:00,2011-11-06 12:20:00,560,Recently Active
12839,United Kingdom,Main,2,3,26,9669.12,371.8892307692308,6578,2009-12-07 09:18:00,2011-12-07 12:33:00,731,Recently Active
12840,United Kingdom,Potential,4,144,7,4041.9700000000003,577.4242857142857,2258,2010-02-03 14:51:00,2011-07-19 09:29:00,532,Inactive >90 Days
12841,United Kingdom,Main,2,5,40,6958.2,173.95499999999998,5008,2010-07-08 15:38:00,2011-12-05 11:13:00,516,Recently Active
12842,United Kingdom,Minimum,3,71,4,1917.99,479.4975,887,2009-12-02 08:15:00,2011-09-30 15:33:00,668,Recently Active
12843,United Kingdom,Main,2,66,28,6461.87,230.78107142857144,3025,2009-12-13 11:41:00,2011-10-05 12:09:00,662,Recently Active
12844,United Kingdom,Prospective,0,30,4,648.6,162.15,223,2010-04-25 11:51:00,2011-11-10 13:31:00,565,Recently Active
12845,United Kingdom,Minimum,3,268,4,354.09000000000003,88.52250000000001,204,2011-02-22 14:10:00,2011-03-17 13:34:00,24,Inactive >90 Days
12847,United Kingdom,Prospective,0,23,2,1609.0,804.5,1497,2010-11-17 12:44:00,2011-11-17 13:16:00,366,Recently Active
12848,United Kingdom,General,1,676,1,208.0,208.0,58,2010-02-02 12:45:00,2010-02-02 12:45:00,1,Inactive >90 Days
12849,United Kingdom,Potential,4,32,6,3015.98,502.66333333333336,1834,2010-04-27 13:44:00,2011-11-08 13:41:00,561,Recently Active
12850,United Kingdom,General,1,446,1,330.0,330.0,200,2010-09-20 12:26:00,2010-09-20 12:26:00,1,Inactive >90 Days
12851,United Kingdom,Prospective,0,97,2,280.76,140.38,157,2010-08-19 15:13:00,2011-09-04 12:41:00,382,Inactive >90 Days
12852,United Kingdom,General,1,295,1,311.55,311.55,149,2011-02-18 08:47:00,2011-02-18 08:47:00,1,Inactive >90 Days
12853,United Kingdom,Potential,4,135,11,3907.5,355.22727272727275,1668,2010-02-05 11:57:00,2011-07-28 11:29:00,539,Inactive >90 Days
12854,United Kingdom,Potential,4,79,7,2970.9700000000003,424.42428571428576,1630,2009-12-11 12:55:00,2011-09-22 12:15:00,651,Recently Active
12855,United Kingdom,Minimum,3,373,4,612.84,153.21,240,2010-11-02 18:16:00,2010-12-02 09:37:00,31,Inactive >90 Days
12856,United Kingdom,Potential,4,8,6,2170.78,361.7966666666667,1076,2011-10-07 12:38:00,2011-12-02 10:52:00,57,Recently Active
12857,United Kingdom,Minimum,3,211,6,3688.0,614.6666666666666,1420,2010-01-25 15:37:00,2011-05-13 10:20:00,474,Inactive >90 Days
12858,United Kingdom,General,1,384,1,147.27,147.27,51,2010-11-21 12:55:00,2010-11-21 12:55:00,1,Inactive >90 Days
12859,United Kingdom,General,1,459,1,575.1,575.1,292,2010-09-07 12:20:00,2010-09-07 12:20:00,1,Inactive >90 Days
12860,United Kingdom,General,1,694,1,54.22,54.22,26,2010-01-15 15:22:00,2010-01-15 15:22:00,1,Inactive >90 Days
12861,United Kingdom,General,1,620,1,68.25,68.25,27,2010-03-30 11:39:00,2010-03-30 11:39:00,1,Inactive >90 Days
12862,United Kingdom,Minimum,3,426,2,984.62,492.31,611,2010-08-01 15:20:00,2010-10-10 11:47:00,71,Inactive >90 Days
12863,United Kingdom,Potential,4,53,6,2792.55,465.425,895,2010-04-29 13:54:00,2011-10-18 14:15:00,538,Recently Active
12864,United Kingdom,General,1,139,2,299.57,149.785,447,2010-07-19 17:22:00,2011-07-24 13:03:00,371,Inactive >90 Days
12865,Austria,Potential,4,27,4,3323.4700000000003,830.8675000000001,1973,2010-08-20 12:20:00,2011-11-13 14:31:00,451,Recently Active
12866,Belgium,Minimum,3,284,3,1092.35,364.1166666666666,544,2010-07-25 11:37:00,2011-03-01 14:11:00,220,Inactive >90 Days
12867,United Kingdom,Potential,4,27,13,7829.26,602.2507692307693,7876,2009-12-16 16:25:00,2011-11-13 15:30:00,698,Recently Active
12868,United Kingdom,Minimum,3,186,8,2043.76,255.47,1170,2010-11-12 10:05:00,2011-06-07 10:42:00,208,Inactive >90 Days
12869,United Kingdom,General,1,682,1,337.66999999999996,337.66999999999996,144,2010-01-27 12:10:00,2010-01-27 12:10:00,1,Inactive >90 Days
12870,United Kingdom,Minimum,3,376,3,1676.95,558.9833333333333,906,2010-03-25 14:32:00,2010-11-29 13:42:00,250,Inactive >90 Days
12871,United Kingdom,Minimum,3,85,3,744.02,248.00666666666666,484,2010-09-26 10:34:00,2011-09-16 15:07:00,356,Recently Active
12872,United Kingdom,Minimum,3,327,12,3283.96,273.66333333333336,1642,2009-12-03 20:03:00,2011-01-17 10:52:00,411,Inactive >90 Days
12873,United Kingdom,Minimum,3,283,3,2027.3,675.7666666666667,786,2010-01-27 09:50:00,2011-03-02 14:58:00,400,Inactive >90 Days
12874,Belgium,Minimum,3,386,2,873.42,436.71,618,2010-06-03 12:51:00,2010-11-19 15:23:00,170,Inactive >90 Days
12875,United Kingdom,Minimum,3,144,5,1356.9900000000002,271.398,5187,2010-01-11 12:37:00,2011-07-19 15:30:00,555,Inactive >90 Days
12876,Belgium,Potential,4,58,4,3751.79,937.9475,3025,2010-04-28 13:26:00,2011-10-13 12:26:00,534,Recently Active
12877,United Kingdom,Main,2,4,20,2942.14,147.107,2237,2010-01-18 10:23:00,2011-12-06 10:30:00,688,Recently Active
12878,United Kingdom,Minimum,3,237,2,854.99,427.495,547,2011-03-18 14:02:00,2011-04-17 13:07:00,31,Inactive >90 Days
12879,United Kingdom,Prospective,0,45,3,573.22,191.07333333333335,370,2011-09-09 12:11:00,2011-10-26 12:24:00,48,Recently Active
12880,United Kingdom,Minimum,3,382,2,640.13,320.065,279,2010-05-14 11:57:00,2010-11-23 10:50:00,194,Inactive >90 Days
12881,United Kingdom,General,1,276,1,298.0,298.0,21,2011-03-09 11:44:00,2011-03-09 11:44:00,1,Inactive >90 Days
12882,United Kingdom,Prospective,0,10,2,1463.04,731.52,246,2011-11-06 11:22:00,2011-11-30 16:18:00,25,Recently Active
12883,United Kingdom,Prospective,0,25,4,703.47,175.8675,196,2011-09-11 15:18:00,2011-11-15 09:32:00,66,Recently Active
12884,United Kingdom,General,1,89,1,309.05,309.05,43,2011-09-12 13:10:00,2011-09-12 13:10:00,1,Recently Active
12885,United Kingdom,Minimum,3,64,3,1175.22,391.74,655,2011-08-08 11:45:00,2011-10-07 13:40:00,61,Recently Active
12886,United Kingdom,Prospective,0,68,2,1378.4,689.2,770,2011-05-04 11:21:00,2011-10-03 10:09:00,153,Recently Active
12887,United Kingdom,General,1,384,1,222.4,222.4,100,2010-11-21 11:18:00,2010-11-21 11:18:00,1,Inactive >90 Days
12888,United Kingdom,General,1,215,2,354.12,177.06,76,2011-03-29 14:31:00,2011-05-09 16:02:00,42,Inactive >90 Days
12889,United Kingdom,Minimum,3,382,4,385.46000000000004,96.36500000000001,124,2010-07-25 14:32:00,2010-11-23 16:08:00,122,Inactive >90 Days
12890,United Kingdom,Prospective,0,25,2,706.02,353.01,457,2010-11-17 14:05:00,2011-11-15 17:26:00,364,Recently Active
12891,United Kingdom,Minimum,3,186,11,840.5,76.4090909090909,2325,2010-02-18 14:32:00,2011-06-07 12:31:00,475,Inactive >90 Days
12892,United Kingdom,General,1,397,1,263.38,263.38,140,2010-11-08 09:51:00,2010-11-08 09:51:00,1,Inactive >90 Days
12893,United Kingdom,Prospective,0,31,1,176.55,176.55,90,2011-11-09 12:34:00,2011-11-09 12:34:00,1,Recently Active
12894,United Kingdom,General,1,576,1,157.35,157.35,33,2010-05-13 14:47:00,2010-05-13 14:47:00,1,Inactive >90 Days
12895,United Kingdom,Prospective,0,43,2,372.8,186.4,210,2011-09-14 08:35:00,2011-10-28 13:51:00,45,Recently Active
12897,United Kingdom,Minimum,3,205,4,514.25,128.5625,249,2010-06-14 11:58:00,2011-05-19 12:13:00,340,Inactive >90 Days
12898,United Kingdom,General,1,464,2,296.21,148.105,235,2010-02-18 12:36:00,2010-09-02 08:08:00,197,Inactive >90 Days
12899,United Kingdom,General,1,414,1,366.4,366.4,108,2010-10-22 09:53:00,2010-10-22 09:53:00,1,Inactive >90 Days
12900,United Kingdom,General,1,423,1,340.33000000000004,340.33000000000004,139,2010-10-13 15:17:00,2010-10-13 15:17:00,1,Inactive >90 Days
12901,United Kingdom,Main,2,9,28,17654.54,630.5192857142857,23075,2011-03-14 10:41:00,2011-12-01 10:07:00,263,Recently Active
12902,United Kingdom,General,1,265,1,138.68,138.68,66,2011-03-20 12:06:00,2011-03-20 12:06:00,1,Inactive >90 Days
12903,United Kingdom,General,1,429,1,833.5300000000001,833.5300000000001,493,2010-10-07 12:39:00,2010-10-07 12:39:00,1,Inactive >90 Days
12904,United Kingdom,Prospective,0,19,2,496.06,248.03,294,2011-06-20 13:18:00,2011-11-21 14:34:00,155,Recently Active
12905,United Kingdom,Minimum,3,577,2,1018.42,509.21,532,2010-01-26 14:06:00,2010-05-12 10:05:00,107,Inactive >90 Days
12906,United Kingdom,Potential,4,12,5,2919.81,583.962,1749,2011-09-22 15:03:00,2011-11-28 09:55:00,68,Recently Active
12907,United Kingdom,General,1,396,2,508.91,254.455,177,2010-08-02 14:33:00,2010-11-09 12:08:00,100,Inactive >90 Days
12908,United Kingdom,Minimum,3,177,5,1776.0,355.2,3000,2010-03-19 15:59:00,2011-06-16 15:39:00,455,Inactive >90 Days
12909,United Kingdom,Potential,4,40,8,3103.19,387.89875,1948,2010-02-24 12:14:00,2011-10-31 12:43:00,615,Recently Active
12910,United Kingdom,Potential,4,24,13,5796.52,445.8861538461539,3632,2010-03-28 13:10:00,2011-11-16 14:28:00,599,Recently Active
12911,United Kingdom,Minimum,3,552,1,1651.72,1651.72,807,2010-06-06 12:13:00,2010-06-06 12:13:00,1,Inactive >90 Days
12912,United Kingdom,Potential,4,3,5,1662.3,332.46,670,2011-10-30 11:35:00,2011-12-07 08:55:00,39,Recently Active
12913,United Kingdom,Main,2,5,13,6283.24,483.32615384615383,3086,2009-12-01 12:18:00,2011-12-05 12:11:00,735,Recently Active
12914,United Kingdom,General,1,401,1,223.98,223.98,336,2010-11-04 12:28:00,2010-11-04 12:28:00,1,Inactive >90 Days
12915,United Kingdom,Minimum,3,149,4,975.1,243.775,411,2010-04-29 19:36:00,2011-07-14 11:34:00,442,Inactive >90 Days
12916,United Kingdom,Potential,4,139,7,4479.73,639.9614285714285,1681,2010-01-24 11:26:00,2011-07-24 10:35:00,547,Inactive >90 Days
12917,United Kingdom,Minimum,3,129,6,4359.2,726.5333333333333,1104,2009-12-09 14:22:00,2011-08-03 16:42:00,603,Inactive >90 Days
12919,United Kingdom,Potential,4,9,6,1335.19,222.53166666666667,673,2011-06-23 09:22:00,2011-12-01 13:47:00,162,Recently Active
12920,United Kingdom,Prospective,0,18,4,486.64,121.66,420,2009-12-14 15:58:00,2011-11-22 15:05:00,709,Recently Active
12921,United Kingdom,Main,2,10,74,35233.24,476.12486486486483,21328,2009-12-01 13:43:00,2011-11-30 16:22:00,730,Recently Active
12922,United Kingdom,General,1,162,1,405.38,405.38,370,2011-07-01 15:35:00,2011-07-01 15:35:00,1,Inactive >90 Days
12923,United Kingdom,Prospective,0,65,3,769.17,256.39,229,2010-05-13 14:55:00,2011-10-06 16:20:00,512,Recently Active
12924,United Kingdom,Potential,4,89,12,2461.45,205.1208333333333,1422,2009-12-09 12:40:00,2011-09-12 13:55:00,643,Recently Active
12925,United Kingdom,Prospective,0,5,3,729.33,243.11,649,2010-04-26 10:32:00,2011-12-05 11:11:00,589,Recently Active
12926,United Kingdom,Minimum,3,412,4,1523.59,380.8975,752,2009-12-14 14:35:00,2010-10-24 15:57:00,315,Inactive >90 Days
12927,United Kingdom,General,1,395,1,197.31,197.31,145,2010-11-10 10:02:00,2010-11-10 10:02:00,1,Inactive >90 Days
12928,United Kingdom,Potential,4,36,12,4304.89,358.74083333333334,2899,2010-06-08 10:16:00,2011-11-04 14:24:00,515,Recently Active
12929,United Kingdom,General,1,312,1,117.85,117.85,37,2011-02-01 12:08:00,2011-02-01 12:08:00,1,Inactive >90 Days
12930,United Kingdom,Prospective,0,79,2,415.8,207.9,252,2011-06-21 13:25:00,2011-09-22 15:18:00,94,Recently Active
12931,United Kingdom,Main,2,22,57,92347.34,1620.1287719298246,62906,2009-12-01 11:46:00,2011-11-18 12:39:00,718,Recently Active
12932,United Kingdom,Minimum,3,540,8,1698.56,212.32,1609,2010-02-10 08:46:00,2010-06-18 14:22:00,129,Inactive >90 Days
12933,United Kingdom,Potential,4,25,8,1636.63,204.57875,949,2009-12-10 16:39:00,2011-11-15 16:38:00,706,Recently Active
12934,United Kingdom,General,1,737,1,181.65,181.65,31,2009-12-03 10:51:00,2009-12-03 10:51:00,1,Inactive >90 Days
12935,United Kingdom,Main,2,3,15,4243.86,282.924,3201,2010-04-11 15:59:00,2011-12-07 17:25:00,606,Recently Active
12936,United Kingdom,Prospective,0,18,4,1063.9,265.975,559,2011-09-22 13:51:00,2011-11-22 17:32:00,62,Recently Active
12937,United Kingdom,Potential,4,16,9,3097.61,344.1788888888889,1983,2009-12-03 15:43:00,2011-11-24 15:05:00,722,Recently Active
12938,United Kingdom,Prospective,0,26,1,114.14,114.14,140,2011-11-14 11:21:00,2011-11-14 11:21:00,1,Recently Active
12939,United Kingdom,Main,2,65,20,25264.8,1263.24,10328,2010-01-12 11:27:00,2011-10-06 14:33:00,633,Recently Active
12940,United Kingdom,Prospective,0,55,2,899.69,449.845,404,2011-09-13 10:16:00,2011-10-16 12:09:00,34,Recently Active
12941,United Kingdom,General,1,725,1,377.49,377.49,381,2009-12-15 13:12:00,2009-12-15 13:12:00,1,Inactive >90 Days
12942,United Kingdom,Minimum,3,132,3,675.6,225.20000000000002,198,2010-12-09 09:34:00,2011-07-31 14:39:00,235,Inactive >90 Days
12943,United Kingdom,General,1,559,2,496.5,248.25,222,2010-04-13 11:03:00,2010-05-30 13:52:00,48,Inactive >90 Days
12944,United Kingdom,Prospective,0,36,2,604.51,302.255,289,2010-12-20 10:41:00,2011-11-04 11:04:00,320,Recently Active
12945,United Kingdom,Minimum,3,289,2,900.11,450.055,446,2010-02-21 15:18:00,2011-02-24 14:15:00,369,Inactive >90 Days
12946,United Kingdom,General,1,437,1,324.45,324.45,149,2010-09-29 10:14:00,2010-09-29 10:14:00,1,Inactive >90 Days
12947,United Kingdom,Minimum,3,144,6,1603.99,267.33166666666665,1165,2010-12-01 16:21:00,2011-07-19 10:06:00,231,Inactive >90 Days
12948,United Kingdom,Potential,4,17,9,2317.43,257.4922222222222,1304,2009-12-02 12:28:00,2011-11-23 17:10:00,722,Recently Active
12949,United Kingdom,Main,2,31,22,15526.7,705.7590909090909,8233,2009-12-03 15:56:00,2011-11-09 11:25:00,707,Recently Active
12950,United Kingdom,Prospective,0,3,3,1843.0,614.3333333333334,1380,2011-11-15 13:48:00,2011-12-07 13:17:00,23,Recently Active
12951,United Kingdom,Potential,4,9,15,3213.7200000000003,214.24800000000002,1662,2010-01-10 12:43:00,2011-12-01 12:14:00,691,Recently Active
12952,United Kingdom,Potential,4,6,4,1387.79,346.9475,653,2011-09-22 16:37:00,2011-12-04 10:35:00,74,Recently Active
12953,United Kingdom,Prospective,0,10,2,828.8100000000001,414.40500000000003,364,2010-07-05 13:37:00,2011-11-30 09:24:00,514,Recently Active
12954,United Kingdom,General,1,639,1,162.45,162.45,83,2010-03-11 10:16:00,2010-03-11 10:16:00,1,Inactive >90 Days
12955,United Kingdom,Main,2,2,11,4757.16,432.4690909090909,3664,2011-03-17 09:03:00,2011-12-08 16:29:00,267,Recently Active
12956,United Kingdom,Minimum,3,307,4,521.89,130.4725,340,2009-12-15 19:03:00,2011-02-06 16:08:00,419,Inactive >90 Days
12957,United Kingdom,Main,2,10,13,8706.97,669.766923076923,4686,2009-12-11 12:01:00,2011-11-30 09:53:00,720,Recently Active
12958,United Kingdom,General,1,401,2,467.34,233.67,118,2010-05-05 16:22:00,2010-11-04 16:16:00,184,Inactive >90 Days
12959,United Kingdom,General,1,485,1,150.95,150.95,109,2010-08-12 17:20:00,2010-08-12 17:20:00,1,Inactive >90 Days
12960,United Kingdom,Minimum,3,414,4,1322.0700000000002,330.51750000000004,1379,2010-02-16 13:32:00,2010-10-22 09:31:00,249,Inactive >90 Days
12961,United Kingdom,General,1,380,1,211.99,211.99,180,2010-11-25 16:44:00,2010-11-25 16:44:00,1,Inactive >90 Days
12962,United Kingdom,Prospective,0,8,2,266.39,133.195,129,2011-08-18 13:38:00,2011-12-02 15:55:00,107,Recently Active
12963,United Kingdom,Potential,4,9,12,3235.79,269.64916666666664,1637,2010-07-08 14:45:00,2011-12-01 12:55:00,512,Recently Active
12964,United Kingdom,General,1,438,1,132.24,132.24,56,2010-09-28 17:47:00,2010-09-28 17:47:00,1,Inactive >90 Days
12965,United Kingdom,Prospective,0,90,1,769.8100000000001,769.8100000000001,282,2011-09-11 15:31:00,2011-09-11 15:31:00,1,Recently Active
12966,United Kingdom,Prospective,0,10,1,160.18,160.18,75,2011-11-30 12:38:00,2011-11-30 12:38:00,1,Recently Active
12967,United Kingdom,Minimum,3,359,3,2938.52,979.5066666666667,912,2010-11-21 11:03:00,2010-12-16 19:10:00,26,Inactive >90 Days
12968,United Kingdom,General,1,113,1,135.95,135.95,73,2011-08-19 15:44:00,2011-08-19 15:44:00,1,Inactive >90 Days
12969,United Kingdom,General,1,603,1,122.45,122.45,55,2010-04-16 10:50:00,2010-04-16 10:50:00,1,Inactive >90 Days
12970,United Kingdom,Potential,4,8,10,1452.54,145.254,952,2009-12-04 14:19:00,2011-12-02 14:30:00,729,Recently Active
12971,United Kingdom,Main,2,4,116,15704.6,135.3844827586207,14306,2009-12-15 19:04:00,2011-12-06 12:20:00,722,Recently Active
12972,United Kingdom,Minimum,3,414,4,1161.2,290.3,844,2010-02-16 14:30:00,2010-10-22 08:41:00,249,Inactive >90 Days
12973,United Kingdom,General,1,414,1,385.55,385.55,31,2010-10-22 10:14:00,2010-10-22 10:14:00,1,Inactive >90 Days
12974,United Kingdom,General,1,198,2,408.95,204.475,104,2010-05-23 11:45:00,2011-05-26 09:33:00,369,Inactive >90 Days
12975,United Kingdom,Minimum,3,437,6,2100.09,350.01500000000004,911,2009-12-06 10:38:00,2010-09-29 09:46:00,298,Inactive >90 Days
12976,United Kingdom,Minimum,3,212,8,3156.38,394.5475,2684,2010-02-12 15:46:00,2011-05-12 09:55:00,455,Inactive >90 Days
12977,United Kingdom,Minimum,3,157,4,513.88,128.47,128,2010-07-16 16:25:00,2011-07-06 16:40:00,356,Inactive >90 Days
12978,United Kingdom,Minimum,3,386,5,2502.82,500.564,1394,2009-12-10 12:10:00,2010-11-19 14:29:00,345,Inactive >90 Days
12979,United Arab Emirates,General,1,730,1,517.7,517.7,520,2009-12-10 15:45:00,2009-12-10 15:45:00,1,Inactive >90 Days
12980,United Kingdom,Main,2,158,21,16245.78,773.6085714285715,1910,2009-12-02 11:26:00,2011-07-05 09:34:00,581,Inactive >90 Days
12981,United Kingdom,Prospective,0,30,2,372.21999999999997,186.10999999999999,242,2011-07-29 14:14:00,2011-11-10 12:00:00,105,Recently Active
12982,United Kingdom,Minimum,3,243,8,2744.81,343.10125,1729,2010-04-12 13:50:00,2011-04-11 11:51:00,365,Inactive >90 Days
12983,United Kingdom,General,1,599,1,490.08,490.08,638,2010-04-20 12:58:00,2010-04-20 12:58:00,1,Inactive >90 Days
12984,United Kingdom,Prospective,0,19,1,97.5,97.5,26,2011-11-21 12:37:00,2011-11-21 12:37:00,1,Recently Active
12985,United Kingdom,Prospective,0,1,2,1239.38,619.69,1533,2011-11-11 12:44:00,2011-12-09 10:46:00,29,Recently Active
12986,United Kingdom,Minimum,3,429,10,2729.84,272.98400000000004,1164,2010-01-21 10:45:00,2010-10-07 11:57:00,260,Inactive >90 Days
12987,United Kingdom,Minimum,3,74,5,1312.21,262.442,585,2010-01-20 09:57:00,2011-09-27 12:03:00,616,Recently Active
12988,United Kingdom,General,1,293,1,505.82,505.82,126,2011-02-20 14:31:00,2011-02-20 14:31:00,1,Inactive >90 Days
12989,United Kingdom,Main,2,4,33,13551.75,410.65909090909093,6935,2009-12-10 13:27:00,2011-12-06 15:28:00,727,Recently Active
12990,United Kingdom,Potential,4,32,7,955.5,136.5,480,2010-03-30 11:36:00,2011-11-08 13:01:00,589,Recently Active
12991,United Kingdom,Prospective,0,24,3,764.82,254.94000000000003,483,2010-11-15 13:43:00,2011-11-16 15:34:00,367,Recently Active
12992,United Kingdom,General,1,726,1,93.35,93.35,21,2009-12-14 16:46:00,2009-12-14 16:46:00,1,Inactive >90 Days
12993,United Kingdom,Potential,4,24,8,1259.63,157.45375,751,2010-02-18 10:35:00,2011-11-16 15:49:00,637,Recently Active
12994,United Kingdom,Prospective,0,5,3,974.42,324.8066666666667,459,2011-03-16 08:31:00,2011-12-05 15:43:00,265,Recently Active
12995,United Kingdom,General,1,86,1,211.32,211.32,108,2011-09-15 15:44:00,2011-09-15 15:44:00,1,Recently Active
12996,United Kingdom,General,1,376,1,355.5,355.5,122,2010-11-29 09:27:00,2010-11-29 09:27:00,1,Inactive >90 Days
12997,United Kingdom,Potential,4,23,8,2110.91,263.86375,1186,2010-04-06 11:06:00,2011-11-17 15:47:00,591,Recently Active
12998,United Kingdom,Minimum,3,493,3,920.08,306.6933333333333,1124,2010-02-24 11:55:00,2010-08-04 08:05:00,162,Inactive >90 Days
12999,United Kingdom,Minimum,3,197,3,455.88,151.96,342,2011-04-08 10:26:00,2011-05-27 13:24:00,50,Inactive >90 Days
13000,United Kingdom,Minimum,3,107,4,1032.5,258.125,548,2009-12-14 17:03:00,2011-08-25 10:43:00,620,Inactive >90 Days
13001,United Kingdom,Main,2,5,33,24042.65,728.5651515151516,13448,2009-12-03 16:21:00,2011-12-05 14:51:00,733,Recently Active
13002,United Kingdom,Minimum,3,319,3,414.13,138.04333333333332,201,2010-10-01 11:58:00,2011-01-25 15:18:00,117,Inactive >90 Days
13003,United Kingdom,General,1,106,3,149.05,49.68333333333334,103,2011-05-09 08:23:00,2011-08-26 10:50:00,110,Inactive >90 Days
13004,United Kingdom,Main,2,12,36,11650.85,323.63472222222225,8768,2009-12-15 09:44:00,2011-11-28 11:27:00,714,Recently Active
13005,United Kingdom,Minimum,3,174,4,999.68,249.92,462,2010-09-08 12:52:00,2011-06-19 10:53:00,285,Inactive >90 Days
13006,United Kingdom,General,1,57,1,81.57,81.57,55,2011-10-14 13:49:00,2011-10-14 13:49:00,1,Recently Active
13007,United Kingdom,General,1,580,1,175.25,175.25,59,2010-05-09 10:38:00,2010-05-09 10:38:00,1,Inactive >90 Days
13008,United Kingdom,Minimum,3,324,3,612.13,204.04333333333332,379,2009-12-16 16:07:00,2011-01-20 14:24:00,401,Inactive >90 Days
13009,United Kingdom,General,1,673,1,234.0,234.0,120,2010-02-05 12:22:00,2010-02-05 12:22:00,1,Inactive >90 Days
13010,United Kingdom,General,1,375,2,330.12,165.06,323,2010-03-01 11:28:00,2010-11-30 15:09:00,275,Inactive >90 Days
13011,United Kingdom,General,1,373,1,50.550000000000004,50.550000000000004,13,2010-12-02 17:22:00,2010-12-02 17:22:00,1,Inactive >90 Days
13012,United Kingdom,Potential,4,10,11,2957.83,268.89363636363635,1559,2010-04-26 14:14:00,2011-11-30 13:05:00,584,Recently Active
13013,United Kingdom,Main,2,2,29,11097.43,382.67,5661,2009-12-14 10:34:00,2011-12-08 15:01:00,725,Recently Active
13014,United Kingdom,Potential,4,11,11,5381.08,489.1890909090909,1979,2010-10-03 11:35:00,2011-11-29 12:27:00,423,Recently Active
13015,United Kingdom,Potential,4,54,11,6579.78,598.1618181818181,3527,2010-04-15 16:35:00,2011-10-17 13:19:00,551,Recently Active
13016,United Kingdom,Prospective,0,74,3,789.89,263.2966666666667,527,2011-08-08 15:00:00,2011-09-27 14:08:00,51,Recently Active
13017,United Kingdom,Prospective,0,8,1,204.0,204.0,48,2011-12-02 15:53:00,2011-12-02 15:53:00,1,Recently Active
13018,United Kingdom,Main,2,17,35,9763.16,278.9474285714286,6746,2010-03-01 12:34:00,2011-11-23 13:28:00,633,Recently Active
13019,United Kingdom,Minimum,3,380,6,1229.95,204.99166666666667,397,2009-12-06 15:40:00,2010-11-25 14:56:00,355,Inactive >90 Days
13020,United Kingdom,General,1,563,2,618.96,309.48,278,2010-02-18 10:35:00,2010-05-26 11:12:00,98,Inactive >90 Days
13021,United Kingdom,Main,2,5,17,4887.24,287.48470588235296,2546,2009-12-05 12:02:00,2011-12-05 16:37:00,731,Recently Active
13022,Belgium,General,1,430,1,50.3,50.3,34,2010-10-06 10:50:00,2010-10-06 10:50:00,1,Inactive >90 Days
13023,United Kingdom,Minimum,3,65,3,1251.03,417.01,573,2010-06-29 09:51:00,2011-10-06 16:27:00,465,Recently Active
13024,United Kingdom,General,1,471,2,555.87,277.935,181,2010-05-06 14:25:00,2010-08-26 09:42:00,113,Inactive >90 Days
13025,United Kingdom,General,1,732,1,323.39,323.39,241,2009-12-08 10:02:00,2009-12-08 10:02:00,1,Inactive >90 Days
13026,United Kingdom,Potential,4,2,9,1733.08,192.56444444444443,2466,2009-12-13 11:34:00,2011-12-08 16:58:00,726,Recently Active
13027,United Kingdom,Main,2,114,19,17239.2,907.3263157894737,42840,2010-01-20 10:41:00,2011-08-18 09:39:00,576,Inactive >90 Days
13028,United Kingdom,Prospective,0,23,2,661.3199999999999,330.65999999999997,798,2011-10-25 14:09:00,2011-11-17 11:10:00,24,Recently Active
13029,United Kingdom,Potential,4,31,5,1927.3,385.46,194,2010-07-04 13:46:00,2011-11-09 09:13:00,494,Recently Active
13030,United Kingdom,Prospective,0,12,2,752.44,376.22,348,2010-12-06 14:31:00,2011-11-28 14:30:00,358,Recently Active
13031,United Kingdom,Minimum,3,408,5,3292.84,658.568,2309,2010-06-03 14:57:00,2010-10-28 15:34:00,148,Inactive >90 Days
13032,United Kingdom,Potential,4,53,9,2815.96,312.88444444444445,1274,2010-09-05 14:01:00,2011-10-18 15:54:00,409,Recently Active
13033,United Kingdom,General,1,358,2,220.55,110.275,98,2010-10-06 09:37:00,2010-12-17 14:23:00,73,Inactive >90 Days
13034,United Kingdom,Prospective,0,55,3,756.82,252.27333333333334,406,2010-11-03 15:22:00,2011-10-16 12:21:00,348,Recently Active
13035,United Kingdom,Minimum,3,74,3,1364.2,454.73333333333335,926,2010-10-04 15:41:00,2011-09-27 08:57:00,359,Recently Active
13036,United Kingdom,General,1,685,1,307.1,307.1,38,2010-01-24 11:35:00,2010-01-24 11:35:00,1,Inactive >90 Days
13037,United Kingdom,Potential,4,139,12,3914.9500000000003,326.24583333333334,2130,2009-12-03 17:04:00,2011-07-24 15:46:00,599,Inactive >90 Days
13038,United Kingdom,Minimum,3,81,3,908.46,302.82,360,2011-02-22 11:43:00,2011-09-20 14:37:00,211,Recently Active
13039,United Kingdom,Minimum,3,585,4,1010.73,252.6825,290,2009-12-17 16:43:00,2010-05-04 16:45:00,139,Inactive >90 Days
13040,United Kingdom,Prospective,0,9,2,676.99,338.495,355,2011-11-06 13:53:00,2011-12-01 10:38:00,26,Recently Active
13041,United Kingdom,Minimum,3,451,4,799.13,199.7825,335,2010-04-29 08:43:00,2010-09-15 11:44:00,140,Inactive >90 Days
13042,United Kingdom,Minimum,3,599,3,1488.59,496.19666666666666,812,2009-12-07 15:42:00,2010-04-20 13:43:00,135,Inactive >90 Days
13043,United Kingdom,General,1,274,1,516.42,516.42,254,2011-03-11 14:52:00,2011-03-11 14:52:00,1,Inactive >90 Days
13044,United Kingdom,Minimum,3,292,11,4848.05,440.7318181818182,2548,2010-01-08 14:46:00,2011-02-21 15:20:00,410,Inactive >90 Days
13045,United Kingdom,Minimum,3,100,3,808.9200000000001,269.64000000000004,405,2010-08-10 13:02:00,2011-09-01 15:04:00,388,Inactive >90 Days
13046,United Kingdom,Prospective,0,31,3,949.25,316.4166666666667,505,2010-09-09 13:09:00,2011-11-09 08:36:00,427,Recently Active
13047,United Kingdom,Main,2,57,23,8423.58,366.24260869565217,3327,2009-12-16 11:43:00,2011-10-14 11:15:00,668,Recently Active
13048,United Kingdom,Potential,4,15,9,4049.13,449.90333333333336,2661,2010-01-27 12:55:00,2011-11-25 13:23:00,668,Recently Active
13049,United Kingdom,Minimum,3,65,4,1408.24,352.06,620,2010-11-03 15:39:00,2011-10-06 15:31:00,338,Recently Active
13050,United Kingdom,Main,2,15,34,11877.29,349.33205882352945,6987,2009-12-15 15:06:00,2011-11-25 09:18:00,711,Recently Active
13051,United Kingdom,General,1,579,2,155.8,77.9,72,2010-03-30 11:11:00,2010-05-10 09:14:00,42,Inactive >90 Days
13052,United Kingdom,Minimum,3,213,7,3118.48,445.4971428571429,1423,2010-02-23 12:31:00,2011-05-11 14:12:00,443,Inactive >90 Days
13053,United Kingdom,General,1,622,1,127.65,127.65,47,2010-03-28 11:28:00,2010-03-28 11:28:00,1,Inactive >90 Days
13055,United Kingdom,Minimum,3,79,4,2321.11,580.2775,1821,2010-10-06 08:17:00,2011-09-22 14:26:00,352,Recently Active
13056,United Kingdom,General,1,552,1,209.48,209.48,158,2010-06-06 14:10:00,2010-06-06 14:10:00,1,Inactive >90 Days
13057,United Kingdom,Minimum,3,531,3,709.59,236.53,456,2010-03-18 12:14:00,2010-06-27 15:44:00,102,Inactive >90 Days
13058,United Kingdom,Prospective,0,25,3,271.40000000000003,90.46666666666668,52,2011-07-11 12:01:00,2011-11-15 12:43:00,128,Recently Active
13059,United Kingdom,Minimum,3,250,10,2291.77,229.177,860,2010-03-31 12:23:00,2011-04-04 10:40:00,370,Inactive >90 Days
13060,United Kingdom,General,1,254,1,307.53000000000003,307.53000000000003,123,2011-03-31 11:37:00,2011-03-31 11:37:00,1,Inactive >90 Days
13061,United Kingdom,Prospective,0,73,1,248.61,248.61,107,2011-09-28 16:04:00,2011-09-28 16:04:00,1,Recently Active
13062,United Kingdom,General,1,192,1,346.98,346.98,343,2011-06-01 15:12:00,2011-06-01 15:12:00,1,Inactive >90 Days
13063,United Kingdom,General,1,481,1,188.4,188.4,116,2010-08-16 12:27:00,2010-08-16 12:27:00,1,Inactive >90 Days
13064,United Kingdom,Potential,4,13,6,1666.84,277.8066666666667,668,2010-04-27 10:08:00,2011-11-27 12:31:00,580,Recently Active
13065,United Kingdom,Minimum,3,374,5,1055.05,211.01,381,2010-06-10 11:44:00,2010-12-01 16:52:00,175,Inactive >90 Days
13066,United Kingdom,Prospective,0,25,2,470.8,235.4,322,2011-11-07 17:06:00,2011-11-15 12:57:00,9,Recently Active
13067,United Kingdom,Prospective,0,83,3,508.51,169.50333333333333,131,2010-09-19 13:43:00,2011-09-18 13:38:00,365,Recently Active
13068,United Kingdom,Prospective,0,11,2,344.0,172.0,200,2011-01-24 08:20:00,2011-11-29 15:00:00,310,Recently Active
13069,United Kingdom,Main,2,1,38,9284.45,244.32763157894738,15171,2010-06-14 14:27:00,2011-12-09 08:39:00,544,Recently Active
13070,United Kingdom,Minimum,3,193,4,751.7,187.925,372,2009-12-07 14:44:00,2011-05-31 13:45:00,541,Inactive >90 Days
13071,United Kingdom,General,1,613,1,129.22,129.22,30,2010-04-06 13:37:00,2010-04-06 13:37:00,1,Inactive >90 Days
13072,United Kingdom,General,1,267,1,177.15,177.15,69,2011-03-18 08:12:00,2011-03-18 08:12:00,1,Inactive >90 Days
13073,United Kingdom,General,1,412,2,418.08,209.04,261,2010-09-28 09:27:00,2010-10-24 14:06:00,27,Inactive >90 Days
13074,United Kingdom,Minimum,3,512,4,1378.74,344.685,826,2009-12-16 11:46:00,2010-07-16 16:53:00,213,Inactive >90 Days
13075,United Kingdom,Minimum,3,130,1,919.61,919.61,485,2011-08-02 10:19:00,2011-08-02 10:19:00,1,Inactive >90 Days
13076,United Kingdom,General,1,458,1,135.4,135.4,44,2010-09-08 10:27:00,2010-09-08 10:27:00,1,Inactive >90 Days
13077,United Kingdom,Potential,4,2,11,2740.65,249.15,2468,2009-12-11 11:17:00,2011-12-08 19:24:00,728,Recently Active
13078,United Kingdom,Main,2,4,57,29018.06,509.0887719298246,12032,2009-12-01 09:06:00,2011-12-06 15:36:00,736,Recently Active
13079,United Kingdom,Prospective,0,5,6,419.18,69.86333333333333,158,2010-10-18 14:15:00,2011-12-05 16:53:00,414,Recently Active
13080,United Kingdom,Minimum,3,180,4,280.73,70.1825,193,2010-04-09 13:07:00,2011-06-13 14:59:00,431,Inactive >90 Days
13081,United Kingdom,Main,2,12,28,56838.37,2029.9417857142857,40077,2009-12-08 13:58:00,2011-11-28 10:54:00,721,Recently Active
13082,United Kingdom,Potential,4,127,21,7335.75,349.32142857142856,8466,2009-12-22 15:37:00,2011-08-05 16:16:00,592,Inactive >90 Days
13083,United Kingdom,Prospective,0,5,3,395.43,131.81,307,2010-10-10 13:38:00,2011-12-05 15:01:00,422,Recently Active
13084,United Kingdom,General,1,492,1,122.39999999999999,122.39999999999999,144,2010-08-05 08:49:00,2010-08-05 08:49:00,1,Inactive >90 Days
13085,United Kingdom,Minimum,3,158,8,2433.28,304.16,944,2009-12-01 07:45:00,2011-07-05 12:11:00,582,Inactive >90 Days
13086,United Kingdom,General,1,383,1,439.33000000000004,439.33000000000004,155,2010-11-22 10:28:00,2010-11-22 10:28:00,1,Inactive >90 Days
13087,United Kingdom,General,1,727,1,313.64,313.64,86,2009-12-13 15:16:00,2009-12-13 15:16:00,1,Inactive >90 Days
13088,United Kingdom,General,1,418,1,236.11,236.11,76,2010-10-18 15:35:00,2010-10-18 15:35:00,1,Inactive >90 Days
13089,United Kingdom,Main,2,3,203,113416.91,558.7039901477833,58932,2009-12-02 15:44:00,2011-12-07 09:02:00,736,Recently Active
13090,United Kingdom,Main,2,9,23,13076.74,568.5539130434782,3246,2010-08-02 13:58:00,2011-12-01 12:39:00,487,Recently Active
13091,United Kingdom,Prospective,0,29,2,1108.8,554.4,1338,2009-12-10 12:44:00,2011-11-11 15:54:00,702,Recently Active
13092,United Kingdom,Potential,4,71,12,2140.28,178.35666666666668,664,2010-02-10 08:44:00,2011-09-30 11:18:00,598,Recently Active
13093,United Kingdom,Main,2,276,55,54144.25,984.4409090909091,25971,2009-12-04 10:32:00,2011-03-09 12:14:00,461,Inactive >90 Days
13094,United Kingdom,Potential,4,22,13,2209.44,169.9569230769231,1896,2010-11-15 14:15:00,2011-11-18 14:07:00,369,Recently Active
13095,United Kingdom,General,1,71,1,74.39999999999999,74.39999999999999,144,2011-09-30 12:03:00,2011-09-30 12:03:00,1,Recently Active
13096,United Kingdom,General,1,395,1,419.7000000000001,419.7000000000001,6,2010-11-10 14:08:00,2010-11-10 14:08:00,1,Inactive >90 Days
13097,United Kingdom,Main,2,33,27,13015.36,482.0503703703704,5344,2009-12-01 13:31:00,2011-11-07 10:43:00,707,Recently Active
13098,United Kingdom,Main,2,2,28,28882.44,1031.5157142857142,15968,2011-01-26 13:46:00,2011-12-08 14:14:00,317,Recently Active
13099,United Kingdom,General,1,100,1,207.36,207.36,288,2011-09-01 17:40:00,2011-09-01 17:40:00,1,Inactive >90 Days
13101,United Kingdom,Minimum,3,235,4,695.4,173.85,478,2010-01-27 15:49:00,2011-04-19 14:37:00,448,Inactive >90 Days
13102,United Kingdom,Main,2,2,37,11380.1,307.57027027027027,6366,2010-05-06 13:12:00,2011-12-08 12:52:00,582,Recently Active
13103,United Kingdom,Prospective,0,40,3,709.64,236.54666666666665,426,2010-05-11 14:41:00,2011-10-31 09:38:00,539,Recently Active
13104,United Kingdom,Potential,4,4,9,1709.1,189.89999999999998,834,2010-02-24 15:06:00,2011-12-06 13:10:00,651,Recently Active
13105,United Kingdom,General,1,437,1,72.0,72.0,100,2010-09-29 13:41:00,2010-09-29 13:41:00,1,Inactive >90 Days
13106,United Kingdom,Minimum,3,134,2,603.46,301.73,231,2010-10-22 13:10:00,2011-07-29 15:12:00,281,Inactive >90 Days
13107,United Kingdom,Potential,4,45,9,5253.07,583.6744444444444,4316,2010-02-04 10:50:00,2011-10-26 14:52:00,630,Recently Active
13108,United Kingdom,Minimum,3,373,2,748.46,374.23,745,2010-09-30 17:09:00,2010-12-02 10:35:00,64,Inactive >90 Days
13109,United Kingdom,Prospective,0,60,3,1134.03,378.01,757,2010-06-06 12:59:00,2011-10-11 10:16:00,493,Recently Active
13110,United Kingdom,Potential,4,32,12,2957.4700000000003,246.45583333333335,763,2009-12-01 14:14:00,2011-11-08 14:30:00,708,Recently Active
13111,United Kingdom,General,1,719,1,321.88000000000005,321.88000000000005,180,2009-12-21 09:00:00,2009-12-21 09:00:00,1,Inactive >90 Days
13112,United Kingdom,General,1,542,1,20.599999999999998,20.599999999999998,11,2010-06-16 17:03:00,2010-06-16 17:03:00,1,Inactive >90 Days
13113,United Kingdom,Main,2,1,37,18230.07,492.7045945945946,4435,2010-03-28 16:13:00,2011-12-09 12:49:00,622,Recently Active
13114,United Kingdom,General,1,731,1,234.38,234.38,74,2009-12-09 09:56:00,2009-12-09 09:56:00,1,Inactive >90 Days
13115,United Kingdom,Potential,4,12,10,5494.7,549.47,3934,2010-04-19 13:29:00,2011-11-28 12:38:00,589,Recently Active
13116,United Kingdom,General,1,139,1,501.14,501.14,291,2011-07-24 14:33:00,2011-07-24 14:33:00,1,Inactive >90 Days
13117,United Kingdom,Potential,4,22,18,2255.66,125.31444444444443,1852,2010-03-26 13:50:00,2011-11-18 12:02:00,603,Recently Active
13118,United Kingdom,Potential,4,20,9,2415.41,268.37888888888887,834,2010-09-26 15:46:00,2011-11-20 12:46:00,421,Recently Active
13119,United Kingdom,General,1,669,1,134.9,134.9,110,2010-02-09 08:38:00,2010-02-09 08:38:00,1,Inactive >90 Days
13120,United Kingdom,General,1,239,1,30.6,30.6,12,2011-04-15 10:19:00,2011-04-15 10:19:00,1,Inactive >90 Days
13121,United Kingdom,General,1,270,1,283.73,283.73,252,2011-03-15 16:47:00,2011-03-15 16:47:00,1,Inactive >90 Days
13122,United Kingdom,Minimum,3,95,2,922.39,461.195,585,2011-04-13 14:12:00,2011-09-06 15:53:00,147,Inactive >90 Days
13123,United Kingdom,General,1,473,2,506.75,253.375,268,2010-06-28 12:43:00,2010-08-24 10:18:00,58,Inactive >90 Days
13124,United Kingdom,Potential,4,90,4,4641.66,1160.415,2738,2010-11-19 15:50:00,2011-09-11 12:45:00,297,Recently Active
13125,United Kingdom,General,1,524,1,148.62,148.62,53,2010-07-04 11:58:00,2010-07-04 11:58:00,1,Inactive >90 Days
13126,United Kingdom,Potential,4,5,13,3774.81,290.37,3289,2010-03-02 12:24:00,2011-12-05 10:00:00,644,Recently Active
13127,United Kingdom,Prospective,0,78,1,259.17,259.17,127,2011-09-23 10:26:00,2011-09-23 10:26:00,1,Recently Active
13128,United Kingdom,General,1,632,1,263.5,263.5,31,2010-03-18 15:08:00,2010-03-18 15:08:00,1,Inactive >90 Days
13129,United Kingdom,General,1,453,2,233.25,116.625,296,2010-06-28 11:54:00,2010-09-13 13:47:00,78,Inactive >90 Days
13130,United Kingdom,General,1,95,1,64.0,64.0,32,2011-09-06 15:30:00,2011-09-06 15:30:00,1,Inactive >90 Days
13131,United Kingdom,Potential,4,24,7,3313.77,473.3957142857143,1523,2010-02-09 09:47:00,2011-11-16 13:21:00,646,Recently Active
13132,United Kingdom,General,1,262,1,77.3,77.3,20,2011-03-23 12:44:00,2011-03-23 12:44:00,1,Inactive >90 Days
13133,United Kingdom,General,1,274,3,200.45,66.81666666666666,55,2010-09-06 15:30:00,2011-03-11 10:31:00,187,Inactive >90 Days
13134,United Kingdom,Potential,4,86,6,2475.23,412.53833333333336,1364,2010-10-19 13:21:00,2011-09-15 10:35:00,332,Recently Active
13135,United Kingdom,Minimum,3,197,2,3371.45,1685.725,4423,2010-08-05 17:28:00,2011-05-27 10:52:00,296,Inactive >90 Days
13136,United Kingdom,Potential,4,57,13,6274.56,482.65846153846155,3109,2009-12-08 18:30:00,2011-10-14 13:41:00,676,Recently Active
13137,United Kingdom,Main,2,11,16,7586.94,474.18375,4238,2010-07-25 15:40:00,2011-11-29 12:09:00,493,Recently Active
13138,United Kingdom,Potential,4,23,7,1274.01,182.00142857142856,593,2010-11-08 11:45:00,2011-11-17 16:51:00,375,Recently Active
13139,United Kingdom,Potential,4,17,8,8202.98,1025.3725,4614,2010-09-28 09:12:00,2011-11-23 13:54:00,422,Recently Active
13140,United Kingdom,Minimum,3,109,5,1054.92,210.984,572,2010-08-05 19:05:00,2011-08-23 15:33:00,384,Inactive >90 Days
13141,United Kingdom,Potential,4,85,17,7656.08,450.35764705882355,5159,2009-12-09 13:34:00,2011-09-16 09:54:00,647,Recently Active
13142,United Kingdom,Prospective,0,20,1,307.09000000000003,307.09000000000003,258,2011-11-20 16:07:00,2011-11-20 16:07:00,1,Recently Active
13143,United Kingdom,General,1,585,1,405.1,405.1,198,2010-05-04 12:22:00,2010-05-04 12:22:00,1,Inactive >90 Days
13144,United Kingdom,General,1,333,2,135.35,67.675,29,2010-10-04 14:14:00,2011-01-11 11:15:00,100,Inactive >90 Days
13145,United Kingdom,Potential,4,40,7,1128.52,161.21714285714285,265,2010-04-19 11:11:00,2011-10-31 12:45:00,561,Recently Active
13146,United Kingdom,Prospective,0,27,1,228.91,228.91,154,2011-11-13 15:29:00,2011-11-13 15:29:00,1,Recently Active
13147,United Kingdom,Prospective,0,11,4,712.8,178.2,144,2011-09-01 12:28:00,2011-11-29 13:59:00,90,Recently Active
13148,United Kingdom,Main,2,30,26,8488.32,326.4738461538461,4481,2009-12-07 15:26:00,2011-11-10 15:23:00,704,Recently Active
13149,United Kingdom,Potential,4,15,4,1676.06,419.015,1280,2011-02-23 13:57:00,2011-11-25 13:09:00,276,Recently Active
13150,United Kingdom,Minimum,3,485,3,449.96999999999997,149.98999999999998,171,2010-03-19 09:03:00,2010-08-12 12:59:00,147,Inactive >90 Days
13151,United Kingdom,Minimum,3,296,3,2454.71,818.2366666666667,788,2010-03-22 10:26:00,2011-02-17 12:29:00,333,Inactive >90 Days
13152,United Kingdom,Minimum,3,418,7,2146.38,306.6257142857143,977,2010-01-14 10:01:00,2010-10-18 13:44:00,278,Inactive >90 Days
13153,United Kingdom,Prospective,0,6,1,486.22,486.22,418,2011-12-04 12:14:00,2011-12-04 12:14:00,1,Recently Active
13154,United Kingdom,Minimum,3,400,3,1624.84,541.6133333333333,976,2009-12-04 08:46:00,2010-11-05 16:00:00,337,Inactive >90 Days
13155,United Kingdom,Potential,4,34,6,1370.48,228.41333333333333,741,2010-08-05 09:30:00,2011-11-06 15:41:00,459,Recently Active
13156,United Kingdom,Minimum,3,386,3,1586.54,528.8466666666667,914,2010-02-01 13:45:00,2010-11-19 13:09:00,292,Inactive >90 Days
13157,United Kingdom,Potential,4,50,9,5687.36,631.9288888888889,4762,2010-03-08 11:59:00,2011-10-21 13:50:00,593,Recently Active
13158,United Kingdom,Minimum,3,95,5,1508.18,301.636,992,2010-11-16 17:12:00,2011-09-06 11:58:00,295,Inactive >90 Days
13159,United Kingdom,Potential,4,9,4,1429.35,357.3375,1058,2011-08-16 11:44:00,2011-12-01 11:20:00,108,Recently Active
13160,United Kingdom,Prospective,0,23,1,91.8,91.8,56,2011-11-17 13:07:00,2011-11-17 13:07:00,1,Recently Active
13161,United Kingdom,General,1,314,2,472.13,236.065,105,2010-07-27 12:44:00,2011-01-30 14:03:00,188,Inactive >90 Days
13162,United Kingdom,Potential,4,123,16,9275.49,579.718125,5755,2009-12-04 13:59:00,2011-08-09 15:59:00,614,Inactive >90 Days
13163,United Kingdom,General,1,611,1,17.65,17.65,3,2010-04-08 16:21:00,2010-04-08 16:21:00,1,Inactive >90 Days
13164,United Kingdom,General,1,570,2,372.2,186.1,120,2010-02-10 11:52:00,2010-05-19 13:52:00,99,Inactive >90 Days
13165,United Kingdom,Prospective,0,47,3,1451.1599999999999,483.71999999999997,1736,2010-10-22 17:04:00,2011-10-24 15:05:00,368,Recently Active
13166,United Kingdom,Minimum,3,284,2,875.93,437.965,522,2010-10-21 14:29:00,2011-03-01 15:16:00,132,Inactive >90 Days
13167,United Kingdom,Potential,4,19,5,1113.15,222.63000000000002,995,2010-11-14 12:58:00,2011-11-21 12:24:00,373,Recently Active
13168,United Kingdom,Potential,4,37,5,1840.73,368.146,898,2010-06-15 15:00:00,2011-11-03 12:56:00,507,Recently Active
13169,United Kingdom,Prospective,0,64,3,840.08,280.0266666666667,296,2010-05-26 15:58:00,2011-10-07 12:11:00,500,Recently Active
13170,United Kingdom,Prospective,0,27,1,108.81,108.81,141,2011-11-13 12:19:00,2011-11-13 12:19:00,1,Recently Active
13171,United Kingdom,Prospective,0,22,3,468.41,156.13666666666668,229,2011-02-13 14:16:00,2011-11-18 10:27:00,279,Recently Active
13172,United Kingdom,General,1,401,1,69.6,69.6,48,2010-11-04 15:10:00,2010-11-04 15:10:00,1,Inactive >90 Days
13173,United Kingdom,Potential,4,5,11,2389.82,217.25636363636366,1479,2009-12-10 12:52:00,2011-12-05 15:51:00,726,Recently Active
13174,United Kingdom,Potential,4,17,11,7972.46,724.7690909090909,3790,2009-12-04 15:40:00,2011-11-23 14:35:00,720,Recently Active
13175,United Kingdom,Minimum,3,583,2,831.45,415.725,423,2009-12-04 12:11:00,2010-05-06 13:13:00,154,Inactive >90 Days
13176,United Kingdom,Prospective,0,47,1,481.49,481.49,448,2011-10-24 15:43:00,2011-10-24 15:43:00,1,Recently Active
13177,United Kingdom,Prospective,0,65,2,512.2,256.1,180,2010-10-05 10:35:00,2011-10-06 09:56:00,367,Recently Active
13178,United Kingdom,Main,2,27,21,14059.19,669.4852380952382,8778,2009-12-16 14:00:00,2011-11-13 16:14:00,698,Recently Active
13179,United Kingdom,General,1,619,1,572.3100000000001,572.3100000000001,368,2010-03-31 11:40:00,2010-03-31 11:40:00,1,Inactive >90 Days
13180,United Kingdom,General,1,608,1,86.10000000000001,86.10000000000001,42,2010-04-11 13:37:00,2010-04-11 13:37:00,1,Inactive >90 Days
13181,United Kingdom,General,1,382,1,359.69,359.69,171,2010-11-23 15:05:00,2010-11-23 15:05:00,1,Inactive >90 Days
13182,United Kingdom,Prospective,0,46,1,121.18,121.18,201,2011-10-25 13:46:00,2011-10-25 13:46:00,1,Recently Active
13183,United Kingdom,Main,2,8,15,7036.18,469.07866666666666,4027,2010-03-14 12:32:00,2011-12-02 10:30:00,629,Recently Active
13184,United Kingdom,Potential,4,15,10,1667.95,166.79500000000002,1661,2011-02-22 17:25:00,2011-11-25 12:02:00,277,Recently Active
13185,United Kingdom,General,1,268,1,71.4,71.4,12,2011-03-17 11:56:00,2011-03-17 11:56:00,1,Inactive >90 Days
13186,United Kingdom,Prospective,0,40,3,1575.89,525.2966666666667,820,2011-08-03 09:09:00,2011-10-31 11:40:00,90,Recently Active
13187,United Kingdom,Minimum,3,338,4,328.36,82.09,283,2010-03-25 17:18:00,2011-01-06 18:57:00,288,Inactive >90 Days
13188,United Kingdom,Prospective,0,12,1,114.6,114.6,25,2011-11-28 15:28:00,2011-11-28 15:28:00,1,Recently Active
13189,United Kingdom,Prospective,0,19,2,260.68,130.34,842,2011-08-16 13:12:00,2011-11-21 10:39:00,98,Recently Active
13190,United Kingdom,Minimum,3,545,3,570.66,190.22,308,2009-12-07 12:13:00,2010-06-13 15:47:00,189,Inactive >90 Days
13191,United Kingdom,General,1,659,1,159.21,159.21,111,2010-02-19 17:02:00,2010-02-19 17:02:00,1,Inactive >90 Days
13192,United Kingdom,Potential,4,96,6,2558.58,426.43,1629,2010-01-22 08:37:00,2011-09-05 14:13:00,592,Inactive >90 Days
13193,United Kingdom,General,1,62,1,112.08,112.08,46,2011-10-09 14:30:00,2011-10-09 14:30:00,1,Recently Active
13194,United Kingdom,General,1,136,2,472.78,236.39,326,2010-10-14 11:54:00,2011-07-27 09:01:00,287,Inactive >90 Days
13195,United Kingdom,General,1,415,1,136.73,136.73,70,2010-10-21 13:07:00,2010-10-21 13:07:00,1,Inactive >90 Days
13196,United Kingdom,Potential,4,12,7,3068.84,438.4057142857143,2006,2010-04-01 12:54:00,2011-11-28 13:54:00,607,Recently Active
13197,United Kingdom,General,1,610,1,373.01000000000005,373.01000000000005,204,2010-04-09 09:14:00,2010-04-09 09:14:00,1,Inactive >90 Days
13198,United Kingdom,Potential,4,11,8,4974.2300000000005,621.7787500000001,3449,2010-10-01 13:27:00,2011-11-29 15:17:00,425,Recently Active
13199,United Kingdom,Main,2,4,66,15949.210000000001,241.65469696969697,11566,2009-12-05 10:11:00,2011-12-06 12:30:00,732,Recently Active
13200,United Kingdom,Prospective,0,20,4,870.09,217.5225,516,2011-08-05 14:50:00,2011-11-20 15:35:00,108,Recently Active
13201,United Kingdom,Minimum,3,503,4,1233.06,308.265,1036,2010-03-07 11:01:00,2010-07-25 14:30:00,141,Inactive >90 Days
13202,United Kingdom,Minimum,3,395,7,1580.3,225.75714285714284,572,2009-12-09 10:48:00,2010-11-10 16:24:00,337,Inactive >90 Days
13203,United Kingdom,Potential,4,10,10,2648.25,264.825,2413,2009-12-17 14:15:00,2011-11-30 10:45:00,714,Recently Active
13204,United Kingdom,General,1,732,1,966.6600000000001,966.6600000000001,428,2009-12-08 14:56:00,2009-12-08 14:56:00,1,Inactive >90 Days
13205,United Kingdom,Minimum,3,444,1,2803.2,2803.2,256,2010-09-22 16:26:00,2010-09-22 16:26:00,1,Inactive >90 Days
13206,United Kingdom,Minimum,3,401,13,8308.19,639.0915384615384,7086,2009-12-07 13:48:00,2010-11-04 16:50:00,333,Inactive >90 Days
13207,United Kingdom,Prospective,0,16,4,535.86,133.965,178,2010-04-06 16:37:00,2011-11-24 14:52:00,598,Recently Active
13208,United Kingdom,Potential,4,60,8,1951.82,243.9775,1307,2009-12-03 13:25:00,2011-10-11 16:25:00,678,Recently Active
13209,United Kingdom,Potential,4,31,13,8509.51,654.5776923076924,5781,2010-01-24 14:30:00,2011-11-09 13:54:00,655,Recently Active
13210,United Kingdom,General,1,94,1,353.48,353.48,316,2011-09-07 08:18:00,2011-09-07 08:18:00,1,Inactive >90 Days
13211,United Kingdom,Potential,4,11,10,2618.77,261.877,1845,2009-12-06 15:24:00,2011-11-29 14:43:00,724,Recently Active
13212,United Kingdom,Prospective,0,20,3,786.83,262.2766666666667,309,2011-10-09 14:48:00,2011-11-20 12:40:00,43,Recently Active
13213,United Kingdom,Potential,4,57,11,3851.52,350.1381818181818,2962,2010-05-20 14:50:00,2011-10-14 11:42:00,513,Recently Active
13214,United Kingdom,Minimum,3,418,7,3264.23,466.31857142857143,2966,2010-03-03 14:10:00,2010-10-18 10:00:00,230,Inactive >90 Days
13215,United Kingdom,General,1,403,1,81.6,81.6,96,2010-11-02 18:26:00,2010-11-02 18:26:00,1,Inactive >90 Days
13216,United Kingdom,General,1,268,1,333.74,333.74,297,2011-03-17 12:18:00,2011-03-17 12:18:00,1,Inactive >90 Days
13217,United Kingdom,Minimum,3,123,4,666.48,166.62,512,2010-02-22 12:49:00,2011-08-09 15:32:00,534,Inactive >90 Days
13218,United Kingdom,General,1,128,1,62.64,62.64,88,2011-08-04 16:59:00,2011-08-04 16:59:00,1,Inactive >90 Days
13219,United Kingdom,General,1,619,1,76.23,76.23,11,2010-03-31 14:18:00,2010-03-31 14:18:00,1,Inactive >90 Days
13220,United Kingdom,Minimum,3,79,5,1336.0900000000001,267.218,396,2010-05-13 10:35:00,2011-09-22 13:38:00,498,Recently Active
13221,United Kingdom,Minimum,3,241,2,844.86,422.43,243,2010-12-15 13:24:00,2011-04-13 16:58:00,120,Inactive >90 Days
13222,United Kingdom,General,1,578,1,88.5,88.5,30,2010-05-11 13:54:00,2010-05-11 13:54:00,1,Inactive >90 Days
13223,United Kingdom,Minimum,3,201,6,969.12,161.52,568,2010-02-12 13:27:00,2011-05-23 13:03:00,466,Inactive >90 Days
13224,United Kingdom,Minimum,3,61,2,2152.95,1076.475,1515,2011-07-11 14:10:00,2011-10-10 14:55:00,92,Recently Active
13225,United Kingdom,Main,2,4,16,16260.07,1016.254375,7401,2009-12-17 09:09:00,2011-12-06 13:29:00,720,Recently Active
13226,United Kingdom,General,1,274,2,312.46,156.23,179,2010-11-11 13:46:00,2011-03-11 14:35:00,121,Inactive >90 Days
13227,United Kingdom,General,1,202,1,257.7,257.7,99,2011-05-22 11:47:00,2011-05-22 11:47:00,1,Inactive >90 Days
13228,United Kingdom,Prospective,0,82,1,358.0,358.0,200,2011-09-19 14:28:00,2011-09-19 14:28:00,1,Recently Active
13229,United Kingdom,General,1,226,1,160.95,160.95,63,2011-04-28 12:07:00,2011-04-28 12:07:00,1,Inactive >90 Days
13230,United Kingdom,Main,2,5,30,6109.51,203.65033333333335,3495,2010-03-18 20:02:00,2011-12-05 16:03:00,628,Recently Active
13232,United Kingdom,Potential,4,13,7,1327.75,189.67857142857142,771,2011-04-10 13:48:00,2011-11-27 10:39:00,232,Recently Active
13233,United Kingdom,Minimum,3,75,4,1176.46,294.115,1604,2010-01-14 14:10:00,2011-09-26 13:25:00,621,Recently Active
13234,United Kingdom,General,1,673,2,346.5,173.25,159,2009-12-07 12:32:00,2010-02-05 11:41:00,61,Inactive >90 Days
13235,United Kingdom,Minimum,3,213,1,1031.07,1031.07,441,2011-05-11 17:13:00,2011-05-11 17:13:00,1,Inactive >90 Days
13236,United Kingdom,Prospective,0,25,2,744.85,372.425,416,2011-08-25 08:58:00,2011-11-15 12:50:00,83,Recently Active
13237,United Kingdom,General,1,388,1,643.0,643.0,128,2010-11-17 10:07:00,2010-11-17 10:07:00,1,Inactive >90 Days
13238,United Kingdom,Potential,4,18,6,1006.63,167.77166666666668,442,2010-04-28 15:02:00,2011-11-22 15:37:00,574,Recently Active
13239,United Kingdom,Minimum,3,262,5,1594.69,318.938,1151,2010-07-25 13:34:00,2011-03-23 10:25:00,242,Inactive >90 Days
13240,United Kingdom,Potential,4,97,8,1455.39,181.92375,707,2010-02-25 13:17:00,2011-09-04 14:08:00,557,Inactive >90 Days
13241,United Kingdom,General,1,412,1,112.53,112.53,46,2010-10-24 11:17:00,2010-10-24 11:17:00,1,Inactive >90 Days
13242,United Kingdom,Minimum,3,113,7,699.4,99.91428571428571,350,2010-02-09 13:12:00,2011-08-19 12:53:00,557,Inactive >90 Days
13243,United Kingdom,Minimum,3,204,5,1220.38,244.07600000000002,554,2010-03-18 13:10:00,2011-05-20 13:14:00,429,Inactive >90 Days
13244,United Kingdom,General,1,93,1,121.74000000000001,121.74000000000001,38,2011-09-08 11:46:00,2011-09-08 11:46:00,1,Inactive >90 Days
13245,United Kingdom,Prospective,0,51,2,989.22,494.61,371,2010-10-03 14:03:00,2011-10-20 11:40:00,383,Recently Active
13246,United Kingdom,Potential,4,19,11,3351.75,304.70454545454544,2796,2010-07-02 13:36:00,2011-11-21 16:50:00,508,Recently Active
13247,United Kingdom,Prospective,0,18,4,501.12,125.28,328,2011-09-18 11:31:00,2011-11-22 10:59:00,66,Recently Active
13248,United Kingdom,General,1,125,2,465.68,232.84,305,2011-06-03 13:05:00,2011-08-07 12:40:00,66,Inactive >90 Days
13249,United Kingdom,Potential,4,93,9,1608.9299999999998,178.76999999999998,1246,2010-01-24 12:11:00,2011-09-08 13:26:00,593,Inactive >90 Days
13250,United Kingdom,General,1,461,2,253.09,126.545,107,2010-07-25 14:01:00,2010-09-05 11:33:00,43,Inactive >90 Days
13251,United Kingdom,General,1,403,1,252.68,252.68,215,2010-11-02 13:20:00,2010-11-02 13:20:00,1,Inactive >90 Days
13252,United Kingdom,General,1,395,2,399.3,199.65,134,2010-03-24 10:30:00,2010-11-10 16:00:00,232,Inactive >90 Days
13253,United Kingdom,Minimum,3,157,4,2951.11,737.7775,3015,2010-01-05 12:13:00,2011-07-06 10:09:00,548,Inactive >90 Days
13254,United Kingdom,General,1,377,1,51.41,51.41,43,2010-11-28 15:42:00,2010-11-28 15:42:00,1,Inactive >90 Days
13255,United Kingdom,Prospective,0,10,3,678.76,226.25333333333333,407,2010-07-15 13:20:00,2011-11-30 13:14:00,504,Recently Active
13257,United Kingdom,General,1,437,1,149.75,149.75,33,2010-09-29 14:58:00,2010-09-29 14:58:00,1,Inactive >90 Days
13258,United Kingdom,Potential,4,12,5,1009.43,201.886,446,2010-11-04 12:45:00,2011-11-28 09:31:00,390,Recently Active
13259,United Kingdom,Potential,4,62,9,1398.79,155.42111111111112,502,2010-01-10 10:26:00,2011-10-09 10:48:00,638,Recently Active
13260,United Kingdom,Prospective,0,62,1,557.62,557.62,142,2011-10-09 13:21:00,2011-10-09 13:21:00,1,Recently Active
13261,United Kingdom,Minimum,3,269,2,944.1,472.05,210,2011-02-27 10:41:00,2011-03-16 12:22:00,18,Inactive >90 Days
13262,United Kingdom,Minimum,3,264,3,573.45,191.15,247,2010-04-18 12:14:00,2011-03-21 15:06:00,338,Inactive >90 Days
13263,United Kingdom,Main,2,2,38,8650.98,227.6573684210526,5365,2010-10-22 17:07:00,2011-12-08 13:59:00,413,Recently Active
13264,United Kingdom,General,1,443,1,722.5600000000001,722.5600000000001,375,2010-09-23 12:42:00,2010-09-23 12:42:00,1,Inactive >90 Days
13265,United Kingdom,Potential,4,54,5,2092.66,418.532,1740,2011-03-11 09:54:00,2011-10-17 15:02:00,221,Recently Active
13266,United Kingdom,Main,2,12,19,6135.04,322.89684210526315,6837,2009-12-17 10:52:00,2011-11-28 14:39:00,712,Recently Active
13267,United Kingdom,Main,2,3,36,9429.81,261.93916666666667,3959,2009-12-07 16:56:00,2011-12-07 11:12:00,731,Recently Active
13268,United Kingdom,Potential,4,18,10,3152.71,315.271,3548,2011-03-17 13:20:00,2011-11-22 11:34:00,251,Recently Active
13269,United Kingdom,Main,2,2,28,8537.32,304.9042857142857,6366,2009-12-02 11:47:00,2011-12-08 14:53:00,737,Recently Active
13270,United Kingdom,General,1,367,1,590.0,590.0,200,2010-12-08 14:53:00,2010-12-08 14:53:00,1,Inactive >90 Days
13271,United Kingdom,Prospective,0,38,1,211.49,211.49,240,2011-11-02 14:31:00,2011-11-02 14:31:00,1,Recently Active
13272,United Kingdom,Prospective,0,32,2,276.56,138.28,96,2011-09-11 12:06:00,2011-11-08 14:00:00,59,Recently Active
13273,United Kingdom,General,1,114,1,138.98,138.98,153,2011-08-18 14:02:00,2011-08-18 14:02:00,1,Inactive >90 Days
13274,United Kingdom,General,1,410,1,360.85,360.85,199,2010-10-26 13:48:00,2010-10-26 13:48:00,1,Inactive >90 Days
13275,United Kingdom,General,1,384,2,238.86,119.43,138,2010-03-17 14:05:00,2010-11-21 12:09:00,250,Inactive >90 Days
13276,United Kingdom,Potential,4,64,5,1891.91,378.382,840,2010-03-07 14:05:00,2011-10-07 12:44:00,580,Recently Active
13277,United Kingdom,Prospective,0,16,7,523.3,74.75714285714285,382,2010-06-18 08:45:00,2011-11-24 09:21:00,525,Recently Active
13278,United Kingdom,Potential,4,41,4,1425.35,356.3375,1333,2010-04-08 11:59:00,2011-10-30 11:49:00,571,Recently Active
13279,United Kingdom,General,1,79,1,137.75,137.75,73,2011-09-22 17:24:00,2011-09-22 17:24:00,1,Recently Active
13280,United Kingdom,Minimum,3,123,7,2293.33,327.61857142857144,1489,2010-03-05 09:07:00,2011-08-09 13:14:00,523,Inactive >90 Days
13281,United Kingdom,General,1,440,1,350.85,350.85,201,2010-09-26 16:03:00,2010-09-26 16:03:00,1,Inactive >90 Days
13282,United Kingdom,Prospective,0,19,4,1313.19,328.2975,410,2010-10-29 14:11:00,2011-11-21 15:33:00,389,Recently Active
13283,United Kingdom,Prospective,0,60,4,373.36,93.34,204,2010-03-09 14:36:00,2011-10-11 09:50:00,582,Recently Active
13284,United Kingdom,General,1,331,1,201.19,201.19,91,2011-01-13 09:23:00,2011-01-13 09:23:00,1,Inactive >90 Days
13285,United Kingdom,Potential,4,24,6,3364.59,560.765,2457,2010-03-25 14:26:00,2011-11-16 13:19:00,602,Recently Active
13286,United Kingdom,General,1,601,1,734.91,734.91,274,2010-04-18 15:35:00,2010-04-18 15:35:00,1,Inactive >90 Days
13287,United Kingdom,Minimum,3,604,3,781.59,260.53000000000003,429,2010-01-04 10:43:00,2010-04-15 15:26:00,102,Inactive >90 Days
13288,United Kingdom,Minimum,3,444,5,927.61,185.522,379,2010-02-11 14:59:00,2010-09-22 16:32:00,224,Inactive >90 Days
13289,United Kingdom,General,1,724,1,307.95,307.95,119,2009-12-16 11:53:00,2009-12-16 11:53:00,1,Inactive >90 Days
13291,United Kingdom,Potential,4,156,11,3270.79,297.3445454545454,1600,2010-02-11 18:36:00,2011-07-07 10:36:00,512,Inactive >90 Days
13292,United Kingdom,Potential,4,39,5,994.51,198.902,530,2010-07-01 14:36:00,2011-11-01 10:04:00,489,Recently Active
13293,United Kingdom,Minimum,3,393,6,1192.94,198.82333333333335,555,2010-02-09 12:05:00,2010-11-12 13:28:00,277,Inactive >90 Days
13294,United Kingdom,Minimum,3,190,3,1689.53,563.1766666666666,996,2010-03-03 12:54:00,2011-06-03 08:54:00,458,Inactive >90 Days
13295,United Kingdom,Minimum,3,360,4,1101.97,275.4925,733,2010-05-12 09:13:00,2010-12-15 11:21:00,218,Inactive >90 Days
13296,United Kingdom,Minimum,3,138,6,792.51,132.085,653,2010-05-11 14:29:00,2011-07-25 13:46:00,441,Inactive >90 Days
13297,United Kingdom,Potential,4,8,7,4368.62,624.0885714285714,2694,2010-06-15 12:35:00,2011-12-02 09:32:00,536,Recently Active
13298,United Kingdom,Prospective,0,2,1,360.0,360.0,96,2011-12-08 13:11:00,2011-12-08 13:11:00,1,Recently Active
13299,United Kingdom,Minimum,3,269,3,1218.7,406.23333333333335,416,2010-06-29 11:30:00,2011-03-16 12:55:00,261,Inactive >90 Days
13300,United Kingdom,Minimum,3,170,3,1285.51,428.50333333333333,455,2010-05-14 15:56:00,2011-06-23 13:09:00,406,Inactive >90 Days
13301,United Kingdom,Minimum,3,104,4,600.1899999999999,150.04749999999999,343,2011-02-20 13:13:00,2011-08-28 11:25:00,190,Inactive >90 Days
13302,United Kingdom,General,1,156,2,159.2,79.6,12,2010-07-01 12:32:00,2011-07-07 17:56:00,372,Inactive >90 Days
13303,United Kingdom,General,1,401,1,61.72,61.72,26,2010-11-04 14:55:00,2010-11-04 14:55:00,1,Inactive >90 Days
13304,United Kingdom,Minimum,3,352,4,1217.99,304.4975,716,2010-02-08 12:42:00,2010-12-23 14:35:00,319,Inactive >90 Days
13305,United Kingdom,Main,2,5,16,3616.41,226.025625,2228,2010-03-10 14:49:00,2011-12-05 15:15:00,636,Recently Active
13306,United Kingdom,General,1,431,1,53.65,53.65,74,2010-10-05 14:55:00,2010-10-05 14:55:00,1,Inactive >90 Days
13307,United Kingdom,General,1,121,3,273.34,91.11333333333333,140,2010-04-26 13:28:00,2011-08-11 17:14:00,473,Inactive >90 Days
13308,United Kingdom,Potential,4,23,4,1670.3700000000001,417.59250000000003,1073,2010-04-22 09:22:00,2011-11-17 09:31:00,575,Recently Active
13309,United Kingdom,Potential,4,8,6,1706.3700000000001,284.39500000000004,1914,2010-11-12 12:10:00,2011-12-02 16:34:00,386,Recently Active
13310,United Kingdom,Potential,4,29,5,1541.2,308.24,816,2010-11-02 17:03:00,2011-11-11 17:23:00,375,Recently Active
13311,United Kingdom,Prospective,0,5,2,598.57,299.285,305,2011-07-12 14:26:00,2011-12-05 12:55:00,147,Recently Active
13312,United Kingdom,General,1,452,1,124.75,124.75,41,2010-09-14 14:36:00,2010-09-14 14:36:00,1,Inactive >90 Days
13313,United Kingdom,Potential,4,23,12,3445.32,287.11,2308,2009-12-02 16:18:00,2011-11-17 16:48:00,716,Recently Active
13314,United Kingdom,Prospective,0,2,3,775.94,258.6466666666667,560,2011-09-27 10:20:00,2011-12-08 12:29:00,73,Recently Active
13315,United Kingdom,General,1,690,1,310.26000000000005,310.26000000000005,232,2010-01-19 15:34:00,2010-01-19 15:34:00,1,Inactive >90 Days
13316,United Kingdom,Potential,4,38,10,12940.82,1294.0819999999999,19931,2010-03-10 10:01:00,2011-11-02 13:40:00,603,Recently Active
13317,United Kingdom,Potential,4,67,19,6486.09,341.37315789473683,3148,2009-12-13 11:11:00,2011-10-04 13:35:00,661,Recently Active
13318,United Kingdom,Prospective,0,2,3,640.76,213.58666666666667,304,2011-11-02 13:26:00,2011-12-08 18:51:00,37,Recently Active
13319,United Kingdom,Main,2,6,58,21323.22,367.6417241379311,8974,2009-12-06 14:46:00,2011-12-04 13:34:00,729,Recently Active
13320,United Kingdom,Potential,4,79,6,2211.6,368.59999999999997,1509,2010-08-18 10:29:00,2011-09-22 18:07:00,401,Recently Active
13321,United Kingdom,Prospective,0,73,2,567.36,283.68,372,2011-09-14 15:18:00,2011-09-28 15:24:00,15,Recently Active
13322,United Kingdom,Prospective,0,18,1,199.48000000000002,199.48000000000002,117,2011-11-22 14:21:00,2011-11-22 14:21:00,1,Recently Active
13323,United Kingdom,Prospective,0,4,5,787.85,157.57,175,2011-09-16 13:23:00,2011-12-06 17:12:00,82,Recently Active
13324,United Kingdom,Main,2,37,18,10513.47,584.0816666666666,8448,2010-05-25 10:23:00,2011-11-03 16:28:00,528,Recently Active
13325,United Kingdom,Prospective,0,82,1,675.3,675.3,240,2011-09-19 10:36:00,2011-09-19 10:36:00,1,Recently Active
13326,United Kingdom,General,1,433,1,281.76,281.76,140,2010-10-03 16:00:00,2010-10-03 16:00:00,1,Inactive >90 Days
13327,United Kingdom,Main,2,39,19,9052.87,476.4668421052632,4202,2009-12-18 15:35:00,2011-11-01 10:21:00,684,Recently Active
13328,United Kingdom,Minimum,3,317,1,1308.48,1308.48,680,2011-01-27 15:22:00,2011-01-27 15:22:00,1,Inactive >90 Days
13329,United Kingdom,Potential,4,32,8,4808.7699999999995,601.0962499999999,3311,2009-12-04 15:41:00,2011-11-08 10:29:00,705,Recently Active
13330,United Kingdom,Potential,4,93,6,2796.1,466.01666666666665,1951,2010-02-23 10:12:00,2011-09-08 12:27:00,563,Inactive >90 Days
13331,United Kingdom,General,1,402,1,262.4,262.4,54,2010-11-03 08:04:00,2010-11-03 08:04:00,1,Inactive >90 Days
13332,United Kingdom,Prospective,0,15,1,350.90000000000003,350.90000000000003,179,2011-11-25 13:30:00,2011-11-25 13:30:00,1,Recently Active
13333,United Kingdom,Minimum,3,412,3,1015.74,338.58,685,2010-02-19 09:26:00,2010-10-24 13:24:00,248,Inactive >90 Days
13334,United Kingdom,Potential,4,83,5,6201.8,1240.3600000000001,3198,2010-02-25 12:21:00,2011-09-18 15:21:00,571,Recently Active
13336,United Kingdom,Prospective,0,78,1,795.12,795.12,559,2011-09-23 14:05:00,2011-09-23 14:05:00,1,Recently Active
13337,United Kingdom,Minimum,3,547,1,1575.26,1575.26,980,2010-06-11 13:27:00,2010-06-11 13:27:00,1,Inactive >90 Days
13338,United Kingdom,Minimum,3,158,4,2345.62,586.405,1149,2010-01-05 12:25:00,2011-07-05 09:06:00,547,Inactive >90 Days
13339,United Kingdom,General,1,201,1,860.12,860.12,326,2011-05-23 08:31:00,2011-05-23 08:31:00,1,Inactive >90 Days
13340,United Kingdom,Main,2,46,12,22100.56,1841.7133333333334,9636,2010-02-22 14:54:00,2011-10-25 13:15:00,611,Recently Active
13341,United Kingdom,General,1,261,1,775.85,775.85,301,2011-03-24 09:50:00,2011-03-24 09:50:00,1,Inactive >90 Days
13343,United Kingdom,General,1,178,1,303.43,303.43,134,2011-06-15 12:24:00,2011-06-15 12:24:00,1,Inactive >90 Days
13344,United Kingdom,Minimum,3,68,3,2511.69,837.23,952,2011-03-07 10:28:00,2011-10-03 09:45:00,211,Recently Active
13345,United Kingdom,General,1,288,1,339.5,339.5,140,2011-02-25 09:01:00,2011-02-25 09:01:00,1,Inactive >90 Days
13346,United Kingdom,Minimum,3,463,6,299.4,49.9,180,2010-04-22 12:34:00,2010-09-03 11:41:00,135,Inactive >90 Days
13347,United Kingdom,Prospective,0,71,1,291.36,291.36,204,2011-09-30 13:28:00,2011-09-30 13:28:00,1,Recently Active
13348,United Kingdom,Prospective,0,65,1,233.76000000000002,233.76000000000002,136,2011-10-06 17:28:00,2011-10-06 17:28:00,1,Recently Active
13349,United Kingdom,Prospective,0,11,1,197.32,197.32,224,2011-11-29 08:07:00,2011-11-29 08:07:00,1,Recently Active
13350,United Kingdom,Prospective,0,17,2,879.12,439.56,285,2011-09-21 13:33:00,2011-11-23 16:33:00,64,Recently Active
13351,United Kingdom,Prospective,0,67,1,323.94,323.94,116,2011-10-04 12:55:00,2011-10-04 12:55:00,1,Recently Active
13352,United Kingdom,Prospective,0,61,1,347.98,347.98,320,2011-10-10 13:55:00,2011-10-10 13:55:00,1,Recently Active
13354,United Kingdom,Prospective,0,72,1,743.53,743.53,604,2011-09-29 13:17:00,2011-09-29 13:17:00,1,Recently Active
13355,United Kingdom,General,1,123,1,674.7,674.7,314,2011-08-09 14:48:00,2011-08-09 14:48:00,1,Inactive >90 Days
13356,United Kingdom,Prospective,0,81,1,768.24,768.24,325,2011-09-20 14:33:00,2011-09-20 14:33:00,1,Recently Active
13357,United Kingdom,Minimum,3,258,5,3795.01,759.0020000000001,2087,2010-03-22 14:30:00,2011-03-27 13:56:00,371,Inactive >90 Days
13358,United Kingdom,General,1,269,1,389.03000000000003,389.03000000000003,284,2011-03-16 11:52:00,2011-03-16 11:52:00,1,Inactive >90 Days
13359,United Kingdom,Prospective,0,64,2,943.3100000000001,471.65500000000003,379,2010-11-01 15:05:00,2011-10-07 09:30:00,341,Recently Active
13360,United Kingdom,Minimum,3,432,4,1503.65,375.9125,941,2010-01-08 11:16:00,2010-10-04 12:37:00,270,Inactive >90 Days
13361,United Kingdom,Minimum,3,473,2,1450.5,725.25,324,2010-04-01 07:49:00,2010-08-24 14:56:00,146,Inactive >90 Days
13362,United Kingdom,Potential,4,10,7,5394.07,770.5814285714285,2481,2010-10-10 15:27:00,2011-11-30 14:41:00,417,Recently Active
13363,United Kingdom,Prospective,0,18,3,1623.8600000000001,541.2866666666667,1144,2010-10-26 11:07:00,2011-11-22 12:40:00,393,Recently Active
13364,United Kingdom,General,1,72,1,134.96,134.96,71,2011-09-29 18:13:00,2011-09-29 18:13:00,1,Recently Active
13365,United Kingdom,Prospective,0,34,2,2225.37,1112.685,1247,2011-05-06 12:00:00,2011-11-06 12:36:00,185,Recently Active
13366,United Kingdom,General,1,51,1,56.16,56.16,144,2011-10-20 13:37:00,2011-10-20 13:37:00,1,Recently Active
13367,United Kingdom,General,1,432,1,460.2,460.2,252,2010-10-04 10:00:00,2010-10-04 10:00:00,1,Inactive >90 Days
13368,United Kingdom,Minimum,3,257,4,1021.5,255.375,604,2010-10-12 10:43:00,2011-03-28 09:59:00,168,Inactive >90 Days
13369,United Kingdom,General,1,366,1,258.28000000000003,258.28000000000003,148,2010-12-09 11:30:00,2010-12-09 11:30:00,1,Inactive >90 Days
13370,United Kingdom,General,1,372,1,754.87,754.87,343,2010-12-03 10:26:00,2010-12-03 10:26:00,1,Inactive >90 Days
13371,United Kingdom,Minimum,3,506,2,2297.66,1148.83,1019,2010-03-17 15:29:00,2010-07-22 17:33:00,128,Inactive >90 Days
13372,United Kingdom,General,1,90,1,328.64,328.64,158,2011-09-11 12:46:00,2011-09-11 12:46:00,1,Recently Active
13373,United Kingdom,Potential,4,61,6,7587.1900000000005,1264.5316666666668,4263,2009-12-06 12:34:00,2011-10-10 10:51:00,674,Recently Active
13374,United Kingdom,General,1,415,2,372.8,186.4,134,2010-09-16 10:29:00,2010-10-21 10:04:00,36,Inactive >90 Days
13375,United Kingdom,Minimum,3,89,2,1792.23,896.115,1124,2010-09-21 08:12:00,2011-09-12 10:19:00,357,Recently Active
13376,United Kingdom,Minimum,3,100,3,869.76,289.92,490,2011-04-19 13:03:00,2011-09-01 16:16:00,136,Inactive >90 Days
13377,United Kingdom,Minimum,3,397,2,1452.88,726.44,746,2010-03-04 10:06:00,2010-11-08 12:20:00,250,Inactive >90 Days
13379,United Kingdom,Prospective,0,27,3,572.56,190.85333333333332,601,2011-07-26 12:26:00,2011-11-13 13:45:00,111,Recently Active
13380,United Kingdom,General,1,433,1,62.4,62.4,48,2010-10-03 10:18:00,2010-10-03 10:18:00,1,Inactive >90 Days
13381,United Kingdom,Potential,4,32,12,8224.37,685.3641666666667,5125,2009-12-01 15:19:00,2011-11-08 11:58:00,708,Recently Active
13382,United Kingdom,Minimum,3,281,5,1387.58,277.51599999999996,863,2009-12-08 09:56:00,2011-03-04 10:03:00,452,Inactive >90 Days
13383,United Kingdom,General,1,544,1,305.28000000000003,305.28000000000003,288,2010-06-14 11:45:00,2010-06-14 11:45:00,1,Inactive >90 Days
13384,United Kingdom,Potential,4,31,11,6680.83,607.3481818181818,4142,2010-07-27 12:22:00,2011-11-09 11:04:00,471,Recently Active
13385,United Kingdom,General,1,330,1,534.57,534.57,281,2011-01-14 09:52:00,2011-01-14 09:52:00,1,Inactive >90 Days
13386,United Kingdom,Minimum,3,415,2,835.46,417.73,514,2010-09-28 13:09:00,2010-10-21 12:52:00,24,Inactive >90 Days
13387,United Kingdom,General,1,418,1,181.84,181.84,117,2010-10-18 14:07:00,2010-10-18 14:07:00,1,Inactive >90 Days
13388,United Kingdom,Minimum,3,132,3,1185.65,395.2166666666667,701,2010-04-15 10:18:00,2011-07-31 12:52:00,473,Inactive >90 Days
13389,United Kingdom,Prospective,0,12,3,797.96,265.9866666666667,429,2011-04-21 12:12:00,2011-11-28 14:01:00,222,Recently Active
13390,United Kingdom,Prospective,0,75,1,544.08,544.08,224,2011-09-26 08:38:00,2011-09-26 08:38:00,1,Recently Active
13391,United Kingdom,General,1,204,1,59.8,59.8,4,2011-05-20 10:50:00,2011-05-20 10:50:00,1,Inactive >90 Days
13392,United Kingdom,General,1,678,1,91.14,91.14,82,2010-01-31 13:34:00,2010-01-31 13:34:00,1,Inactive >90 Days
13393,United Kingdom,Minimum,3,584,4,1131.45,282.8625,662,2009-12-07 18:12:00,2010-05-05 09:34:00,150,Inactive >90 Days
13394,United Kingdom,Main,2,2,19,6621.7,348.5105263157895,5354,2009-12-01 11:58:00,2011-12-08 11:36:00,738,Recently Active
13395,United Kingdom,Minimum,3,186,3,1180.23,393.41,1660,2010-10-14 13:00:00,2011-06-07 15:04:00,237,Inactive >90 Days
13396,United Kingdom,Prospective,0,30,2,1360.99,680.495,600,2011-01-24 13:37:00,2011-11-10 16:59:00,291,Recently Active
13397,United Kingdom,Potential,4,73,10,3191.87,319.187,1336,2010-01-20 09:50:00,2011-09-28 10:56:00,617,Recently Active
13398,United Kingdom,Minimum,3,193,2,670.34,335.17,341,2010-09-17 09:34:00,2011-05-31 13:17:00,257,Inactive >90 Days
13399,United Kingdom,General,1,465,3,275.4,91.8,120,2010-07-08 17:47:00,2010-09-01 13:59:00,56,Inactive >90 Days
13400,United Kingdom,General,1,583,1,310.83,310.83,284,2010-05-06 09:00:00,2010-05-06 09:00:00,1,Inactive >90 Days
13402,United Kingdom,Minimum,3,128,4,1226.8500000000001,306.71250000000003,917,2010-05-24 10:56:00,2011-08-04 15:51:00,438,Inactive >90 Days
13403,United Kingdom,Prospective,0,18,3,229.5,76.5,114,2009-12-16 13:23:00,2011-11-22 08:28:00,707,Recently Active
13404,United Kingdom,Prospective,0,2,2,252.49,126.245,111,2011-05-11 11:57:00,2011-12-08 15:37:00,212,Recently Active
13405,United Kingdom,Minimum,3,205,5,1198.81,239.762,853,2009-12-15 14:13:00,2011-05-19 16:31:00,521,Inactive >90 Days
13406,United Kingdom,General,1,428,2,568.92,284.46,292,2010-03-18 07:29:00,2010-10-08 14:44:00,205,Inactive >90 Days
13407,United Kingdom,Minimum,3,579,3,2244.7,748.2333333333332,1690,2010-02-16 11:13:00,2010-05-10 12:41:00,84,Inactive >90 Days
13408,United Kingdom,Main,2,2,106,50174.78,473.3469811320755,28673,2009-12-04 09:31:00,2011-12-08 09:05:00,735,Recently Active
13410,United Kingdom,Potential,4,25,9,2201.96,244.66222222222223,1244,2009-12-08 13:43:00,2011-11-15 15:33:00,708,Recently Active
13411,United Kingdom,General,1,108,1,213.55,213.55,72,2011-08-24 13:57:00,2011-08-24 13:57:00,1,Inactive >90 Days
13412,United Kingdom,General,1,621,1,487.35,487.35,176,2010-03-29 16:28:00,2010-03-29 16:28:00,1,Inactive >90 Days
13413,United Kingdom,Minimum,3,640,6,429.44,71.57333333333334,455,2010-01-21 17:43:00,2010-03-10 12:17:00,49,Inactive >90 Days
13414,United Kingdom,Minimum,3,134,6,2494.14,415.69,2702,2010-04-15 17:00:00,2011-07-29 11:45:00,471,Inactive >90 Days
13415,United Kingdom,Minimum,3,473,4,784.17,196.0425,496,2009-12-11 14:20:00,2010-08-24 11:38:00,257,Inactive >90 Days
13416,United Kingdom,Prospective,0,44,3,940.8000000000001,313.6,208,2009-12-03 13:02:00,2011-10-27 08:56:00,694,Recently Active
13417,United Kingdom,Potential,4,5,6,1669.49,278.24833333333333,532,2010-02-08 12:39:00,2011-12-05 08:49:00,666,Recently Active
13418,United Kingdom,Main,2,12,31,11559.66,372.8922580645161,7354,2009-12-11 12:51:00,2011-11-28 10:23:00,718,Recently Active
13419,United Kingdom,Prospective,0,64,1,221.06,221.06,275,2011-10-07 12:49:00,2011-10-07 12:49:00,1,Recently Active
13420,United Kingdom,General,1,150,2,159.85,79.925,101,2011-06-22 11:35:00,2011-07-13 08:48:00,22,Inactive >90 Days
13421,United Kingdom,Potential,4,41,8,4048.25,506.03125,2326,2010-02-14 14:45:00,2011-10-30 14:21:00,624,Recently Active
13422,United Kingdom,Prospective,0,65,1,2626.3,2626.3,1326,2011-10-06 13:42:00,2011-10-06 13:42:00,1,Recently Active
13423,United Kingdom,General,1,429,1,217.03,217.03,141,2010-10-07 09:02:00,2010-10-07 09:02:00,1,Inactive >90 Days
13424,United Kingdom,General,1,450,1,572.77,572.77,529,2010-09-16 10:49:00,2010-09-16 10:49:00,1,Inactive >90 Days
13425,United Kingdom,Minimum,3,109,5,3390.4300000000003,678.086,2358,2010-05-09 14:35:00,2011-08-23 17:13:00,472,Inactive >90 Days
13426,United Kingdom,Main,2,1,22,8167.38,371.24454545454546,4868,2009-12-09 15:16:00,2011-12-09 08:59:00,731,Recently Active
13427,United Kingdom,Potential,4,20,6,1006.53,167.755,880,2009-12-17 13:44:00,2011-11-20 13:02:00,704,Recently Active
13428,United Kingdom,Prospective,0,11,3,478.54,159.51333333333335,356,2010-07-13 13:20:00,2011-11-29 14:20:00,505,Recently Active
13429,United Kingdom,Prospective,0,11,4,1006.8,251.7,1390,2011-09-25 15:59:00,2011-11-29 09:10:00,66,Recently Active
13430,United Kingdom,Prospective,0,19,2,679.45,339.725,751,2011-09-14 14:26:00,2011-11-21 08:19:00,69,Recently Active
13431,United Kingdom,Potential,4,68,8,3316.2400000000002,414.53000000000003,1570,2010-02-18 11:53:00,2011-10-03 13:49:00,593,Recently Active
13432,United Kingdom,General,1,572,2,436.55,218.275,214,2010-04-06 14:42:00,2010-05-17 13:18:00,42,Inactive >90 Days
13433,United Kingdom,Minimum,3,502,4,658.32,164.58,190,2010-01-12 08:59:00,2010-07-26 16:55:00,196,Inactive >90 Days
13434,United Kingdom,Minimum,3,75,5,1666.8600000000001,333.372,864,2010-02-22 09:54:00,2011-09-26 14:30:00,582,Recently Active
13435,United Kingdom,Potential,4,6,9,4447.33,494.1477777777778,2754,2010-07-27 16:56:00,2011-12-04 14:45:00,496,Recently Active
13436,United Kingdom,Prospective,0,2,1,196.89,196.89,76,2011-12-08 10:33:00,2011-12-08 10:33:00,1,Recently Active
13437,United Kingdom,Potential,4,15,7,3408.06,486.86571428571426,1283,2011-06-02 14:30:00,2011-11-25 14:00:00,177,Recently Active
13438,United Kingdom,General,1,548,1,46.5,46.5,10,2010-06-10 18:46:00,2010-06-10 18:46:00,1,Inactive >90 Days
13439,United Kingdom,Minimum,3,256,3,986.61,328.87,952,2010-07-01 14:36:00,2011-03-29 14:20:00,272,Inactive >90 Days
13440,United Kingdom,Minimum,3,424,7,1295.25,185.03571428571428,573,2010-09-14 10:34:00,2010-10-12 13:11:00,29,Inactive >90 Days
13441,United Kingdom,Prospective,0,92,2,720.9,360.45,520,2010-10-04 10:38:00,2011-09-09 09:38:00,341,Inactive >90 Days
13442,United Kingdom,General,1,668,3,419.87,139.95666666666668,115,2009-12-01 14:59:00,2010-02-10 14:03:00,72,Inactive >90 Days
13443,United Kingdom,Minimum,3,449,6,1269.3700000000001,211.5616666666667,802,2010-01-31 13:30:00,2010-09-17 12:31:00,230,Inactive >90 Days
13444,United Kingdom,Minimum,3,375,2,619.08,309.54,331,2010-07-21 14:34:00,2010-11-30 13:02:00,133,Inactive >90 Days
13445,United Kingdom,General,1,627,1,241.89999999999998,241.89999999999998,198,2010-03-23 15:34:00,2010-03-23 15:34:00,1,Inactive >90 Days
13446,United Kingdom,Minimum,3,431,11,3881.89,352.8990909090909,2403,2010-02-14 11:52:00,2010-10-05 18:51:00,234,Inactive >90 Days
13447,United Kingdom,Prospective,0,24,3,1129.14,376.38000000000005,584,2011-11-04 10:10:00,2011-11-16 13:38:00,13,Recently Active
13448,United Kingdom,Potential,4,17,12,8386.22,698.8516666666666,4194,2009-12-06 12:14:00,2011-11-23 12:33:00,718,Recently Active
13449,United Kingdom,Prospective,0,24,1,291.88,291.88,222,2011-11-16 08:28:00,2011-11-16 08:28:00,1,Recently Active
13450,United Kingdom,Potential,4,27,13,4120.04,316.92615384615385,4318,2010-04-15 19:15:00,2011-11-13 11:54:00,578,Recently Active
13451,United Kingdom,Potential,4,27,11,7088.92,644.4472727272728,5226,2010-03-21 16:13:00,2011-11-13 15:58:00,603,Recently Active
13452,United Kingdom,Minimum,3,260,3,729.8,243.26666666666665,6,2010-08-24 09:53:00,2011-03-25 14:19:00,214,Inactive >90 Days
13453,United Kingdom,Minimum,3,166,3,781.69,260.56333333333333,341,2010-11-02 13:23:00,2011-06-27 09:34:00,238,Inactive >90 Days
13454,United Kingdom,General,1,642,1,219.87,219.87,198,2010-03-08 14:40:00,2010-03-08 14:40:00,1,Inactive >90 Days
13455,United Kingdom,Potential,4,25,6,2212.9900000000002,368.8316666666667,795,2009-12-09 08:58:00,2011-11-15 11:21:00,707,Recently Active
13456,United Kingdom,Potential,4,18,6,1766.72,294.4533333333333,765,2011-05-16 15:34:00,2011-11-22 09:18:00,191,Recently Active
13457,United Kingdom,General,1,689,2,148.22,74.11,96,2009-12-02 12:46:00,2010-01-20 08:48:00,50,Inactive >90 Days
13458,United Kingdom,Main,2,8,16,11959.27,747.454375,6760,2010-11-16 14:01:00,2011-12-02 15:29:00,382,Recently Active
13459,United Kingdom,Minimum,3,625,2,1160.41,580.205,986,2010-01-26 13:35:00,2010-03-25 10:24:00,59,Inactive >90 Days
13460,United Kingdom,Prospective,0,30,2,183.44,91.72,286,2011-10-21 09:50:00,2011-11-10 17:17:00,21,Recently Active
13461,United Kingdom,Potential,4,39,6,4160.0,693.3333333333334,3132,2010-04-21 16:01:00,2011-11-01 09:01:00,560,Recently Active
13462,United Kingdom,Minimum,3,253,5,1153.8500000000001,230.77000000000004,697,2009-12-14 09:48:00,2011-04-01 11:20:00,474,Inactive >90 Days
13464,United Kingdom,Potential,4,59,6,3097.64,516.2733333333333,1440,2010-03-31 15:22:00,2011-10-12 15:01:00,561,Recently Active
13465,United Kingdom,Minimum,3,447,2,931.12,465.56,584,2010-05-02 15:30:00,2010-09-19 15:13:00,141,Inactive >90 Days
13466,United Kingdom,Minimum,3,185,5,1013.35,202.67000000000002,660,2010-03-21 13:50:00,2011-06-08 16:39:00,445,Inactive >90 Days
13467,United Kingdom,Prospective,0,11,2,1071.91,535.955,580,2011-11-03 16:56:00,2011-11-29 10:01:00,27,Recently Active
13468,United Kingdom,Main,2,2,72,12793.28,177.68444444444447,5617,2009-12-03 13:32:00,2011-12-08 10:39:00,736,Recently Active
13469,United Kingdom,General,1,654,1,82.4,82.4,52,2010-02-24 15:03:00,2010-02-24 15:03:00,1,Inactive >90 Days
13470,United Kingdom,General,1,100,2,165.0,82.5,100,2011-08-16 17:06:00,2011-09-01 14:57:00,17,Inactive >90 Days
13471,United Kingdom,Potential,4,2,4,2501.84,625.46,1583,2011-10-23 13:10:00,2011-12-08 15:44:00,47,Recently Active
13472,United Kingdom,General,1,464,2,592.24,296.12,310,2010-06-02 09:48:00,2010-09-02 09:41:00,93,Inactive >90 Days
13473,United Kingdom,Potential,4,61,8,2657.76,332.22,1000,2009-12-15 19:02:00,2011-10-10 11:20:00,665,Recently Active
13474,United Kingdom,Minimum,3,237,3,646.59,215.53,318,2010-08-01 14:40:00,2011-04-17 13:53:00,260,Inactive >90 Days
13475,United Kingdom,Minimum,3,192,4,1431.78,357.945,1012,2011-02-14 12:36:00,2011-06-01 13:52:00,108,Inactive >90 Days
13476,United Kingdom,Minimum,3,179,5,2061.4700000000003,412.29400000000004,713,2010-03-05 09:39:00,2011-06-14 12:00:00,467,Inactive >90 Days
13477,United Kingdom,Potential,4,38,11,2819.17,256.28818181818184,2091,2010-01-25 11:52:00,2011-11-02 12:04:00,647,Recently Active
13478,United Kingdom,Minimum,3,470,5,2215.78,443.15600000000006,1189,2010-01-31 15:51:00,2010-08-27 13:23:00,209,Inactive >90 Days
13479,United Kingdom,Minimum,3,201,4,851.37,212.8425,716,2010-08-19 16:18:00,2011-05-23 10:45:00,278,Inactive >90 Days
13480,United Kingdom,Minimum,3,417,2,627.82,313.91,362,2010-01-29 12:35:00,2010-10-19 11:53:00,264,Inactive >90 Days
13481,United Kingdom,Potential,4,46,11,3830.84,348.2581818181818,2055,2009-12-04 12:37:00,2011-10-25 09:07:00,691,Recently Active
13482,United Kingdom,General,1,233,2,336.09,168.045,187,2010-03-22 10:31:00,2011-04-21 17:03:00,396,Inactive >90 Days
13483,United Kingdom,General,1,66,1,140.34,140.34,160,2011-10-05 11:53:00,2011-10-05 11:53:00,1,Recently Active
13484,United Kingdom,Minimum,3,242,3,790.72,263.5733333333333,224,2010-03-10 11:46:00,2011-04-12 16:30:00,399,Inactive >90 Days
13485,United Kingdom,Minimum,3,234,11,3015.2200000000003,274.1109090909091,1797,2009-12-03 13:46:00,2011-04-20 13:58:00,504,Inactive >90 Days
13486,United Kingdom,Minimum,3,79,3,1122.41,374.1366666666667,669,2011-07-07 17:19:00,2011-09-22 13:13:00,78,Recently Active
13487,United Kingdom,Minimum,3,58,5,846.87,169.374,362,2009-12-05 10:25:00,2011-10-13 12:07:00,678,Recently Active
13488,United Kingdom,Main,2,18,23,14205.960000000001,617.6504347826087,7375,2010-01-25 10:13:00,2011-11-22 14:41:00,667,Recently Active
13489,United Kingdom,Minimum,3,106,4,449.52,112.38,560,2011-02-18 10:42:00,2011-08-26 13:16:00,190,Inactive >90 Days
13490,United Kingdom,General,1,655,1,154.25,154.25,25,2010-02-23 14:48:00,2010-02-23 14:48:00,1,Inactive >90 Days
13491,United Kingdom,Main,2,52,27,4467.66,165.46888888888887,2349,2009-12-07 08:24:00,2011-10-19 08:32:00,682,Recently Active
13492,Switzerland,Minimum,3,137,3,1269.84,423.28,408,2011-05-09 10:06:00,2011-07-26 14:25:00,79,Inactive >90 Days
13493,Switzerland,General,1,276,2,498.63,249.315,377,2011-02-25 16:42:00,2011-03-09 15:35:00,13,Inactive >90 Days
13494,United Kingdom,General,1,312,1,316.26000000000005,316.26000000000005,162,2011-02-01 11:58:00,2011-02-01 11:58:00,1,Inactive >90 Days
13495,United Kingdom,Potential,4,8,10,4863.31,486.331,2465,2009-12-07 12:12:00,2011-12-02 11:21:00,726,Recently Active
13496,United Kingdom,Prospective,0,11,2,653.33,326.665,341,2010-12-15 10:17:00,2011-11-29 10:58:00,350,Recently Active
13497,United Kingdom,Minimum,3,283,6,1166.8300000000002,194.4716666666667,525,2010-02-08 10:27:00,2011-03-02 09:04:00,388,Inactive >90 Days
13498,United Kingdom,General,1,731,1,327.38,327.38,362,2009-12-09 15:26:00,2009-12-09 15:26:00,1,Inactive >90 Days
13499,United Kingdom,Potential,4,18,5,1159.1100000000001,231.82200000000003,1365,2011-03-15 08:52:00,2011-11-22 11:21:00,253,Recently Active
13500,United Kingdom,Potential,4,24,4,1466.3,366.575,838,2010-11-03 13:16:00,2011-11-16 15:35:00,379,Recently Active
13501,Switzerland,Minimum,3,289,3,2885.11,961.7033333333334,1253,2010-05-18 13:24:00,2011-02-24 18:59:00,283,Inactive >90 Days
13502,United Kingdom,Prospective,0,17,5,780.5,156.1,490,2010-06-09 10:52:00,2011-11-23 10:39:00,533,Recently Active
13503,United Kingdom,Minimum,3,72,5,1778.04,355.608,1101,2010-02-16 13:49:00,2011-09-29 13:23:00,591,Recently Active
13504,United Kingdom,Prospective,0,65,1,295.93,295.93,178,2011-10-06 13:20:00,2011-10-06 13:20:00,1,Recently Active
13505,Switzerland,Potential,4,73,4,3633.63,908.4075,2467,2011-04-21 12:07:00,2011-09-28 11:56:00,161,Recently Active
13506,United Kingdom,Minimum,3,317,5,1338.08,267.616,942,2010-09-05 12:33:00,2011-01-27 13:53:00,145,Inactive >90 Days
13507,United Kingdom,Potential,4,4,4,2479.16,619.79,1597,2011-07-17 11:50:00,2011-12-06 13:13:00,143,Recently Active
13508,United Kingdom,General,1,244,2,287.05,143.525,180,2010-03-07 11:58:00,2011-04-10 11:58:00,400,Inactive >90 Days
13509,United Kingdom,Potential,4,9,7,1099.72,157.10285714285715,1213,2010-07-20 12:10:00,2011-12-01 10:10:00,500,Recently Active
13510,United Kingdom,Main,2,2,11,4558.29,414.39,3044,2009-12-21 11:53:00,2011-12-08 13:46:00,718,Recently Active
13511,United Kingdom,General,1,677,1,282.76,282.76,60,2010-02-01 12:10:00,2010-02-01 12:10:00,1,Inactive >90 Days
13512,United Kingdom,Minimum,3,261,4,713.39,178.3475,419,2010-05-05 13:22:00,2011-03-24 10:03:00,324,Inactive >90 Days
13513,United Kingdom,Minimum,3,127,3,824.59,274.86333333333334,364,2010-02-22 16:36:00,2011-08-05 11:50:00,530,Inactive >90 Days
13514,United Kingdom,Minimum,3,74,4,815.9000000000001,203.97500000000002,288,2010-01-26 15:11:00,2011-09-27 09:39:00,610,Recently Active
13515,United Kingdom,Minimum,3,73,6,1265.82,210.97,819,2010-03-05 11:58:00,2011-09-28 11:26:00,573,Recently Active
13516,United Kingdom,Potential,4,22,4,1685.26,421.315,1114,2010-10-18 08:52:00,2011-11-18 13:15:00,397,Recently Active
13517,United Kingdom,Minimum,3,60,3,2128.42,709.4733333333334,1369,2011-06-13 08:44:00,2011-10-11 11:43:00,121,Recently Active
13518,United Kingdom,Prospective,0,86,1,627.16,627.16,382,2011-09-15 10:29:00,2011-09-15 10:29:00,1,Recently Active
13519,United Kingdom,Prospective,0,79,2,343.21,171.605,133,2010-09-23 11:45:00,2011-09-22 18:24:00,365,Recently Active
13520,Switzerland,Potential,4,59,11,5446.0,495.09090909090907,3150,2009-12-17 11:11:00,2011-10-12 10:20:00,665,Recently Active
13521,United Kingdom,Prospective,0,2,3,1070.47,356.8233333333333,715,2011-11-29 15:09:00,2011-12-08 13:50:00,10,Recently Active
13522,United Kingdom,Prospective,0,31,1,125.80000000000001,125.80000000000001,44,2011-11-09 15:11:00,2011-11-09 15:11:00,1,Recently Active
13523,United Kingdom,Potential,4,34,6,4534.57,755.7616666666667,1989,2010-11-02 14:55:00,2011-11-06 15:11:00,370,Recently Active
13524,United Kingdom,Prospective,0,41,5,680.1800000000001,136.036,324,2011-05-04 12:26:00,2011-10-30 12:34:00,180,Recently Active
13525,United Kingdom,Prospective,0,15,2,628.78,314.39,394,2011-04-05 15:36:00,2011-11-25 12:01:00,235,Recently Active
13526,United Kingdom,Minimum,3,739,2,1182.0,591.0,1911,2009-12-01 12:56:00,2009-12-01 13:13:00,1,Inactive >90 Days
13527,United Kingdom,Potential,4,34,12,4541.29,378.44083333333333,2736,2010-01-21 12:37:00,2011-11-06 12:04:00,655,Recently Active
13529,United Kingdom,Prospective,0,79,2,307.76,153.88,74,2011-05-19 11:50:00,2011-09-22 09:15:00,127,Recently Active
13530,United Kingdom,General,1,635,1,402.98,402.98,272,2010-03-15 14:10:00,2010-03-15 14:10:00,1,Inactive >90 Days
13531,United Kingdom,Minimum,3,206,6,1433.07,238.845,497,2009-12-03 15:20:00,2011-05-18 16:56:00,532,Inactive >90 Days
13532,United Kingdom,Prospective,0,34,1,210.31,210.31,129,2011-11-06 12:25:00,2011-11-06 12:25:00,1,Recently Active
13533,United Kingdom,General,1,183,3,269.09,89.69666666666666,202,2011-03-17 12:47:00,2011-06-10 11:54:00,86,Inactive >90 Days
13534,United Kingdom,Main,2,3,35,7720.900000000001,220.59714285714287,3869,2010-07-07 15:00:00,2011-12-07 14:52:00,519,Recently Active
13535,United Kingdom,General,1,403,1,89.5,89.5,10,2010-11-02 11:49:00,2010-11-02 11:49:00,1,Inactive >90 Days
13536,United Kingdom,Potential,4,2,7,3444.39,492.05571428571426,2126,2011-09-25 13:30:00,2011-12-08 16:38:00,75,Recently Active
13537,United Kingdom,Minimum,3,426,2,717.85,358.925,337,2010-09-14 10:41:00,2010-10-10 12:45:00,27,Inactive >90 Days
13538,United Kingdom,Potential,4,44,12,3103.13,258.5941666666667,959,2010-02-02 12:47:00,2011-10-27 16:34:00,633,Recently Active
13539,United Kingdom,Potential,4,86,7,1569.36,224.1942857142857,710,2010-04-28 12:04:00,2011-09-15 10:18:00,506,Recently Active
13540,United Kingdom,Minimum,3,468,3,632.39,210.79666666666665,189,2010-02-22 09:22:00,2010-08-29 14:20:00,189,Inactive >90 Days
13541,United Kingdom,Minimum,3,428,2,785.25,392.625,279,2010-05-18 16:15:00,2010-10-08 16:37:00,144,Inactive >90 Days
13542,United Kingdom,Minimum,3,377,17,3959.4900000000002,232.91117647058826,804,2009-12-10 19:53:00,2010-11-28 11:24:00,354,Inactive >90 Days
13543,United Kingdom,Minimum,3,635,2,1439.61,719.805,329,2010-01-21 14:30:00,2010-03-15 13:34:00,54,Inactive >90 Days
13544,United Kingdom,Potential,4,40,6,790.2,131.70000000000002,331,2010-03-05 11:31:00,2011-10-31 11:57:00,606,Recently Active
13545,United Kingdom,General,1,391,2,364.93,182.465,252,2010-06-13 11:49:00,2010-11-14 11:27:00,155,Inactive >90 Days
13546,United Kingdom,Potential,4,13,5,1086.24,217.248,587,2010-10-11 17:23:00,2011-11-27 14:50:00,413,Recently Active
13547,United Kingdom,General,1,409,1,164.53,164.53,78,2010-10-27 14:14:00,2010-10-27 14:14:00,1,Inactive >90 Days
13548,United Kingdom,Minimum,3,97,3,901.44,300.48,558,2010-08-25 13:44:00,2011-09-04 14:50:00,376,Inactive >90 Days
13549,United Kingdom,Potential,4,26,8,1005.8000000000001,125.72500000000001,554,2010-11-17 12:17:00,2011-11-14 09:20:00,363,Recently Active
13550,United Kingdom,General,1,384,1,342.55,342.55,430,2010-11-21 15:24:00,2010-11-21 15:24:00,1,Inactive >90 Days
13551,United Kingdom,General,1,320,2,244.2,122.1,36,2010-02-11 15:01:00,2011-01-24 14:46:00,348,Inactive >90 Days
13552,United Kingdom,Main,2,67,22,6948.92,315.86,2630,2010-02-19 13:28:00,2011-10-04 15:19:00,593,Recently Active
13553,United Kingdom,General,1,675,1,499.6,499.6,201,2010-02-03 12:21:00,2010-02-03 12:21:00,1,Inactive >90 Days
13554,United Kingdom,Minimum,3,381,7,1629.35,232.7642857142857,578,2010-09-19 12:39:00,2010-11-24 15:05:00,67,Inactive >90 Days
13555,United Kingdom,Potential,4,74,13,8891.84,683.9876923076923,4762,2010-01-19 13:20:00,2011-09-27 12:36:00,617,Recently Active
13556,United Kingdom,General,1,430,2,200.82,100.41,134,2010-09-30 09:01:00,2010-10-06 16:44:00,7,Inactive >90 Days
13557,United Kingdom,Potential,4,29,13,3032.26,233.25076923076924,2398,2009-12-08 17:41:00,2011-11-11 15:24:00,704,Recently Active
13558,United Kingdom,Prospective,0,6,4,594.52,148.63,338,2011-10-02 13:01:00,2011-12-04 11:24:00,64,Recently Active
13559,United Kingdom,Minimum,3,513,2,990.0,495.0,360,2010-06-14 11:52:00,2010-07-15 09:52:00,32,Inactive >90 Days
13560,United Kingdom,Prospective,0,8,1,171.42000000000002,171.42000000000002,63,2011-12-02 13:11:00,2011-12-02 13:11:00,1,Recently Active
13561,United Kingdom,Minimum,3,216,11,1803.4,163.94545454545457,1125,2010-02-28 13:42:00,2011-05-08 12:39:00,435,Inactive >90 Days
13562,United Kingdom,Potential,4,82,8,4838.18,604.7725,1603,2010-01-14 16:33:00,2011-09-19 10:51:00,614,Recently Active
13563,United Kingdom,Prospective,0,85,2,777.53,388.765,209,2011-07-22 17:21:00,2011-09-16 14:45:00,57,Recently Active
13564,United Kingdom,Main,2,355,36,15880.22,441.1172222222222,8833,2009-12-02 11:55:00,2010-12-20 16:50:00,384,Inactive >90 Days
13565,United Kingdom,Prospective,0,20,3,414.8,138.26666666666668,260,2010-10-24 15:51:00,2011-11-20 14:33:00,393,Recently Active
13566,United Kingdom,Potential,4,41,5,1684.75,336.95,1250,2010-03-10 12:22:00,2011-10-30 11:59:00,600,Recently Active
13567,United Kingdom,Minimum,3,429,4,1079.29,269.8225,643,2010-06-16 12:48:00,2010-10-07 12:51:00,114,Inactive >90 Days
13568,United Kingdom,General,1,174,1,187.05,187.05,66,2011-06-19 14:42:00,2011-06-19 14:42:00,1,Inactive >90 Days
13569,United Kingdom,Prospective,0,18,4,725.04,181.26,344,2010-10-07 13:05:00,2011-11-22 13:07:00,412,Recently Active
13570,United Kingdom,General,1,244,1,239.49,239.49,161,2011-04-10 13:36:00,2011-04-10 13:36:00,1,Inactive >90 Days
13571,United Kingdom,Main,2,13,26,4537.26,174.51000000000002,3191,2009-12-08 13:02:00,2011-11-27 10:47:00,720,Recently Active
13572,United Kingdom,Minimum,3,206,1,1384.25,1384.25,534,2011-05-18 11:59:00,2011-05-18 11:59:00,1,Inactive >90 Days
13573,United Kingdom,Potential,4,51,6,903.07,150.51166666666668,646,2010-03-12 16:06:00,2011-10-20 14:33:00,588,Recently Active
13574,United Kingdom,General,1,412,1,404.45,404.45,304,2010-10-24 13:28:00,2010-10-24 13:28:00,1,Inactive >90 Days
13575,United Kingdom,Prospective,0,24,5,732.07,146.41400000000002,449,2011-06-16 14:24:00,2011-11-16 13:14:00,154,Recently Active
13576,United Kingdom,Main,2,11,28,11202.59,400.09250000000003,4506,2009-12-08 15:12:00,2011-11-29 15:34:00,722,Recently Active
13577,United Kingdom,Potential,4,26,11,3484.28,316.75272727272727,1660,2009-12-14 16:10:00,2011-11-14 15:19:00,701,Recently Active
13578,United Kingdom,General,1,410,1,147.66,147.66,127,2010-10-26 13:44:00,2010-10-26 13:44:00,1,Inactive >90 Days
13579,United Kingdom,Potential,4,15,5,1374.3400000000001,274.86800000000005,718,2010-02-18 13:53:00,2011-11-25 08:41:00,646,Recently Active
13580,United Kingdom,General,1,407,1,107.75,107.75,45,2010-10-29 15:01:00,2010-10-29 15:01:00,1,Inactive >90 Days
13581,United Kingdom,General,1,310,2,280.53000000000003,140.26500000000001,119,2010-10-21 16:30:00,2011-02-03 14:41:00,106,Inactive >90 Days
13582,United Kingdom,General,1,390,2,241.68,120.84,106,2010-04-01 11:38:00,2010-11-15 11:34:00,229,Inactive >90 Days
13583,United Kingdom,Minimum,3,156,2,1445.03,722.515,1096,2010-01-29 13:53:00,2011-07-07 10:40:00,525,Inactive >90 Days
13584,United Kingdom,General,1,307,3,385.7,128.56666666666666,360,2010-02-02 08:40:00,2011-02-06 12:49:00,370,Inactive >90 Days
13585,United Kingdom,Minimum,3,531,3,684.54,228.17999999999998,1386,2009-12-01 14:56:00,2010-06-27 12:33:00,209,Inactive >90 Days
13586,United Kingdom,General,1,542,1,127.28,127.28,38,2010-06-16 13:47:00,2010-06-16 13:47:00,1,Inactive >90 Days
13587,United Kingdom,Minimum,3,64,4,1673.5,418.375,664,2010-02-14 13:17:00,2011-10-07 12:31:00,601,Recently Active
13588,United Kingdom,Potential,4,16,9,2478.95,275.43888888888887,2606,2011-03-29 15:53:00,2011-11-24 10:42:00,241,Recently Active
13589,United Kingdom,Potential,4,15,6,1120.74,186.79,293,2009-12-06 10:26:00,2011-11-25 12:10:00,720,Recently Active
13590,United Kingdom,Main,2,12,18,6336.04,352.0022222222222,5271,2009-12-01 13:37:00,2011-11-28 12:54:00,728,Recently Active
13591,United Kingdom,Potential,4,65,7,2093.94,299.13428571428574,850,2009-12-14 15:44:00,2011-10-06 12:26:00,662,Recently Active
13592,United Kingdom,Prospective,0,36,4,247.95999999999998,61.989999999999995,84,2011-03-20 14:01:00,2011-11-04 09:49:00,230,Recently Active
13593,United Kingdom,Potential,4,109,14,5493.29,392.3778571428571,2170,2010-03-02 16:36:00,2011-08-23 13:35:00,540,Inactive >90 Days
13594,United Kingdom,Prospective,0,53,2,533.32,266.66,396,2010-08-11 10:23:00,2011-10-18 10:19:00,434,Recently Active
13595,United Kingdom,Minimum,3,517,3,784.48,261.49333333333334,341,2010-03-03 14:42:00,2010-07-11 12:36:00,131,Inactive >90 Days
13596,United Kingdom,Prospective,0,6,2,664.11,332.055,384,2011-11-27 11:57:00,2011-12-04 12:01:00,8,Recently Active
13597,United Kingdom,General,1,401,2,396.71,198.355,231,2010-11-02 09:30:00,2010-11-04 14:54:00,3,Inactive >90 Days
13598,United Kingdom,Prospective,0,48,5,761.96,152.392,393,2010-02-26 11:22:00,2011-10-23 14:28:00,605,Recently Active
13599,United Kingdom,Main,2,2,33,9811.04,297.30424242424243,6248,2009-12-01 12:30:00,2011-12-08 16:10:00,738,Recently Active
13600,United Kingdom,General,1,313,2,518.42,259.21,599,2010-03-15 17:16:00,2011-01-31 15:27:00,323,Inactive >90 Days
13601,United Kingdom,Prospective,0,46,4,1159.99,289.9975,957,2010-06-11 15:03:00,2011-10-25 17:31:00,502,Recently Active
13602,United Kingdom,Minimum,3,65,4,1025.17,256.2925,538,2010-05-28 11:49:00,2011-10-06 11:47:00,497,Recently Active
13603,United Kingdom,Prospective,0,27,1,164.34,164.34,164,2011-11-13 15:57:00,2011-11-13 15:57:00,1,Recently Active
13604,United Kingdom,General,1,659,1,717.62,717.62,242,2010-02-19 12:02:00,2010-02-19 12:02:00,1,Inactive >90 Days
13605,United Kingdom,General,1,388,2,522.67,261.335,425,2010-05-17 15:46:00,2010-11-17 17:16:00,185,Inactive >90 Days
13606,United Kingdom,Prospective,0,30,3,276.75,92.25,276,2011-02-01 11:42:00,2011-11-10 17:46:00,283,Recently Active
13607,United Kingdom,Prospective,0,41,2,1075.81,537.905,466,2010-11-02 11:48:00,2011-10-30 16:17:00,363,Recently Active
13608,United Kingdom,General,1,541,1,232.05,232.05,110,2010-06-17 12:28:00,2010-06-17 12:28:00,1,Inactive >90 Days
13609,United Kingdom,General,1,594,1,167.35,167.35,19,2010-04-25 13:26:00,2010-04-25 13:26:00,1,Inactive >90 Days
13610,United Kingdom,Potential,4,13,14,2102.46,150.1757142857143,868,2010-01-05 14:12:00,2011-11-27 15:38:00,692,Recently Active
13611,United Kingdom,Potential,4,90,10,3297.9300000000003,329.793,1988,2009-12-03 07:57:00,2011-09-11 14:51:00,648,Recently Active
13612,United Kingdom,General,1,633,1,818.29,818.29,444,2010-03-17 12:14:00,2010-03-17 12:14:00,1,Inactive >90 Days
13613,United Kingdom,Minimum,3,453,5,1039.8500000000001,207.97000000000003,445,2010-02-17 12:40:00,2010-09-13 12:01:00,209,Inactive >90 Days
13614,United Kingdom,Potential,4,25,6,2332.74,388.78999999999996,821,2010-06-06 13:42:00,2011-11-15 14:47:00,528,Recently Active
13615,United Kingdom,Minimum,3,319,8,6272.53,784.06625,2910,2010-01-28 15:43:00,2011-01-25 08:21:00,363,Inactive >90 Days
13616,United Kingdom,General,1,569,2,283.85,141.925,172,2010-01-17 14:56:00,2010-05-20 12:59:00,124,Inactive >90 Days
13617,United Kingdom,Potential,4,41,8,1278.75,159.84375,593,2010-08-01 15:23:00,2011-10-30 13:50:00,456,Recently Active
13618,United Kingdom,General,1,174,1,177.34,177.34,246,2011-06-19 11:09:00,2011-06-19 11:09:00,1,Inactive >90 Days
13619,United Kingdom,General,1,545,2,223.44,111.72,78,2010-02-03 14:16:00,2010-06-13 11:39:00,131,Inactive >90 Days
13620,United Kingdom,General,1,529,1,112.34,112.34,74,2010-06-29 15:02:00,2010-06-29 15:02:00,1,Inactive >90 Days
13621,United Kingdom,General,1,117,1,213.85,213.85,343,2011-08-15 08:26:00,2011-08-15 08:26:00,1,Inactive >90 Days
13622,United Kingdom,General,1,697,1,658.95,658.95,379,2010-01-12 13:22:00,2010-01-12 13:22:00,1,Inactive >90 Days
13623,United Kingdom,Potential,4,31,10,2533.06,253.30599999999998,1010,2009-12-02 13:57:00,2011-11-09 12:00:00,708,Recently Active
13624,United Kingdom,General,1,389,1,462.08,462.08,820,2010-11-16 13:43:00,2010-11-16 13:43:00,1,Inactive >90 Days
13625,United Kingdom,General,1,597,1,301.26,301.26,144,2010-04-22 10:50:00,2010-04-22 10:50:00,1,Inactive >90 Days
13626,United Kingdom,Minimum,3,253,2,707.04,353.52,398,2010-11-25 16:12:00,2011-04-01 10:05:00,128,Inactive >90 Days
13627,United Kingdom,Potential,4,60,7,2245.9,320.84285714285716,1632,2010-03-09 14:03:00,2011-10-11 14:20:00,582,Recently Active
13628,United Kingdom,General,1,677,1,310.14,310.14,106,2010-02-01 14:44:00,2010-02-01 14:44:00,1,Inactive >90 Days
13629,United Kingdom,Main,2,24,19,13370.86,703.7294736842106,7722,2010-02-11 17:34:00,2011-11-16 13:21:00,644,Recently Active
13630,United Kingdom,Potential,4,6,7,2031.78,290.2542857142857,1391,2011-02-27 12:49:00,2011-12-04 15:16:00,281,Recently Active
13631,United Kingdom,Potential,4,100,11,3070.42,279.1290909090909,467,2011-03-17 17:13:00,2011-09-01 09:57:00,169,Inactive >90 Days
13632,United Kingdom,Potential,4,25,8,3645.81,455.72625,1633,2010-04-07 10:59:00,2011-11-15 10:51:00,588,Recently Active
13634,United Kingdom,Potential,4,34,15,4988.08,332.53866666666664,2085,2010-01-10 14:26:00,2011-11-06 13:40:00,666,Recently Active
13635,United Kingdom,Potential,4,68,4,2999.16,749.79,1884,2009-12-01 09:46:00,2011-10-03 10:55:00,672,Recently Active
13636,United Kingdom,Prospective,0,37,5,949.12,189.824,592,2011-02-27 14:29:00,2011-11-03 10:30:00,250,Recently Active
13637,United Kingdom,Prospective,0,53,3,803.05,267.68333333333334,404,2011-04-27 13:06:00,2011-10-18 13:32:00,175,Recently Active
13638,United Kingdom,Prospective,0,16,1,122.64,122.64,93,2011-11-24 10:38:00,2011-11-24 10:38:00,1,Recently Active
13639,United Kingdom,Minimum,3,75,2,1346.27,673.135,997,2010-09-29 10:05:00,2011-09-26 13:36:00,363,Recently Active
13640,United Kingdom,General,1,612,1,405.0,405.0,108,2010-04-07 15:33:00,2010-04-07 15:33:00,1,Inactive >90 Days
13641,United Kingdom,Minimum,3,641,4,942.37,235.5925,1097,2009-12-05 13:17:00,2010-03-09 07:37:00,95,Inactive >90 Days
13642,United Kingdom,Minimum,3,216,4,472.2,118.05,231,2010-10-03 12:23:00,2011-05-08 12:34:00,218,Inactive >90 Days
13643,United Kingdom,Potential,4,32,10,2156.77,215.677,902,2009-12-08 12:48:00,2011-11-08 15:37:00,701,Recently Active
13644,United Kingdom,Potential,4,17,4,2624.26,656.065,2067,2011-08-26 11:53:00,2011-11-23 14:07:00,90,Recently Active
13645,United Kingdom,General,1,121,1,252.1,252.1,158,2011-08-11 16:11:00,2011-08-11 16:11:00,1,Inactive >90 Days
13646,United Kingdom,General,1,400,2,326.25,163.125,79,2010-11-05 12:00:00,2010-11-05 12:13:00,1,Inactive >90 Days
13647,United Kingdom,Potential,4,10,8,3041.68,380.21,1795,2010-04-15 12:55:00,2011-11-30 12:00:00,595,Recently Active
13648,United Kingdom,Minimum,3,401,8,1759.0700000000002,219.88375000000002,959,2009-12-01 18:13:00,2010-11-04 14:46:00,339,Inactive >90 Days
13649,United Kingdom,Minimum,3,257,6,1453.68,242.28,782,2010-06-30 16:35:00,2011-03-28 11:51:00,272,Inactive >90 Days
13650,United Kingdom,Potential,4,17,10,3288.0,328.8,1746,2010-01-26 08:44:00,2011-11-23 12:22:00,667,Recently Active
13651,United Kingdom,Prospective,0,40,2,211.85,105.925,61,2010-11-23 09:44:00,2011-10-31 12:11:00,343,Recently Active
13652,United Kingdom,Potential,4,46,5,2262.05,452.41,1458,2010-02-25 17:37:00,2011-10-25 08:51:00,608,Recently Active
13653,United Kingdom,General,1,488,1,152.2,152.2,72,2010-08-09 08:19:00,2010-08-09 08:19:00,1,Inactive >90 Days
13654,United Kingdom,Potential,4,44,11,6308.0,573.4545454545455,4762,2009-12-02 11:43:00,2011-10-27 16:24:00,695,Recently Active
13655,United Kingdom,Minimum,3,115,6,2280.51,380.08500000000004,1225,2010-04-27 09:59:00,2011-08-17 14:25:00,478,Inactive >90 Days
13656,United Kingdom,Minimum,3,165,4,1078.85,269.7125,862,2010-04-23 12:50:00,2011-06-28 10:31:00,432,Inactive >90 Days
13657,United Kingdom,Prospective,0,11,2,382.14,191.07,209,2011-05-22 12:35:00,2011-11-29 12:32:00,192,Recently Active
13658,United Kingdom,Potential,4,10,9,6025.5,669.5,2171,2010-02-05 13:17:00,2011-11-30 10:13:00,664,Recently Active
13659,United Kingdom,Potential,4,206,12,4884.68,407.0566666666667,2527,2010-02-17 09:05:00,2011-05-18 12:37:00,456,Inactive >90 Days
13660,United Kingdom,General,1,401,1,306.64,306.64,136,2010-11-04 16:10:00,2010-11-04 16:10:00,1,Inactive >90 Days
13661,United Kingdom,General,1,604,1,325.24,325.24,118,2010-04-15 14:58:00,2010-04-15 14:58:00,1,Inactive >90 Days
13662,United Kingdom,Potential,4,86,11,2233.61,203.05545454545455,1169,2010-02-19 13:21:00,2011-09-15 12:04:00,574,Recently Active
13663,United Kingdom,Minimum,3,180,5,2047.51,409.502,893,2010-03-03 10:11:00,2011-06-13 15:44:00,468,Inactive >90 Days
13665,United Kingdom,Minimum,3,387,3,1711.66,570.5533333333334,1652,2010-07-23 13:29:00,2010-11-18 13:06:00,119,Inactive >90 Days
13666,United Kingdom,Prospective,0,61,5,127.05,25.41,53,2009-12-04 10:48:00,2011-10-10 15:39:00,676,Recently Active
13667,United Kingdom,General,1,150,1,299.05,299.05,149,2011-07-13 15:42:00,2011-07-13 15:42:00,1,Inactive >90 Days
13668,United Kingdom,Main,2,3,35,12948.48,369.9565714285714,6096,2009-12-11 14:28:00,2011-12-07 12:11:00,727,Recently Active
13669,United Kingdom,Prospective,0,51,3,413.55,137.85,393,2010-10-28 15:05:00,2011-10-20 09:32:00,358,Recently Active
13670,United Kingdom,Prospective,0,76,1,349.7,349.7,282,2011-09-25 15:25:00,2011-09-25 15:25:00,1,Recently Active
13671,United Kingdom,General,1,395,1,172.6,172.6,95,2010-11-10 10:50:00,2010-11-10 10:50:00,1,Inactive >90 Days
13672,United Kingdom,Minimum,3,302,3,419.92,139.97333333333333,138,2009-12-09 11:40:00,2011-02-11 13:53:00,430,Inactive >90 Days
13673,United Kingdom,Prospective,0,19,2,387.44,193.72,114,2011-11-07 15:40:00,2011-11-21 12:11:00,15,Recently Active
13674,United Kingdom,General,1,433,1,240.68,240.68,102,2010-10-03 10:41:00,2010-10-03 10:41:00,1,Inactive >90 Days
13675,United Kingdom,General,1,152,2,486.82000000000005,243.41000000000003,330,2011-02-28 12:14:00,2011-07-11 12:57:00,134,Inactive >90 Days
13676,United Kingdom,General,1,540,2,243.9,121.95,104,2010-03-30 16:53:00,2010-06-18 17:30:00,81,Inactive >90 Days
13677,United Kingdom,General,1,405,2,551.24,275.62,217,2010-07-07 17:25:00,2010-10-31 11:32:00,117,Inactive >90 Days
13678,United Kingdom,General,1,152,1,232.6,232.6,924,2011-07-11 10:14:00,2011-07-11 10:14:00,1,Inactive >90 Days
13679,United Kingdom,General,1,494,3,281.26,93.75333333333333,102,2009-12-04 16:52:00,2010-08-03 12:13:00,243,Inactive >90 Days
13680,United Kingdom,Main,2,2,12,11419.67,951.6391666666667,5244,2009-12-04 14:14:00,2011-12-08 13:47:00,735,Recently Active
13681,United Kingdom,Prospective,0,18,4,827.83,206.9575,360,2011-07-07 15:21:00,2011-11-22 11:13:00,139,Recently Active
13682,United Kingdom,General,1,188,1,59.5,59.5,10,2011-06-05 14:06:00,2011-06-05 14:06:00,1,Inactive >90 Days
13683,United Kingdom,General,1,458,1,258.6,258.6,180,2010-09-08 10:00:00,2010-09-08 10:00:00,1,Inactive >90 Days
13684,United Kingdom,Minimum,3,286,4,594.88,148.72,234,2010-03-28 14:48:00,2011-02-27 10:13:00,337,Inactive >90 Days
13685,United Kingdom,Potential,4,3,7,3119.44,445.63428571428574,5056,2011-10-10 12:59:00,2011-12-07 11:41:00,59,Recently Active
13686,United Kingdom,Minimum,3,183,3,409.04,136.34666666666666,378,2010-11-03 13:44:00,2011-06-10 09:10:00,220,Inactive >90 Days
13687,United Kingdom,Minimum,3,439,1,11880.84,11880.84,87167,2010-09-27 16:30:00,2010-09-27 16:30:00,1,Inactive >90 Days
13688,United Kingdom,General,1,636,1,375.5,375.5,130,2010-03-14 14:11:00,2010-03-14 14:11:00,1,Inactive >90 Days
13689,United Kingdom,Prospective,0,64,2,1259.5,629.75,722,2010-09-21 10:27:00,2011-10-07 13:21:00,382,Recently Active
13690,United Kingdom,Prospective,0,60,1,172.25,172.25,67,2011-10-11 15:03:00,2011-10-11 15:03:00,1,Recently Active
13691,United Kingdom,General,1,397,1,210.78,210.78,144,2010-11-08 17:34:00,2010-11-08 17:34:00,1,Inactive >90 Days
13692,United Kingdom,Potential,4,25,5,3114.4,622.88,2101,2010-10-15 13:28:00,2011-11-15 11:17:00,397,Recently Active
13693,United Kingdom,Minimum,3,375,9,2011.8200000000002,223.53555555555556,880,2009-12-07 11:29:00,2010-11-30 18:21:00,359,Inactive >90 Days
13694,United Kingdom,Main,2,4,143,195640.69,1368.1167132867133,188201,2009-12-04 15:26:00,2011-12-06 09:32:00,733,Recently Active
13695,United Kingdom,Potential,4,32,16,2770.73,173.170625,1791,2010-05-11 11:07:00,2011-11-08 14:26:00,547,Recently Active
13696,United Kingdom,Minimum,3,422,3,2020.4,673.4666666666667,552,2010-02-11 14:17:00,2010-10-14 09:44:00,246,Inactive >90 Days
13697,United Kingdom,Prospective,0,39,1,151.3,151.3,177,2011-11-01 09:14:00,2011-11-01 09:14:00,1,Recently Active
13698,United Kingdom,General,1,597,2,451.73,225.865,227,2010-01-27 09:02:00,2010-04-22 11:52:00,86,Inactive >90 Days
13699,United Kingdom,Minimum,3,156,2,764.15,382.075,219,2010-06-07 13:03:00,2011-07-07 16:51:00,396,Inactive >90 Days
13700,United Kingdom,Potential,4,27,13,2596.9700000000003,199.7669230769231,2786,2010-02-07 10:53:00,2011-11-13 13:00:00,645,Recently Active
13701,United Kingdom,General,1,447,1,161.0,161.0,80,2010-09-19 12:39:00,2010-09-19 12:39:00,1,Inactive >90 Days
13702,United Kingdom,General,1,446,1,135.18,135.18,74,2010-09-20 11:40:00,2010-09-20 11:40:00,1,Inactive >90 Days
13703,United Kingdom,General,1,319,2,425.56,212.78,128,2010-10-20 13:11:00,2011-01-25 13:10:00,98,Inactive >90 Days
13704,United Kingdom,Potential,4,6,9,2308.06,256.4511111111111,1531,2011-09-12 14:40:00,2011-12-04 15:13:00,84,Recently Active
13705,United Kingdom,Potential,4,8,7,1717.19,245.31285714285715,906,2010-03-25 17:19:00,2011-12-02 12:32:00,618,Recently Active
13706,United Kingdom,Minimum,3,303,2,631.1700000000001,315.58500000000004,301,2010-03-23 09:18:00,2011-02-10 09:21:00,325,Inactive >90 Days
13707,United Kingdom,Minimum,3,268,5,3365.86,673.172,2210,2010-06-21 11:57:00,2011-03-17 18:03:00,270,Inactive >90 Days
13708,United Kingdom,General,1,272,1,283.33,283.33,300,2011-03-13 13:46:00,2011-03-13 13:46:00,1,Inactive >90 Days
13709,United Kingdom,Main,2,4,18,7571.35,420.6305555555556,4122,2010-01-11 10:40:00,2011-12-06 10:28:00,695,Recently Active
13710,United Kingdom,Prospective,0,32,3,509.52,169.84,336,2010-04-06 12:54:00,2011-11-08 08:16:00,582,Recently Active
13711,United Kingdom,Minimum,3,219,9,1792.26,199.14,819,2009-12-15 19:04:00,2011-05-05 10:31:00,507,Inactive >90 Days
13712,United Kingdom,Minimum,3,247,2,766.42,383.21,1128,2010-04-08 11:16:00,2011-04-07 12:33:00,365,Inactive >90 Days
13713,United Kingdom,Minimum,3,409,3,740.76,246.92,284,2010-05-05 16:48:00,2010-10-27 16:18:00,176,Inactive >90 Days
13714,United Kingdom,General,1,466,1,161.35,161.35,50,2010-08-31 13:57:00,2010-08-31 13:57:00,1,Inactive >90 Days
13715,United Kingdom,Potential,4,282,17,8153.04,479.5905882352941,4800,2010-03-11 15:33:00,2011-03-03 19:21:00,358,Inactive >90 Days
13716,United Kingdom,General,1,270,1,138.28,138.28,138,2011-03-15 13:49:00,2011-03-15 13:49:00,1,Inactive >90 Days
13717,United Kingdom,Potential,4,33,8,1763.3,220.4125,2144,2010-08-11 09:40:00,2011-11-07 14:13:00,454,Recently Active
13718,United Kingdom,General,1,247,2,306.55,153.275,173,2011-02-17 11:58:00,2011-04-07 13:24:00,50,Inactive >90 Days
13719,United Kingdom,Potential,4,16,11,2782.1,252.9181818181818,1586,2010-05-17 14:36:00,2011-11-24 15:26:00,557,Recently Active
13720,United Kingdom,Minimum,3,117,4,799.9,199.975,501,2011-03-30 09:17:00,2011-08-15 12:46:00,139,Inactive >90 Days
13721,United Kingdom,Prospective,0,37,2,741.54,370.77,512,2010-11-09 17:59:00,2011-11-03 14:05:00,360,Recently Active
13722,United Kingdom,Potential,4,132,10,5635.41,563.5409999999999,3059,2010-03-03 14:13:00,2011-07-31 12:44:00,516,Inactive >90 Days
13723,United Kingdom,Minimum,3,218,6,1194.08,199.01333333333332,593,2010-04-07 14:32:00,2011-05-06 17:04:00,395,Inactive >90 Days
13724,United Kingdom,General,1,638,1,213.01,213.01,130,2010-03-12 15:28:00,2010-03-12 15:28:00,1,Inactive >90 Days
13725,United Kingdom,Potential,4,50,8,1980.56,247.57,806,2011-02-04 12:18:00,2011-10-21 10:03:00,260,Recently Active
13726,United Kingdom,Prospective,0,39,2,1079.66,539.83,1054,2011-08-31 11:06:00,2011-11-01 10:49:00,63,Recently Active
13727,United Kingdom,Potential,4,29,8,1074.15,134.26875,368,2009-12-09 13:25:00,2011-11-11 09:46:00,703,Recently Active
13728,United Kingdom,Potential,4,37,16,2855.17,178.448125,1269,2009-12-09 17:13:00,2011-11-03 10:49:00,695,Recently Active
13729,United Kingdom,Minimum,3,436,3,724.73,241.57666666666668,419,2010-01-24 14:57:00,2010-09-30 10:44:00,250,Inactive >90 Days
13730,United Kingdom,Minimum,3,136,2,752.6,376.3,488,2011-07-01 12:47:00,2011-07-27 08:35:00,27,Inactive >90 Days
13731,United Kingdom,Minimum,3,220,2,610.59,305.295,278,2011-04-07 10:10:00,2011-05-04 14:33:00,28,Inactive >90 Days
13732,United Kingdom,Prospective,0,29,1,491.86,491.86,498,2011-11-11 15:49:00,2011-11-11 15:49:00,1,Recently Active
13733,United Kingdom,General,1,411,2,487.03000000000003,243.51500000000001,335,2009-12-04 15:28:00,2010-10-25 12:18:00,326,Inactive >90 Days
13734,United Kingdom,Minimum,3,509,4,6695.6900000000005,1673.9225000000001,302,2010-04-16 08:42:00,2010-07-19 12:04:00,95,Inactive >90 Days
13735,United Kingdom,Main,2,25,13,9762.77,750.9823076923077,4135,2009-12-13 13:31:00,2011-11-15 11:14:00,703,Recently Active
13736,United Kingdom,Potential,4,6,7,2752.47,393.21,1549,2009-12-06 12:07:00,2011-12-04 15:19:00,729,Recently Active
13737,United Kingdom,General,1,201,1,339.6,339.6,125,2011-05-23 16:32:00,2011-05-23 16:32:00,1,Inactive >90 Days
13738,United Kingdom,General,1,397,1,434.78000000000003,434.78000000000003,237,2010-11-08 15:23:00,2010-11-08 15:23:00,1,Inactive >90 Days
13739,United Kingdom,Prospective,0,19,2,292.2,146.1,76,2010-06-30 10:25:00,2011-11-21 13:35:00,510,Recently Active
13740,United Kingdom,Minimum,3,241,5,1582.77,316.554,987,2009-12-02 12:22:00,2011-04-13 10:32:00,498,Inactive >90 Days
13741,United Kingdom,Prospective,0,72,3,668.4300000000001,222.81000000000003,218,2011-05-06 13:43:00,2011-09-29 09:19:00,147,Recently Active
13742,United Kingdom,Potential,4,17,12,3107.87,258.9891666666667,1115,2011-01-23 14:59:00,2011-11-23 11:07:00,305,Recently Active
13743,United Kingdom,Potential,4,3,7,1341.6,191.65714285714284,1776,2011-03-25 14:46:00,2011-12-07 10:09:00,258,Recently Active
13744,United Kingdom,Minimum,3,96,2,1080.52,540.26,1153,2011-02-20 14:08:00,2011-09-05 15:19:00,198,Inactive >90 Days
13745,United Kingdom,Minimum,3,163,2,777.36,388.68,1146,2010-06-11 17:19:00,2011-06-30 16:43:00,385,Inactive >90 Days
13746,United Kingdom,General,1,414,1,176.69,176.69,83,2010-10-22 11:55:00,2010-10-22 11:55:00,1,Inactive >90 Days
13747,United Kingdom,General,1,374,2,169.8,84.9,60,2010-10-11 09:15:00,2010-12-01 10:37:00,52,Inactive >90 Days
13748,United Kingdom,Potential,4,96,9,2064.35,229.3722222222222,1028,2009-12-01 16:44:00,2011-09-05 09:45:00,644,Inactive >90 Days
13750,United Kingdom,Potential,4,54,11,3602.18,327.47090909090906,1370,2010-04-01 14:49:00,2011-10-17 12:16:00,565,Recently Active
13751,United Kingdom,General,1,289,1,296.25,296.25,152,2011-02-24 15:56:00,2011-02-24 15:56:00,1,Inactive >90 Days
13752,United Kingdom,Minimum,3,125,7,1579.8300000000002,225.69000000000003,1005,2010-06-30 10:23:00,2011-08-07 14:16:00,404,Inactive >90 Days
13753,United Kingdom,Minimum,3,288,4,2094.57,523.6425,1450,2009-12-03 10:20:00,2011-02-25 12:48:00,450,Inactive >90 Days
13754,United Kingdom,Minimum,3,152,3,447.05,149.01666666666668,315,2010-09-28 15:29:00,2011-07-11 11:51:00,287,Inactive >90 Days
13755,United Kingdom,Potential,4,4,9,2108.06,234.2288888888889,1242,2011-10-07 15:45:00,2011-12-06 12:26:00,61,Recently Active
13756,United Kingdom,Main,2,3,23,8655.95,376.3456521739131,5138,2009-12-15 15:18:00,2011-12-07 16:44:00,723,Recently Active
13757,United Kingdom,General,1,675,1,195.55,195.55,54,2010-02-03 12:37:00,2010-02-03 12:37:00,1,Inactive >90 Days
13758,United Kingdom,Main,2,12,14,8595.29,613.9492857142858,4666,2009-12-01 10:06:00,2011-11-28 11:11:00,728,Recently Active
13759,United Kingdom,Prospective,0,34,2,659.4100000000001,329.70500000000004,287,2011-09-29 15:40:00,2011-11-06 14:47:00,39,Recently Active
13760,United Kingdom,Potential,4,55,5,1363.6399999999999,272.72799999999995,623,2010-04-25 13:10:00,2011-10-16 16:13:00,540,Recently Active
13761,United Kingdom,Potential,4,51,6,1952.17,325.3616666666667,1079,2010-02-21 11:08:00,2011-10-20 14:01:00,607,Recently Active
13762,United Kingdom,Minimum,3,219,5,2472.48,494.496,2608,2010-01-10 12:13:00,2011-05-05 09:15:00,481,Inactive >90 Days
13763,United Kingdom,Potential,4,64,3,5217.44,1739.1466666666665,3224,2010-09-30 17:39:00,2011-10-07 15:13:00,373,Recently Active
13764,United Kingdom,Potential,4,71,6,2908.67,484.77833333333336,2080,2010-03-07 12:56:00,2011-09-30 12:03:00,573,Recently Active
13765,United Kingdom,General,1,654,1,352.82,352.82,296,2010-02-24 13:46:00,2010-02-24 13:46:00,1,Inactive >90 Days
13766,United Kingdom,General,1,496,1,190.35,190.35,137,2010-08-01 14:25:00,2010-08-01 14:25:00,1,Inactive >90 Days
13767,United Kingdom,Main,2,3,73,33903.57,464.43246575342465,14595,2009-12-01 10:52:00,2011-12-07 15:00:00,737,Recently Active
13768,United Kingdom,Minimum,3,727,2,875.97,437.985,373,2009-12-09 10:25:00,2009-12-13 10:41:00,5,Inactive >90 Days
13769,United Kingdom,Main,2,3,20,5478.12,273.906,2452,2009-12-16 11:59:00,2011-12-07 15:08:00,722,Recently Active
13770,United Kingdom,Minimum,3,423,4,785.37,196.3425,468,2009-12-09 14:44:00,2010-10-13 15:10:00,309,Inactive >90 Days
13771,United Kingdom,Potential,4,65,9,5728.82,636.5355555555556,3140,2010-02-25 12:37:00,2011-10-06 14:18:00,589,Recently Active
13772,United Kingdom,Potential,4,34,8,3100.02,387.5025,1446,2010-02-23 13:55:00,2011-11-06 11:43:00,622,Recently Active
13773,United Kingdom,General,1,397,2,301.54,150.77,174,2010-02-18 10:27:00,2010-11-08 11:49:00,264,Inactive >90 Days
13774,United Kingdom,Prospective,0,82,1,345.0,345.0,192,2011-09-19 12:06:00,2011-09-19 12:06:00,1,Recently Active
13775,United Kingdom,General,1,591,1,1049.66,1049.66,455,2010-04-28 12:15:00,2010-04-28 12:15:00,1,Inactive >90 Days
13777,United Kingdom,Main,2,1,61,49638.26,813.7419672131148,23190,2009-12-02 09:47:00,2011-12-09 12:25:00,738,Recently Active
13778,United Kingdom,Minimum,3,104,4,1124.49,281.1225,511,2010-05-23 13:34:00,2011-08-28 15:25:00,463,Inactive >90 Days
13779,United Kingdom,General,1,516,1,161.13,161.13,53,2010-07-12 11:24:00,2010-07-12 11:24:00,1,Inactive >90 Days
13780,United Kingdom,Prospective,0,8,3,732.07,244.02333333333334,479,2010-10-28 19:51:00,2011-12-02 13:49:00,401,Recently Active
13781,United Kingdom,Minimum,3,251,3,778.83,259.61,300,2009-12-18 15:46:00,2011-04-03 12:08:00,472,Inactive >90 Days
13782,United Kingdom,Potential,4,13,13,1786.08,137.39076923076922,643,2009-12-06 12:52:00,2011-11-27 11:54:00,722,Recently Active
13783,United Kingdom,Minimum,3,488,4,1542.09,385.5225,3437,2010-02-04 13:47:00,2010-08-09 09:23:00,187,Inactive >90 Days
13784,United Kingdom,Potential,4,10,14,2910.23,207.87357142857144,2827,2010-09-15 12:27:00,2011-11-30 09:33:00,442,Recently Active
13785,United Kingdom,Minimum,3,429,4,542.49,135.6225,151,2010-09-05 16:01:00,2010-10-07 09:25:00,33,Inactive >90 Days
13786,United Kingdom,Minimum,3,368,6,3127.9900000000002,521.3316666666667,1515,2009-12-03 15:32:00,2010-12-07 13:53:00,370,Inactive >90 Days
13787,United Kingdom,Minimum,3,76,6,1222.5,203.75,998,2010-01-14 10:13:00,2011-09-25 12:06:00,620,Recently Active
13788,United Kingdom,General,1,506,1,3.75,3.75,1,2010-07-22 15:50:00,2010-07-22 15:50:00,1,Inactive >90 Days
13789,United Kingdom,General,1,389,1,239.46,239.46,258,2010-11-16 15:31:00,2010-11-16 15:31:00,1,Inactive >90 Days
13790,United Kingdom,Prospective,0,5,1,348.79999999999995,348.79999999999995,748,2011-12-05 15:48:00,2011-12-05 15:48:00,1,Recently Active
13791,United Kingdom,Minimum,3,128,2,1516.0,758.0,1200,2011-06-24 16:38:00,2011-08-04 11:44:00,42,Inactive >90 Days
13792,United Kingdom,Prospective,0,67,3,383.95,127.98333333333333,156,2010-10-13 11:05:00,2011-10-04 14:31:00,357,Recently Active
13793,United Kingdom,General,1,647,1,96.0,96.0,52,2010-03-03 08:25:00,2010-03-03 08:25:00,1,Inactive >90 Days
13794,United Kingdom,General,1,547,1,126.03,126.03,63,2010-06-11 12:30:00,2010-06-11 12:30:00,1,Inactive >90 Days
13795,United Kingdom,Minimum,3,389,4,836.3,209.075,1250,2010-03-12 12:44:00,2010-11-16 17:25:00,250,Inactive >90 Days
13796,United Kingdom,General,1,500,1,289.7,289.7,218,2010-07-28 14:45:00,2010-07-28 14:45:00,1,Inactive >90 Days
13797,United Kingdom,Minimum,3,437,3,1179.45,393.15000000000003,573,2010-03-02 12:17:00,2010-09-29 10:34:00,212,Inactive >90 Days
13798,United Kingdom,Main,2,2,110,75428.87,685.717,48187,2009-12-08 16:21:00,2011-12-08 15:51:00,731,Recently Active
13799,United Kingdom,Potential,4,117,9,2803.57,311.5077777777778,1539,2010-03-05 16:39:00,2011-08-15 12:07:00,529,Inactive >90 Days
13800,United Kingdom,Minimum,3,310,3,1679.56,559.8533333333334,891,2009-12-03 10:03:00,2011-02-03 12:27:00,428,Inactive >90 Days
13801,United Kingdom,Prospective,0,67,1,324.8,324.8,168,2011-10-04 10:15:00,2011-10-04 10:15:00,1,Recently Active
13802,United Kingdom,Main,2,139,19,26259.11,1382.0584210526315,14129,2010-02-16 10:11:00,2011-07-24 10:54:00,524,Inactive >90 Days
13803,United Kingdom,Minimum,3,256,3,1338.91,446.30333333333334,831,2010-03-31 10:00:00,2011-03-29 12:57:00,364,Inactive >90 Days
13804,United Kingdom,Potential,4,31,9,3161.12,351.23555555555555,1797,2010-09-29 10:26:00,2011-11-09 12:32:00,407,Recently Active
13805,United Kingdom,Prospective,0,53,2,924.5999999999999,462.29999999999995,1900,2011-08-02 15:29:00,2011-10-18 14:50:00,78,Recently Active
13806,United Kingdom,Prospective,0,64,1,256.38,256.38,56,2011-10-07 11:43:00,2011-10-07 11:43:00,1,Recently Active
13807,United Kingdom,Minimum,3,368,3,422.2,140.73333333333332,116,2009-12-04 12:41:00,2010-12-07 15:48:00,369,Inactive >90 Days
13808,United Kingdom,Potential,4,6,5,1747.66,349.53200000000004,782,2011-09-04 12:07:00,2011-12-04 12:18:00,92,Recently Active
13809,Cyprus,Minimum,3,306,3,679.6999999999999,226.56666666666663,281,2010-09-05 11:42:00,2011-02-07 13:15:00,156,Inactive >90 Days
13810,Germany,Prospective,0,29,2,827.51,413.755,307,2011-10-14 12:57:00,2011-11-11 08:33:00,29,Recently Active
13811,Germany,Minimum,3,184,2,519.75,259.875,63,2011-04-14 18:40:00,2011-06-09 09:54:00,57,Inactive >90 Days
13812,Germany,Prospective,0,43,3,485.0,161.66666666666666,330,2011-08-26 12:54:00,2011-10-28 14:27:00,64,Recently Active
13813,Germany,Potential,4,40,8,2387.4700000000003,298.43375000000003,1271,2009-12-06 10:16:00,2011-10-31 10:38:00,695,Recently Active
13814,Germany,Minimum,3,93,3,2257.32,752.44,1214,2010-06-30 14:12:00,2011-09-08 13:48:00,436,Inactive >90 Days
13815,Germany,Potential,4,23,8,6737.74,842.2175,5340,2010-02-12 10:26:00,2011-11-17 14:19:00,644,Recently Active
13816,Germany,Prospective,0,24,2,499.67,249.835,265,2011-10-06 14:37:00,2011-11-16 08:38:00,42,Recently Active
13817,Germany,Prospective,0,30,2,328.98,164.49,208,2010-12-23 11:46:00,2011-11-10 17:49:00,323,Recently Active
13818,United Kingdom,General,1,430,1,61.28,61.28,60,2010-10-06 12:35:00,2010-10-06 12:35:00,1,Inactive >90 Days
13819,United Kingdom,Minimum,3,302,6,2642.35,440.39166666666665,2309,2009-12-01 16:18:00,2011-02-11 10:38:00,438,Inactive >90 Days
13820,United Kingdom,Minimum,3,419,3,652.75,217.58333333333334,285,2010-01-28 12:26:00,2010-10-17 13:46:00,263,Inactive >90 Days
13821,United Kingdom,Minimum,3,145,6,1379.08,229.84666666666666,477,2010-01-04 13:36:00,2011-07-18 09:49:00,561,Inactive >90 Days
13822,United Kingdom,Prospective,0,6,2,632.0,316.0,611,2011-10-30 15:55:00,2011-12-04 12:13:00,36,Recently Active
13823,United Kingdom,Potential,4,19,7,3403.4500000000003,486.2071428571429,1564,2009-12-15 14:34:00,2011-11-21 10:22:00,707,Recently Active
13824,United Kingdom,Potential,4,33,12,3314.76,276.23,1442,2010-03-12 15:17:00,2011-11-07 12:41:00,606,Recently Active
13825,United Kingdom,General,1,622,2,255.59,127.795,182,2009-12-09 14:30:00,2010-03-28 11:02:00,110,Inactive >90 Days
13826,United Kingdom,General,1,177,1,189.5,189.5,82,2011-06-16 13:48:00,2011-06-16 13:48:00,1,Inactive >90 Days
13827,United Kingdom,Prospective,0,58,3,409.8,136.6,138,2011-07-19 15:38:00,2011-10-13 12:38:00,87,Recently Active
13828,United Kingdom,Prospective,0,23,1,209.49,209.49,311,2011-11-17 16:02:00,2011-11-17 16:02:00,1,Recently Active
13829,United Kingdom,General,1,422,1,102.0,102.0,12,2010-10-14 18:19:00,2010-10-14 18:19:00,1,Inactive >90 Days
13830,United Kingdom,General,1,582,1,156.85000000000002,156.85000000000002,47,2010-05-07 12:24:00,2010-05-07 12:24:00,1,Inactive >90 Days
13831,United Kingdom,Main,2,17,18,6585.54,365.86333333333334,2393,2009-12-10 14:50:00,2011-11-23 15:41:00,714,Recently Active
13832,United Kingdom,Prospective,0,20,2,609.89,304.945,420,2010-10-13 14:41:00,2011-11-20 15:36:00,404,Recently Active
13833,United Kingdom,Minimum,3,160,2,700.41,350.205,243,2010-10-31 14:11:00,2011-07-03 13:27:00,246,Inactive >90 Days
13834,United Kingdom,General,1,577,2,324.19,162.095,221,2010-02-08 12:52:00,2010-05-12 10:27:00,94,Inactive >90 Days
13835,United Kingdom,Potential,4,26,7,1095.27,156.46714285714285,520,2010-03-04 08:26:00,2011-11-14 15:37:00,621,Recently Active
13836,United Kingdom,Minimum,3,400,2,620.37,310.185,273,2010-10-21 13:27:00,2010-11-05 13:31:00,16,Inactive >90 Days
13837,United Kingdom,General,1,212,2,266.59000000000003,133.29500000000002,182,2011-01-26 12:15:00,2011-05-12 12:10:00,107,Inactive >90 Days
13838,United Kingdom,Potential,4,6,10,1690.07,169.007,694,2010-05-09 11:40:00,2011-12-04 11:00:00,575,Recently Active
13839,United Kingdom,General,1,487,1,139.95000000000002,139.95000000000002,25,2010-08-10 13:52:00,2010-08-10 13:52:00,1,Inactive >90 Days
13840,United Kingdom,General,1,417,1,651.4,651.4,358,2010-10-19 13:34:00,2010-10-19 13:34:00,1,Inactive >90 Days
13841,United Kingdom,General,1,253,1,85.0,85.0,100,2011-04-01 12:10:00,2011-04-01 12:10:00,1,Inactive >90 Days
13842,United Kingdom,Potential,4,59,18,5319.34,295.5188888888889,2716,2010-02-16 15:54:00,2011-10-12 10:51:00,604,Recently Active
13843,United Kingdom,General,1,382,1,319.75,319.75,145,2010-11-23 17:48:00,2010-11-23 17:48:00,1,Inactive >90 Days
13844,United Kingdom,Prospective,0,12,1,361.62,361.62,196,2011-11-28 13:21:00,2011-11-28 13:21:00,1,Recently Active
13845,United Kingdom,Prospective,0,65,1,312.98,312.98,182,2011-10-06 08:25:00,2011-10-06 08:25:00,1,Recently Active
13846,United Kingdom,Prospective,0,25,4,1307.79,326.9475,705,2010-11-05 09:47:00,2011-11-15 12:07:00,376,Recently Active
13847,United Kingdom,General,1,720,1,310.72,310.72,96,2009-12-20 10:41:00,2009-12-20 10:41:00,1,Inactive >90 Days
13848,United Kingdom,Potential,4,93,8,3015.0,376.875,9200,2009-12-09 16:17:00,2011-09-08 12:58:00,639,Inactive >90 Days
13849,United Kingdom,Potential,4,52,5,3469.3,693.86,1883,2010-03-25 12:03:00,2011-10-19 10:59:00,574,Recently Active
13850,United Kingdom,Minimum,3,130,1,1595.48,1595.48,944,2011-08-02 14:04:00,2011-08-02 14:04:00,1,Inactive >90 Days
13851,United Kingdom,Potential,4,96,8,4606.46,575.8075,2525,2010-01-29 11:54:00,2011-09-05 12:36:00,585,Inactive >90 Days
13852,United Kingdom,General,1,611,1,187.35000000000002,187.35000000000002,85,2010-04-08 09:06:00,2010-04-08 09:06:00,1,Inactive >90 Days
13853,United Kingdom,Prospective,0,58,1,1090.1399999999999,1090.1399999999999,312,2011-10-13 14:18:00,2011-10-13 14:18:00,1,Recently Active
13854,United Kingdom,Main,2,9,39,11944.56,306.2707692307692,3642,2010-01-08 11:28:00,2011-12-01 09:06:00,693,Recently Active
13855,United Kingdom,Minimum,3,501,4,1310.3400000000001,327.58500000000004,575,2009-12-08 16:56:00,2010-07-27 09:53:00,232,Inactive >90 Days
13856,United Kingdom,Minimum,3,169,11,1142.03,103.82090909090908,1105,2010-03-30 15:40:00,2011-06-24 10:03:00,452,Inactive >90 Days
13857,United Kingdom,Minimum,3,394,6,1000.91,166.81833333333333,781,2010-05-17 14:21:00,2010-11-11 12:54:00,179,Inactive >90 Days
13858,United Kingdom,Prospective,0,58,1,216.17000000000002,216.17000000000002,75,2011-10-13 16:17:00,2011-10-13 16:17:00,1,Recently Active
13859,United Kingdom,General,1,327,2,515.86,257.93,167,2010-06-28 15:36:00,2011-01-17 16:14:00,204,Inactive >90 Days
13860,United Kingdom,Potential,4,2,5,1245.9,249.18,591,2011-09-14 09:27:00,2011-12-08 12:57:00,86,Recently Active
13861,United Kingdom,General,1,430,2,273.26,136.63,225,2010-06-27 11:37:00,2010-10-06 14:20:00,102,Inactive >90 Days
13862,United Kingdom,Potential,4,19,9,2556.09,284.01,1927,2010-11-15 13:43:00,2011-11-21 16:24:00,372,Recently Active
13863,United Kingdom,Minimum,3,248,4,1239.55,309.8875,553,2010-04-25 13:09:00,2011-04-06 10:20:00,347,Inactive >90 Days
13864,United Kingdom,General,1,387,1,662.4000000000001,662.4000000000001,192,2010-11-18 12:50:00,2010-11-18 12:50:00,1,Inactive >90 Days
13865,United Kingdom,Prospective,0,59,4,501.56,125.39,204,2011-02-23 12:04:00,2011-10-12 13:31:00,232,Recently Active
13866,United Kingdom,General,1,75,1,145.67,145.67,57,2011-09-26 14:54:00,2011-09-26 14:54:00,1,Recently Active
13867,United Kingdom,Prospective,0,32,3,1005.09,335.03000000000003,501,2011-05-05 17:28:00,2011-11-08 15:48:00,188,Recently Active
13868,United Kingdom,Prospective,0,8,2,3192.54,1596.27,1964,2011-11-01 12:45:00,2011-12-02 16:32:00,32,Recently Active
13869,United Kingdom,Potential,4,124,10,7996.87,799.687,4302,2010-01-17 14:53:00,2011-08-08 13:53:00,569,Inactive >90 Days
13870,United Kingdom,Main,2,3,15,5712.08,380.80533333333335,3449,2010-02-08 12:08:00,2011-12-07 13:23:00,668,Recently Active
13871,United Kingdom,Main,2,23,17,7885.85,463.8735294117647,3502,2009-12-20 13:09:00,2011-11-17 10:49:00,698,Recently Active
13872,United Kingdom,Minimum,3,528,3,919.57,306.52333333333337,339,2009-12-14 09:56:00,2010-06-30 15:35:00,199,Inactive >90 Days
13873,United Kingdom,Minimum,3,120,8,1038.92,129.865,472,2010-03-03 12:31:00,2011-08-12 10:08:00,528,Inactive >90 Days
13874,United Kingdom,Minimum,3,359,7,2049.15,292.7357142857143,864,2010-02-04 18:39:00,2010-12-16 18:20:00,316,Inactive >90 Days
13875,United Kingdom,Potential,4,54,14,4814.37,343.88357142857143,3072,2009-12-17 10:30:00,2011-10-17 09:36:00,670,Recently Active
13876,United Kingdom,General,1,64,1,122.7,122.7,36,2011-10-07 10:22:00,2011-10-07 10:22:00,1,Recently Active
13877,United Kingdom,Prospective,0,87,3,449.68,149.89333333333335,478,2010-01-19 10:53:00,2011-09-14 15:49:00,604,Recently Active
13878,United Kingdom,Potential,4,55,4,2416.9,604.225,927,2010-04-14 13:50:00,2011-10-16 12:19:00,551,Recently Active
13879,United Kingdom,General,1,646,1,395.5,395.5,204,2010-03-04 10:49:00,2010-03-04 10:49:00,1,Inactive >90 Days
13880,United Kingdom,Potential,4,22,17,4293.86,252.57999999999998,2535,2010-05-26 14:29:00,2011-11-18 13:44:00,542,Recently Active
13881,United Kingdom,Main,2,4,43,45179.1,1050.6767441860466,29760,2010-03-04 14:41:00,2011-12-06 12:50:00,643,Recently Active
13882,United Kingdom,Potential,4,3,5,1191.13,238.22600000000003,953,2011-10-06 15:28:00,2011-12-07 11:16:00,63,Recently Active
13883,United Kingdom,Main,2,11,14,6535.37,466.8121428571429,3582,2010-02-28 12:53:00,2011-11-29 10:45:00,640,Recently Active
13884,United Kingdom,Potential,4,8,10,1825.03,182.503,752,2010-08-26 19:57:00,2011-12-02 16:30:00,464,Recently Active
13885,United Kingdom,General,1,190,2,506.8,253.4,182,2011-05-23 08:52:00,2011-06-03 15:07:00,12,Inactive >90 Days
13886,United Kingdom,Prospective,0,72,1,243.56,243.56,126,2011-09-29 13:17:00,2011-09-29 13:17:00,1,Recently Active
13887,United Kingdom,General,1,205,1,349.55,349.55,147,2011-05-19 17:22:00,2011-05-19 17:22:00,1,Inactive >90 Days
13888,United Kingdom,Minimum,3,120,7,2001.5900000000001,285.9414285714286,795,2010-05-13 11:57:00,2011-08-12 10:13:00,457,Inactive >90 Days
13889,United Kingdom,Minimum,3,93,6,1991.23,331.87166666666667,979,2010-01-22 14:32:00,2011-09-08 09:13:00,595,Inactive >90 Days
13890,United Kingdom,Main,2,2,14,2927.38,209.09857142857143,1392,2009-12-06 15:15:00,2011-12-08 15:36:00,733,Recently Active
13891,United Kingdom,Minimum,3,379,3,859.21,286.40333333333336,476,2010-05-06 16:02:00,2010-11-26 15:57:00,205,Inactive >90 Days
13892,United Kingdom,Potential,4,27,6,1267.65,211.275,3125,2010-05-13 10:32:00,2011-11-13 11:50:00,550,Recently Active
13893,United Kingdom,General,1,298,1,821.1,821.1,190,2011-02-15 11:30:00,2011-02-15 11:30:00,1,Inactive >90 Days
13894,United Kingdom,Prospective,0,24,3,564.62,188.20666666666668,354,2011-02-02 12:54:00,2011-11-16 09:44:00,288,Recently Active
13895,United Kingdom,Potential,4,29,6,4008.52,668.0866666666667,2060,2009-12-03 13:09:00,2011-11-11 16:57:00,709,Recently Active
13896,United Kingdom,General,1,626,1,388.55,388.55,149,2010-03-24 08:55:00,2010-03-24 08:55:00,1,Inactive >90 Days
13897,United Kingdom,Prospective,0,51,3,1160.72,386.9066666666667,820,2010-01-31 13:48:00,2011-10-20 14:30:00,628,Recently Active
13898,United Kingdom,Minimum,3,326,2,686.4,343.2,544,2010-10-24 15:42:00,2011-01-18 10:28:00,87,Inactive >90 Days
13899,United Kingdom,Prospective,0,17,2,388.52,194.26,156,2011-03-10 09:30:00,2011-11-23 13:40:00,259,Recently Active
13900,United Kingdom,Minimum,3,184,6,1610.5900000000001,268.4316666666667,938,2010-03-25 13:46:00,2011-06-09 19:26:00,442,Inactive >90 Days
13901,United Kingdom,Potential,4,73,15,5676.34,378.42266666666666,3344,2010-01-05 09:29:00,2011-09-28 14:48:00,632,Recently Active
13902,Denmark,Minimum,3,633,5,34023.26,6804.652,220596,2009-12-15 10:02:00,2010-03-17 13:09:00,93,Inactive >90 Days
13903,United Kingdom,General,1,401,1,165.45000000000002,165.45000000000002,103,2010-11-04 17:44:00,2010-11-04 17:44:00,1,Inactive >90 Days
13904,United Kingdom,Prospective,0,38,2,332.64,166.32,332,2011-02-18 11:18:00,2011-11-02 13:41:00,258,Recently Active
13905,United Kingdom,General,1,733,1,312.65,312.65,135,2009-12-07 11:41:00,2009-12-07 11:41:00,1,Inactive >90 Days
13906,United Kingdom,General,1,410,1,42.0,42.0,100,2010-10-26 15:00:00,2010-10-26 15:00:00,1,Inactive >90 Days
13907,United Kingdom,General,1,692,1,136.8,136.8,68,2010-01-17 12:22:00,2010-01-17 12:22:00,1,Inactive >90 Days
13908,United Kingdom,Minimum,3,80,4,2319.55,579.8875,1477,2011-03-08 12:04:00,2011-09-21 11:49:00,198,Recently Active
13909,United Kingdom,General,1,424,2,282.85,141.425,301,2010-07-06 16:52:00,2010-10-12 17:22:00,99,Inactive >90 Days
13911,United Kingdom,Potential,4,58,20,4234.99,211.74949999999998,4487,2010-03-01 16:31:00,2011-10-13 15:43:00,592,Recently Active
13912,United Kingdom,General,1,424,1,124.95,124.95,29,2010-10-12 08:43:00,2010-10-12 08:43:00,1,Inactive >90 Days
13913,United Kingdom,General,1,507,1,42.22,42.22,10,2010-07-21 10:11:00,2010-07-21 10:11:00,1,Inactive >90 Days
13914,United Kingdom,Prospective,0,12,2,626.45,313.225,380,2011-11-03 16:28:00,2011-11-28 10:35:00,26,Recently Active
13915,United Kingdom,General,1,395,1,70.80000000000001,70.80000000000001,24,2010-11-10 15:17:00,2010-11-10 15:17:00,1,Inactive >90 Days
13916,United Kingdom,Minimum,3,464,4,1275.81,318.9525,673,2010-02-02 10:06:00,2010-09-02 10:04:00,213,Inactive >90 Days
13917,United Kingdom,Prospective,0,50,2,272.04,136.02,228,2011-06-01 12:46:00,2011-10-21 09:56:00,143,Recently Active
13918,United Kingdom,Prospective,0,50,2,1212.8400000000001,606.4200000000001,1140,2011-03-31 18:05:00,2011-10-21 12:25:00,205,Recently Active
13919,Denmark,Minimum,3,60,4,1252.68,313.17,1127,2010-06-17 09:30:00,2011-10-11 14:24:00,482,Recently Active
13920,United Kingdom,Minimum,3,432,4,1774.68,443.67,1772,2010-05-26 15:48:00,2010-10-04 12:37:00,132,Inactive >90 Days
13921,United Kingdom,Minimum,3,403,4,730.7,182.675,210,2009-12-18 12:19:00,2010-11-02 16:32:00,320,Inactive >90 Days
13922,United Kingdom,Minimum,3,352,3,865.2,288.40000000000003,467,2010-08-29 14:36:00,2010-12-23 10:38:00,117,Inactive >90 Days
13923,United Kingdom,Prospective,0,54,1,351.13,351.13,185,2011-10-17 12:33:00,2011-10-17 12:33:00,1,Recently Active
13924,United Kingdom,Potential,4,2,6,1838.8500000000001,306.475,1575,2011-09-28 15:07:00,2011-12-08 09:39:00,72,Recently Active
13925,United Kingdom,Minimum,3,93,4,678.25,169.5625,331,2011-07-28 12:09:00,2011-09-08 12:47:00,43,Inactive >90 Days
13926,United Kingdom,Prospective,0,24,1,223.85000000000002,223.85000000000002,104,2011-11-16 13:16:00,2011-11-16 13:16:00,1,Recently Active
13927,United Kingdom,Prospective,0,75,2,708.26,354.13,463,2010-09-28 16:12:00,2011-09-26 12:00:00,364,Recently Active
13928,United Kingdom,Prospective,0,11,4,464.57,116.1425,129,2011-07-29 15:59:00,2011-11-29 10:33:00,124,Recently Active
13929,United Kingdom,Potential,4,170,11,3494.1,317.6454545454545,1566,2010-01-14 07:25:00,2011-06-23 15:26:00,526,Inactive >90 Days
13930,United Kingdom,Prospective,0,58,2,337.34,168.67,274,2011-07-26 11:00:00,2011-10-13 09:45:00,80,Recently Active
13931,United Kingdom,Potential,4,96,11,5257.38,477.94363636363636,3488,2009-12-03 10:26:00,2011-09-05 10:12:00,642,Inactive >90 Days
13932,United Kingdom,General,1,295,1,307.4,307.4,72,2011-02-18 12:02:00,2011-02-18 12:02:00,1,Inactive >90 Days
13933,United Kingdom,Minimum,3,110,2,608.79,304.395,205,2011-07-14 13:35:00,2011-08-22 14:03:00,40,Inactive >90 Days
13934,United Kingdom,General,1,264,1,922.1,922.1,390,2011-03-21 08:39:00,2011-03-21 08:39:00,1,Inactive >90 Days
13935,United Kingdom,Minimum,3,597,3,6116.92,2038.9733333333334,2252,2010-02-25 16:01:00,2010-04-22 11:21:00,57,Inactive >90 Days
13936,United Kingdom,Minimum,3,180,3,939.6600000000001,313.22,661,2010-10-21 14:21:00,2011-06-13 08:47:00,236,Inactive >90 Days
13937,United Kingdom,Minimum,3,170,2,880.13,440.065,587,2010-11-02 12:37:00,2011-06-23 16:35:00,234,Inactive >90 Days
13938,United Kingdom,Prospective,0,36,1,71.66,71.66,70,2011-11-04 14:37:00,2011-11-04 14:37:00,1,Recently Active
13939,United Kingdom,Potential,4,24,7,1560.96,222.99428571428572,1608,2010-04-06 12:43:00,2011-11-16 13:33:00,590,Recently Active
13940,United Kingdom,Prospective,0,18,4,839.14,209.785,516,2011-07-18 16:05:00,2011-11-22 15:15:00,128,Recently Active
13941,United Kingdom,Main,2,22,15,10027.18,668.4786666666666,4782,2009-12-16 16:10:00,2011-11-18 09:43:00,703,Recently Active
13942,United Kingdom,General,1,535,1,320.0,320.0,1000,2010-06-23 12:35:00,2010-06-23 12:35:00,1,Inactive >90 Days
13943,United Kingdom,General,1,578,1,246.54000000000002,246.54000000000002,94,2010-05-11 11:30:00,2010-05-11 11:30:00,1,Inactive >90 Days
13944,United Kingdom,General,1,654,1,200.43,200.43,153,2010-02-24 15:02:00,2010-02-24 15:02:00,1,Inactive >90 Days
13945,United Kingdom,Minimum,3,395,2,854.1500000000001,427.07500000000005,413,2010-08-17 09:59:00,2010-11-10 10:00:00,86,Inactive >90 Days
13946,United Kingdom,Potential,4,80,6,1876.23,312.705,2847,2009-12-04 11:07:00,2011-09-21 13:33:00,657,Recently Active
13947,United Kingdom,General,1,66,1,90.60000000000001,90.60000000000001,44,2011-10-05 14:42:00,2011-10-05 14:42:00,1,Recently Active
13948,United Kingdom,Minimum,3,361,4,548.76,137.19,248,2009-12-04 12:14:00,2010-12-14 10:18:00,376,Inactive >90 Days
13949,United Kingdom,Potential,4,3,6,2427.32,404.55333333333334,2474,2011-09-06 11:55:00,2011-12-07 09:35:00,93,Recently Active
13950,United Kingdom,Prospective,0,12,4,745.0600000000001,186.26500000000001,323,2011-04-07 11:29:00,2011-11-28 14:44:00,236,Recently Active
13951,United Kingdom,Minimum,3,177,3,674.45,224.8166666666667,459,2011-02-18 15:21:00,2011-06-16 16:43:00,119,Inactive >90 Days
13952,United Kingdom,Potential,4,218,14,12823.52,915.9657142857143,5946,2009-12-16 09:41:00,2011-05-06 09:00:00,507,Inactive >90 Days
13953,United Kingdom,Main,2,8,12,6640.68,553.39,5224,2009-12-11 12:58:00,2011-12-02 16:04:00,722,Recently Active
13954,United Kingdom,Prospective,0,2,2,439.92,219.96,150,2011-09-30 10:52:00,2011-12-08 12:50:00,70,Recently Active
13955,United Kingdom,Minimum,3,155,3,544.0699999999999,181.35666666666665,272,2010-11-29 17:35:00,2011-07-08 17:19:00,222,Inactive >90 Days
13956,United Kingdom,Potential,4,6,5,1019.27,203.85399999999998,486,2011-03-13 12:51:00,2011-12-04 13:20:00,267,Recently Active
13957,United Kingdom,Minimum,3,418,3,458.25,152.75,157,2010-02-19 10:32:00,2010-10-18 10:02:00,242,Inactive >90 Days
13958,United Kingdom,Minimum,3,380,8,4709.2300000000005,588.6537500000001,2264,2009-12-05 13:12:00,2010-11-25 10:11:00,356,Inactive >90 Days
13959,United Kingdom,Minimum,3,80,6,1064.77,177.46166666666667,694,2010-07-16 15:11:00,2011-09-21 15:06:00,433,Recently Active
13960,United Kingdom,Prospective,0,22,2,230.22,115.11,142,2011-09-29 12:39:00,2011-11-18 15:27:00,51,Recently Active
13961,United Kingdom,General,1,393,1,538.4,538.4,226,2010-11-12 14:40:00,2010-11-12 14:40:00,1,Inactive >90 Days
13962,United Kingdom,Prospective,0,22,3,362.8,120.93333333333334,160,2010-09-30 10:35:00,2011-11-18 08:47:00,415,Recently Active
13963,United Kingdom,Minimum,3,309,17,2860.57,168.26882352941178,2007,2010-04-21 16:20:00,2011-02-04 14:43:00,290,Inactive >90 Days
13964,United Kingdom,General,1,388,2,438.9,219.45,228,2010-10-05 12:38:00,2010-11-17 13:53:00,44,Inactive >90 Days
13965,United Kingdom,Minimum,3,477,3,996.61,332.2033333333333,425,2010-01-05 15:21:00,2010-08-20 10:40:00,228,Inactive >90 Days
13966,United Kingdom,General,1,436,1,384.26,384.26,760,2010-09-30 13:08:00,2010-09-30 13:08:00,1,Inactive >90 Days
13967,United Kingdom,General,1,146,2,166.3,83.15,66,2010-11-08 13:24:00,2011-07-17 12:02:00,252,Inactive >90 Days
13968,United Kingdom,General,1,424,1,123.66,123.66,174,2010-10-12 13:22:00,2010-10-12 13:22:00,1,Inactive >90 Days
13969,United Kingdom,Main,2,8,35,12973.460000000001,370.67028571428574,6640,2010-03-25 13:15:00,2011-12-02 15:11:00,618,Recently Active
13970,United Kingdom,Minimum,3,387,2,846.55,423.275,469,2010-09-28 11:53:00,2010-11-18 13:21:00,52,Inactive >90 Days
13971,United Kingdom,Potential,4,19,14,4667.57,333.3978571428571,3084,2010-01-26 09:51:00,2011-11-21 12:06:00,665,Recently Active
13972,United Kingdom,Prospective,0,71,2,190.25,95.125,187,2011-05-22 11:34:00,2011-09-30 11:54:00,132,Recently Active
13973,United Kingdom,General,1,288,1,264.7,264.7,109,2011-02-25 15:21:00,2011-02-25 15:21:00,1,Inactive >90 Days
13974,United Kingdom,Prospective,0,50,2,677.72,338.86,356,2010-05-06 17:55:00,2011-10-21 14:41:00,534,Recently Active
13975,United Kingdom,Potential,4,32,12,5256.4,438.0333333333333,3884,2010-02-02 13:13:00,2011-11-08 13:19:00,645,Recently Active
13976,United Kingdom,Minimum,3,207,4,1192.3600000000001,298.09000000000003,452,2010-02-09 13:08:00,2011-05-17 09:13:00,463,Inactive >90 Days
13977,United Kingdom,General,1,412,1,519.8100000000001,519.8100000000001,303,2010-10-24 14:08:00,2010-10-24 14:08:00,1,Inactive >90 Days
13978,United Kingdom,Prospective,0,15,2,196.79,98.395,315,2011-10-25 15:04:00,2011-11-25 11:36:00,32,Recently Active
13979,United Kingdom,Potential,4,74,7,3373.63,481.94714285714286,2241,2009-12-03 10:02:00,2011-09-27 13:32:00,664,Recently Active
13980,United Kingdom,Minimum,3,61,5,768.8199999999999,153.76399999999998,463,2010-02-21 14:18:00,2011-10-10 13:34:00,597,Recently Active
13981,United Kingdom,General,1,416,1,331.14,331.14,234,2010-10-20 10:03:00,2010-10-20 10:03:00,1,Inactive >90 Days
13982,United Kingdom,Potential,4,40,9,3954.29,439.36555555555555,2478,2010-01-20 14:04:00,2011-10-31 16:24:00,650,Recently Active
13983,United Kingdom,Main,2,30,21,6753.89,321.61380952380955,3925,2009-12-09 13:53:00,2011-11-10 11:06:00,702,Recently Active
13984,United Kingdom,Potential,4,27,12,1893.8,157.81666666666666,1301,2009-12-07 11:51:00,2011-11-13 12:38:00,707,Recently Active
13985,United Kingdom,Main,2,5,22,10020.86,455.49363636363637,4936,2010-02-09 13:56:00,2011-12-05 17:06:00,665,Recently Active
13986,United Kingdom,Prospective,0,18,1,320.46,320.46,430,2011-11-22 15:00:00,2011-11-22 15:00:00,1,Recently Active
13987,United Kingdom,Minimum,3,380,2,682.54,341.27,492,2010-11-04 09:54:00,2010-11-25 10:20:00,22,Inactive >90 Days
13988,United Kingdom,Potential,4,20,8,4757.8,594.725,3385,2010-03-24 11:05:00,2011-11-20 10:15:00,607,Recently Active
13989,United Kingdom,Potential,4,66,5,2026.06,405.212,2207,2010-05-25 12:13:00,2011-10-05 09:47:00,499,Recently Active
13990,United Kingdom,General,1,214,1,311.3,311.3,190,2011-05-10 15:19:00,2011-05-10 15:19:00,1,Inactive >90 Days
13991,United Kingdom,Potential,4,13,6,851.88,141.98,994,2011-07-19 12:58:00,2011-11-27 16:18:00,132,Recently Active
13992,United Kingdom,Prospective,0,31,3,219.5,73.16666666666667,154,2010-09-02 17:04:00,2011-11-09 15:23:00,434,Recently Active
13993,United Kingdom,Main,2,43,19,6775.71,356.6163157894737,2135,2009-12-03 11:57:00,2011-10-28 09:06:00,695,Recently Active
13994,United Kingdom,Potential,4,4,6,2274.14,379.0233333333333,932,2011-07-14 18:28:00,2011-12-06 11:05:00,146,Recently Active
13995,United Kingdom,Potential,4,16,14,3902.01,278.71500000000003,2359,2009-12-18 12:43:00,2011-11-24 14:22:00,707,Recently Active
13996,United Kingdom,Minimum,3,387,2,845.76,422.88,612,2010-11-05 15:07:00,2010-11-18 16:27:00,14,Inactive >90 Days
13997,United Kingdom,General,1,520,3,376.46,125.48666666666666,143,2010-06-07 17:33:00,2010-07-08 18:06:00,32,Inactive >90 Days
13998,United Kingdom,Minimum,3,447,3,566.7,188.9,204,2010-05-12 13:18:00,2010-09-19 10:20:00,131,Inactive >90 Days
13999,United Kingdom,Main,2,11,29,9502.26,327.6641379310345,5043,2009-12-05 12:42:00,2011-11-29 13:40:00,725,Recently Active
14000,United Kingdom,Minimum,3,212,5,2046.34,409.268,1838,2009-12-02 09:50:00,2011-05-12 16:50:00,527,Inactive >90 Days
14001,United Kingdom,Potential,4,46,9,4228.85,469.87222222222226,1779,2010-08-03 12:49:00,2011-10-25 10:31:00,449,Recently Active
14002,United Kingdom,Minimum,3,135,2,529.73,264.865,877,2011-07-06 14:59:00,2011-07-28 15:55:00,23,Inactive >90 Days
14003,United Kingdom,General,1,733,1,209.41,209.41,149,2009-12-07 08:53:00,2009-12-07 08:53:00,1,Inactive >90 Days
14004,United Kingdom,Potential,4,44,11,6258.45,568.9499999999999,3425,2010-09-30 09:39:00,2011-10-27 14:40:00,393,Recently Active
14005,United Kingdom,Potential,4,10,5,2874.72,574.944,2478,2011-05-08 10:33:00,2011-11-30 12:41:00,207,Recently Active
14006,United Kingdom,Minimum,3,116,7,2196.67,313.81,2181,2010-02-25 09:45:00,2011-08-16 09:39:00,538,Inactive >90 Days
14007,United Kingdom,General,1,513,1,79.48,79.48,16,2010-07-15 09:06:00,2010-07-15 09:06:00,1,Inactive >90 Days
14008,United Kingdom,General,1,433,1,509.04,509.04,326,2010-10-03 13:09:00,2010-10-03 13:09:00,1,Inactive >90 Days
14009,United Kingdom,Minimum,3,199,3,1099.91,366.6366666666667,951,2010-09-03 12:08:00,2011-05-25 15:47:00,265,Inactive >90 Days
14010,United Kingdom,General,1,566,2,445.15,222.575,177,2010-05-23 12:46:00,2010-05-23 13:00:00,1,Inactive >90 Days
14011,United Kingdom,General,1,481,2,457.82,228.91,644,2010-04-11 13:40:00,2010-08-16 15:31:00,128,Inactive >90 Days
14012,United Kingdom,General,1,278,1,328.8,328.8,160,2011-03-07 12:26:00,2011-03-07 12:26:00,1,Inactive >90 Days
14013,United Kingdom,Minimum,3,111,5,1084.57,216.914,775,2010-03-26 10:02:00,2011-08-21 15:01:00,514,Inactive >90 Days
14014,United Kingdom,Minimum,3,78,3,1948.21,649.4033333333333,2004,2010-05-12 09:04:00,2011-09-23 13:18:00,500,Recently Active
14015,United Kingdom,Prospective,0,53,1,917.34,917.34,378,2011-10-18 10:02:00,2011-10-18 10:02:00,1,Recently Active
14016,EIRE,Potential,4,162,11,11303.41,1027.5827272727272,5720,2010-01-08 14:12:00,2011-07-01 11:29:00,540,Inactive >90 Days
14017,United Kingdom,General,1,572,1,229.75,229.75,73,2010-05-17 14:52:00,2010-05-17 14:52:00,1,Inactive >90 Days
14018,United Kingdom,General,1,646,1,367.15,367.15,224,2010-03-04 14:23:00,2010-03-04 14:23:00,1,Inactive >90 Days
14019,United Kingdom,Prospective,0,47,3,1421.6100000000001,473.87000000000006,1037,2011-07-24 15:39:00,2011-10-24 10:13:00,93,Recently Active
14020,United Kingdom,Prospective,0,17,4,1249.01,312.2525,648,2010-06-28 15:29:00,2011-11-23 09:22:00,514,Recently Active
14021,United Kingdom,Minimum,3,156,7,1716.58,245.22571428571428,878,2010-04-26 11:22:00,2011-07-07 15:46:00,438,Inactive >90 Days
14022,United Kingdom,Minimum,3,226,2,792.15,396.075,681,2010-08-10 09:38:00,2011-04-28 14:39:00,262,Inactive >90 Days
14023,United Kingdom,Prospective,0,8,2,584.07,292.035,345,2011-04-03 15:50:00,2011-12-02 13:58:00,244,Recently Active
14024,United Kingdom,Minimum,3,122,3,645.74,215.24666666666667,238,2010-11-14 10:51:00,2011-08-10 11:30:00,270,Inactive >90 Days
14025,United Kingdom,Minimum,3,465,8,4057.9,507.2375,1914,2010-05-05 09:56:00,2010-09-01 10:11:00,120,Inactive >90 Days
14026,United Kingdom,Minimum,3,471,2,713.11,356.555,427,2010-03-24 14:10:00,2010-08-26 10:31:00,156,Inactive >90 Days
14027,United Kingdom,General,1,61,1,104.82,104.82,62,2011-10-10 09:01:00,2011-10-10 09:01:00,1,Recently Active
14028,United Kingdom,Minimum,3,551,3,10396.5,3465.5,7170,2010-06-07 12:02:00,2010-06-07 13:33:00,1,Inactive >90 Days
14029,United Kingdom,Prospective,0,64,2,467.66,233.83,198,2011-07-18 16:57:00,2011-10-07 14:46:00,82,Recently Active
14030,United Kingdom,Main,2,19,20,7521.8,376.09000000000003,4215,2009-12-10 17:27:00,2011-11-21 16:48:00,712,Recently Active
14031,United Kingdom,Main,2,8,44,39019.51,886.8070454545455,13783,2009-12-03 15:35:00,2011-12-02 17:13:00,730,Recently Active
14032,United Kingdom,Main,2,3,16,4546.41,284.150625,3740,2009-12-14 12:02:00,2011-12-07 15:23:00,724,Recently Active
14033,United Kingdom,General,1,556,1,109.44,109.44,576,2010-06-02 15:10:00,2010-06-02 15:10:00,1,Inactive >90 Days
14034,United Kingdom,Prospective,0,23,3,648.89,216.29666666666665,420,2011-07-05 13:06:00,2011-11-17 14:02:00,136,Recently Active
14035,United Kingdom,Potential,4,29,9,2794.75,310.52777777777777,1405,2010-04-06 12:39:00,2011-11-11 10:03:00,585,Recently Active
14036,United Kingdom,General,1,285,1,626.65,626.65,268,2011-02-28 09:26:00,2011-02-28 09:26:00,1,Inactive >90 Days
14037,United Kingdom,Minimum,3,177,6,836.95,139.49166666666667,590,2009-12-07 11:39:00,2011-06-16 13:57:00,557,Inactive >90 Days
14038,United Kingdom,Potential,4,79,5,3069.88,613.976,1708,2010-02-04 08:56:00,2011-09-22 13:37:00,596,Recently Active
14039,United Kingdom,Prospective,0,34,2,267.28000000000003,133.64000000000001,192,2010-05-13 10:15:00,2011-11-06 13:48:00,543,Recently Active
14040,United Kingdom,Main,2,41,35,12523.81,357.82314285714284,4972,2009-12-01 12:14:00,2011-10-30 12:42:00,699,Recently Active
14041,United Kingdom,General,1,267,1,141.41,141.41,94,2011-03-18 13:25:00,2011-03-18 13:25:00,1,Inactive >90 Days
14042,United Kingdom,General,1,726,1,431.98,431.98,180,2009-12-14 15:07:00,2009-12-14 15:07:00,1,Inactive >90 Days
14043,United Kingdom,General,1,492,2,302.59999999999997,151.29999999999998,152,2009-12-10 15:56:00,2010-08-05 18:18:00,239,Inactive >90 Days
14044,United Kingdom,Potential,4,27,10,3073.95,307.395,2099,2010-01-24 15:14:00,2011-11-13 12:05:00,659,Recently Active
14045,United Kingdom,Potential,4,110,16,10986.63,686.664375,4459,2010-01-08 10:08:00,2011-08-22 15:27:00,592,Inactive >90 Days
14046,United Kingdom,General,1,285,1,151.59,151.59,443,2011-02-28 14:48:00,2011-02-28 14:48:00,1,Inactive >90 Days
14047,United Kingdom,Potential,4,9,14,3968.11,283.43642857142856,1541,2010-02-01 10:05:00,2011-12-01 11:43:00,669,Recently Active
14048,United Kingdom,Minimum,3,306,3,748.69,249.56333333333336,467,2010-11-22 14:08:00,2011-02-07 14:53:00,78,Inactive >90 Days
14049,United Kingdom,Main,2,17,13,13023.4,1001.8,8480,2010-04-01 14:52:00,2011-11-23 12:20:00,602,Recently Active
14050,United Kingdom,Prospective,0,32,2,746.36,373.18,689,2011-08-25 13:46:00,2011-11-08 10:00:00,76,Recently Active
14051,United Kingdom,Main,2,1,37,21770.98,588.4048648648649,5709,2009-12-03 11:53:00,2011-12-09 10:20:00,737,Recently Active
14052,United Kingdom,Prospective,0,20,2,466.66,233.33,174,2010-11-14 11:37:00,2011-11-20 12:30:00,372,Recently Active
14053,United Kingdom,Minimum,3,125,4,572.3,143.075,490,2010-08-10 11:02:00,2011-08-07 14:27:00,363,Inactive >90 Days
14054,United Kingdom,General,1,66,1,92.46000000000001,92.46000000000001,62,2011-10-05 15:49:00,2011-10-05 15:49:00,1,Recently Active
14055,United Kingdom,Minimum,3,107,3,1520.96,506.9866666666667,720,2009-12-16 15:11:00,2011-08-25 15:04:00,618,Inactive >90 Days
14056,United Kingdom,Main,2,2,23,8152.71,354.46565217391304,4252,2011-02-28 15:19:00,2011-12-08 13:36:00,284,Recently Active
14057,United Kingdom,Main,2,24,22,8346.66,379.39363636363635,6438,2009-12-03 13:17:00,2011-11-16 10:32:00,714,Recently Active
14058,United Kingdom,General,1,463,2,469.19,234.595,211,2010-06-27 11:29:00,2010-09-03 09:31:00,69,Inactive >90 Days
14059,United Kingdom,General,1,267,1,183.6,183.6,128,2011-03-18 10:06:00,2011-03-18 10:06:00,1,Inactive >90 Days
14060,United Kingdom,Main,2,5,30,8898.24,296.608,7419,2010-03-11 09:47:00,2011-12-05 12:29:00,635,Recently Active
14061,United Kingdom,Minimum,3,508,3,917.4300000000001,305.81,133,2009-12-01 18:03:00,2010-07-20 17:22:00,232,Inactive >90 Days
14062,United Kingdom,Main,2,10,24,25585.65,1066.0687500000001,12794,2009-12-10 14:28:00,2011-11-30 10:04:00,721,Recently Active
14063,United Kingdom,Minimum,3,687,7,9471.5,1353.0714285714287,3848,2009-12-08 13:46:00,2010-01-22 11:28:00,46,Inactive >90 Days
14064,United Kingdom,Potential,4,30,15,3260.2400000000002,217.34933333333336,3911,2010-01-21 13:22:00,2011-11-10 13:14:00,659,Recently Active
14065,United Kingdom,Minimum,3,390,3,891.02,297.00666666666666,582,2010-10-04 12:03:00,2010-11-15 16:13:00,43,Inactive >90 Days
14066,United Kingdom,General,1,267,1,152.55,152.55,45,2011-03-18 12:21:00,2011-03-18 12:21:00,1,Inactive >90 Days
14067,United Kingdom,Prospective,0,64,2,374.7,187.35,361,2011-09-04 12:00:00,2011-10-07 10:21:00,34,Recently Active
14068,United Kingdom,Minimum,3,321,4,1516.72,379.18,510,2010-01-31 10:10:00,2011-01-23 16:02:00,358,Inactive >90 Days
14069,United Kingdom,General,1,515,2,225.81,112.905,58,2010-05-27 12:30:00,2010-07-13 12:12:00,48,Inactive >90 Days
14070,United Kingdom,General,1,685,1,321.6,321.6,85,2010-01-24 12:27:00,2010-01-24 12:27:00,1,Inactive >90 Days
14071,United Kingdom,Potential,4,4,8,1422.75,177.84375,956,2011-03-20 11:33:00,2011-12-06 12:27:00,262,Recently Active
14072,United Kingdom,General,1,667,1,390.85,390.85,65,2010-02-11 12:31:00,2010-02-11 12:31:00,1,Inactive >90 Days
14073,United Kingdom,Prospective,0,33,1,151.04,151.04,130,2011-11-07 15:49:00,2011-11-07 15:49:00,1,Recently Active
14074,United Kingdom,General,1,624,1,219.4,219.4,228,2010-03-26 13:55:00,2010-03-26 13:55:00,1,Inactive >90 Days
14075,United Kingdom,Potential,4,5,5,1724.87,344.974,1493,2010-08-26 13:42:00,2011-12-05 08:38:00,467,Recently Active
14076,United Kingdom,General,1,130,1,118.67,118.67,79,2011-08-02 15:19:00,2011-08-02 15:19:00,1,Inactive >90 Days
14077,United Kingdom,Prospective,0,41,6,615.08,102.51333333333334,376,2010-11-09 16:01:00,2011-10-30 12:35:00,356,Recently Active
14078,United Kingdom,Potential,4,102,9,1551.82,172.42444444444445,585,2010-03-28 15:05:00,2011-08-30 12:16:00,521,Inactive >90 Days
14079,United Kingdom,General,1,125,1,375.1,375.1,301,2011-08-07 12:10:00,2011-08-07 12:10:00,1,Inactive >90 Days
14080,United Kingdom,Potential,4,33,5,1115.68,223.13600000000002,268,2009-12-02 15:01:00,2011-11-07 11:09:00,706,Recently Active
14081,United Kingdom,Minimum,3,303,10,4867.57,486.75699999999995,3381,2009-12-10 18:27:00,2011-02-10 16:17:00,428,Inactive >90 Days
14082,United Kingdom,General,1,365,2,413.36,206.68,246,2010-11-12 11:47:00,2010-12-10 11:02:00,29,Inactive >90 Days
14083,United Kingdom,Potential,4,5,11,1082.19,98.3809090909091,760,2009-12-18 11:34:00,2011-12-05 13:14:00,718,Recently Active
14084,United Kingdom,General,1,513,1,150.5,150.5,306,2010-07-15 14:36:00,2010-07-15 14:36:00,1,Inactive >90 Days
14085,United Kingdom,Main,2,3,32,9705.67,303.3021875,6433,2009-12-08 13:41:00,2011-12-07 13:46:00,730,Recently Active
14086,United Kingdom,General,1,463,1,39.95,39.95,1,2010-09-03 10:52:00,2010-09-03 10:52:00,1,Inactive >90 Days
14087,United Kingdom,Prospective,0,3,3,829.47,276.49,718,2009-12-04 15:27:00,2011-12-07 12:41:00,734,Recently Active
14088,United Kingdom,Main,2,11,16,64036.8,4002.3,15276,2010-10-14 19:46:00,2011-11-29 16:16:00,412,Recently Active
14089,United Kingdom,Prospective,0,57,1,158.75,158.75,133,2011-10-14 10:38:00,2011-10-14 10:38:00,1,Recently Active
14090,United Kingdom,General,1,325,1,76.32000000000001,76.32000000000001,72,2011-01-19 10:51:00,2011-01-19 10:51:00,1,Inactive >90 Days
14091,United Kingdom,Minimum,3,655,2,9530.08,4765.04,3316,2010-01-10 13:41:00,2010-02-23 15:17:00,45,Inactive >90 Days
14092,United Kingdom,Main,2,8,24,7229.45,301.2270833333333,3606,2009-12-16 16:24:00,2011-12-02 12:13:00,717,Recently Active
14093,United Kingdom,Prospective,0,13,1,433.86,433.86,391,2011-11-27 16:27:00,2011-11-27 16:27:00,1,Recently Active
14094,United Kingdom,General,1,440,1,311.77,311.77,158,2010-09-26 11:58:00,2010-09-26 11:58:00,1,Inactive >90 Days
14095,United Kingdom,General,1,723,1,2.95,2.95,1,2009-12-17 12:49:00,2009-12-17 12:49:00,1,Inactive >90 Days
14096,United Kingdom,Main,2,5,17,53258.43,3132.8488235294117,16336,2011-08-30 10:49:00,2011-12-05 17:17:00,98,Recently Active
14097,United Kingdom,General,1,482,2,422.86,211.43,352,2010-03-04 10:46:00,2010-08-15 14:20:00,165,Inactive >90 Days
14098,United Kingdom,Prospective,0,37,1,147.35,147.35,104,2011-11-03 10:13:00,2011-11-03 10:13:00,1,Recently Active
14099,United Kingdom,Main,2,17,20,5750.91,287.5455,3666,2009-12-10 11:55:00,2011-11-23 13:53:00,714,Recently Active
14100,United Kingdom,General,1,138,1,191.95,191.95,63,2011-07-25 11:01:00,2011-07-25 11:01:00,1,Inactive >90 Days
14101,United Kingdom,Potential,4,74,13,9961.93,766.3023076923077,10542,2010-03-28 13:36:00,2011-09-27 12:28:00,549,Recently Active
14102,United Kingdom,Potential,4,6,5,1105.8799999999999,221.176,769,2011-10-26 12:46:00,2011-12-04 15:38:00,40,Recently Active
14104,United Kingdom,Minimum,3,155,5,740.53,148.106,495,2010-05-28 16:11:00,2011-07-08 12:50:00,407,Inactive >90 Days
14105,United Kingdom,Minimum,3,240,5,5988.83,1197.766,3534,2009-12-18 16:57:00,2011-04-14 17:58:00,483,Inactive >90 Days
14106,United Kingdom,General,1,738,1,214.8,214.8,24,2009-12-02 14:09:00,2009-12-02 14:09:00,1,Inactive >90 Days
14107,United Kingdom,Potential,4,52,11,4877.3,443.39090909090913,3489,2009-12-09 14:20:00,2011-10-19 12:12:00,680,Recently Active
14108,United Kingdom,Prospective,0,31,4,1044.96,261.24,660,2009-12-01 18:07:00,2011-11-09 10:41:00,709,Recently Active
14109,United Kingdom,General,1,73,1,144.2,144.2,88,2011-09-28 10:18:00,2011-09-28 10:18:00,1,Recently Active
14110,United Kingdom,Main,2,4,33,12987.95,393.57424242424247,5825,2009-12-01 09:50:00,2011-12-06 12:26:00,736,Recently Active
14111,United Kingdom,Prospective,0,15,4,692.85,173.2125,458,2011-04-12 11:36:00,2011-11-25 13:44:00,228,Recently Active
14112,United Kingdom,Potential,4,23,13,5834.59,448.8146153846154,3539,2010-02-23 14:16:00,2011-11-17 12:30:00,633,Recently Active
14113,United Kingdom,Main,2,4,16,7092.610000000001,443.28812500000004,3439,2009-12-08 07:42:00,2011-12-06 12:18:00,729,Recently Active
14114,United Kingdom,Minimum,3,274,7,1364.09,194.86999999999998,650,2010-04-12 11:07:00,2011-03-11 09:42:00,334,Inactive >90 Days
14115,United Kingdom,General,1,502,2,622.67,311.335,509,2010-02-11 11:44:00,2010-07-26 12:36:00,166,Inactive >90 Days
14116,United Kingdom,Potential,4,20,5,1382.74,276.548,707,2011-08-10 12:44:00,2011-11-20 10:29:00,103,Recently Active
14117,United Kingdom,General,1,144,1,90.0,90.0,72,2011-07-19 09:49:00,2011-07-19 09:49:00,1,Inactive >90 Days
14118,United Kingdom,General,1,429,1,458.45,458.45,97,2010-10-07 11:59:00,2010-10-07 11:59:00,1,Inactive >90 Days
14119,United Kingdom,General,1,376,2,183.37,91.685,177,2009-12-21 14:52:00,2010-11-29 10:33:00,344,Inactive >90 Days
14121,United Kingdom,Potential,4,4,4,2780.15,695.0375,2082,2011-10-11 10:39:00,2011-12-06 12:19:00,57,Recently Active
14122,United Kingdom,General,1,407,3,362.42,120.80666666666667,114,2009-12-02 14:22:00,2010-10-29 15:11:00,332,Inactive >90 Days
14123,United Kingdom,General,1,734,1,436.18,436.18,234,2009-12-06 15:35:00,2009-12-06 15:35:00,1,Inactive >90 Days
14124,United Kingdom,Prospective,0,85,1,419.58,419.58,1618,2011-09-16 13:32:00,2011-09-16 13:32:00,1,Recently Active
14125,United Kingdom,Potential,4,11,3,2720.63,906.8766666666667,1628,2011-09-22 15:40:00,2011-11-29 12:47:00,69,Recently Active
14126,United Kingdom,Prospective,0,8,4,1172.46,293.115,887,2010-09-21 14:51:00,2011-12-02 11:45:00,438,Recently Active
14127,United Kingdom,Minimum,3,123,6,1900.0800000000002,316.68,828,2010-10-10 11:53:00,2011-08-09 10:49:00,304,Inactive >90 Days
14128,United Kingdom,Prospective,0,61,3,924.21,308.07,814,2010-06-06 14:05:00,2011-10-10 12:00:00,492,Recently Active
14129,United Kingdom,Potential,4,2,9,2591.34,287.9266666666667,1414,2010-05-09 14:54:00,2011-12-08 11:02:00,579,Recently Active
14130,United Kingdom,Minimum,3,320,4,1858.77,464.6925,1215,2009-12-11 16:33:00,2011-01-24 16:05:00,410,Inactive >90 Days
14131,United Kingdom,General,1,649,1,168.22,168.22,105,2010-03-01 11:59:00,2010-03-01 11:59:00,1,Inactive >90 Days
14132,United Kingdom,Potential,4,3,11,3586.03,326.00272727272727,3368,2011-06-09 12:04:00,2011-12-07 13:35:00,182,Recently Active
14133,United Kingdom,Minimum,3,130,4,911.14,227.785,398,2009-12-06 12:10:00,2011-08-02 11:34:00,605,Inactive >90 Days
14134,United Kingdom,Potential,4,383,15,11123.35,741.5566666666667,5814,2009-12-10 09:25:00,2010-11-22 12:26:00,348,Inactive >90 Days
14135,United Kingdom,Main,2,2,24,8839.67,368.31958333333336,8534,2009-12-02 08:58:00,2011-12-08 11:38:00,737,Recently Active
14136,United Kingdom,Minimum,3,401,5,1570.81,314.162,1148,2009-12-08 09:19:00,2010-11-04 11:53:00,332,Inactive >90 Days
14137,United Kingdom,General,1,696,1,332.7,332.7,462,2010-01-13 12:30:00,2010-01-13 12:30:00,1,Inactive >90 Days
14138,United Kingdom,Prospective,0,2,2,965.88,482.94,600,2011-10-07 09:38:00,2011-12-08 12:44:00,63,Recently Active
14139,United Kingdom,Prospective,0,47,4,1086.8,271.7,1049,2010-06-15 09:17:00,2011-10-24 13:34:00,497,Recently Active
14140,United Kingdom,Prospective,0,4,2,935.05,467.525,811,2011-11-08 11:20:00,2011-12-06 09:05:00,29,Recently Active
14141,United Kingdom,Prospective,0,3,4,915.13,228.7825,355,2011-08-26 14:40:00,2011-12-07 09:53:00,104,Recently Active
14142,United Kingdom,Minimum,3,374,2,671.34,335.67,518,2010-03-03 15:13:00,2010-12-01 16:33:00,274,Inactive >90 Days
14143,United Kingdom,General,1,134,1,115.8,115.8,30,2011-07-29 09:48:00,2011-07-29 09:48:00,1,Inactive >90 Days
14144,United Kingdom,General,1,487,1,30.6,30.6,12,2010-08-10 15:17:00,2010-08-10 15:17:00,1,Inactive >90 Days
14145,United Kingdom,Potential,4,47,7,7600.05,1085.7214285714285,1655,2010-04-08 09:47:00,2011-10-24 12:10:00,565,Recently Active
14146,United Kingdom,Main,2,9,12,9450.3,787.525,5780,2010-01-13 16:04:00,2011-12-01 10:18:00,688,Recently Active
14147,United Kingdom,Potential,4,79,9,2590.2,287.79999999999995,995,2010-03-09 13:43:00,2011-09-22 18:10:00,563,Recently Active
14148,United Kingdom,General,1,234,2,466.29,233.145,223,2010-10-21 14:08:00,2011-04-20 12:02:00,182,Inactive >90 Days
14149,United Kingdom,General,1,221,1,446.62,446.62,218,2011-05-03 09:44:00,2011-05-03 09:44:00,1,Inactive >90 Days
14150,United Kingdom,Prospective,0,36,2,658.64,329.32,496,2010-12-15 10:04:00,2011-11-04 10:05:00,325,Recently Active
14151,United Kingdom,General,1,674,2,679.45,339.725,405,2009-12-23 10:54:00,2010-02-04 15:35:00,44,Inactive >90 Days
14152,United Kingdom,Potential,4,76,7,1997.3400000000001,285.3342857142857,1844,2010-02-18 13:57:00,2011-09-25 12:54:00,585,Recently Active
14153,United Kingdom,General,1,484,1,233.39999999999998,233.39999999999998,312,2010-08-13 14:35:00,2010-08-13 14:35:00,1,Inactive >90 Days
14154,United Kingdom,Minimum,3,240,8,6460.7,807.5875,3222,2010-01-13 12:47:00,2011-04-14 16:26:00,457,Inactive >90 Days
14155,United Kingdom,General,1,267,1,118.75,118.75,25,2011-03-18 14:13:00,2011-03-18 14:13:00,1,Inactive >90 Days
14156,EIRE,Main,2,10,144,303069.88,2104.6519444444443,164281,2009-12-01 12:30:00,2011-11-30 10:54:00,730,Recently Active
14157,United Kingdom,Potential,4,20,5,978.69,195.738,521,2010-03-03 16:49:00,2011-11-20 11:32:00,628,Recently Active
14158,United Kingdom,Prospective,0,41,1,507.65999999999997,507.65999999999997,781,2011-10-30 15:08:00,2011-10-30 15:08:00,1,Recently Active
14159,United Kingdom,Main,2,20,20,7849.58,392.479,6514,2009-12-03 12:31:00,2011-11-20 12:36:00,718,Recently Active
14160,United Kingdom,Minimum,3,611,7,8421.47,1203.0671428571427,4661,2010-01-10 12:06:00,2010-04-08 14:30:00,89,Inactive >90 Days
14161,United Kingdom,Minimum,3,216,7,2996.93,428.1328571428571,1480,2009-12-13 11:46:00,2011-05-08 11:41:00,512,Inactive >90 Days
14162,United Kingdom,General,1,174,2,289.36,144.68,142,2011-02-20 12:32:00,2011-06-19 11:36:00,120,Inactive >90 Days
14163,United Kingdom,Minimum,3,88,5,2594.62,518.924,950,2010-09-03 17:15:00,2011-09-13 15:18:00,376,Recently Active
14164,United Kingdom,Minimum,3,71,2,1631.77,815.885,1033,2011-09-20 12:18:00,2011-09-30 12:24:00,11,Recently Active
14165,United Kingdom,General,1,276,1,120.44,120.44,53,2011-03-09 12:39:00,2011-03-09 12:39:00,1,Inactive >90 Days
14166,United Kingdom,General,1,506,2,251.15,125.575,82,2010-03-23 15:10:00,2010-07-22 19:42:00,122,Inactive >90 Days
14167,United Kingdom,Potential,4,40,8,1274.29,159.28625,340,2010-01-27 16:07:00,2011-10-31 14:29:00,643,Recently Active
14168,United Kingdom,General,1,421,2,370.45,185.225,147,2010-05-24 12:28:00,2010-10-15 10:49:00,145,Inactive >90 Days
14169,United Kingdom,General,1,431,2,613.11,306.555,201,2010-09-21 13:39:00,2010-10-05 08:45:00,15,Inactive >90 Days
14170,United Kingdom,Minimum,3,376,3,570.18,190.05999999999997,270,2010-11-09 14:06:00,2010-11-29 13:10:00,21,Inactive >90 Days
14171,United Kingdom,Prospective,0,99,2,498.79,249.395,211,2009-12-09 13:50:00,2011-09-02 16:43:00,633,Inactive >90 Days
14172,United Kingdom,General,1,606,3,369.02,123.00666666666666,78,2010-03-07 10:58:00,2010-04-13 13:26:00,38,Inactive >90 Days
14173,United Kingdom,Prospective,0,11,6,586.0,97.66666666666667,194,2009-12-09 12:46:00,2011-11-29 11:54:00,721,Recently Active
14174,United Kingdom,Prospective,0,34,1,134.46,134.46,94,2011-11-06 13:17:00,2011-11-06 13:17:00,1,Recently Active
14175,United Kingdom,Potential,4,60,8,7678.88,959.86,3009,2010-03-22 10:43:00,2011-10-11 11:55:00,569,Recently Active
14176,United Kingdom,Minimum,3,298,5,756.46,151.292,265,2010-11-23 13:21:00,2011-02-15 13:12:00,85,Inactive >90 Days
14177,United Kingdom,Potential,4,87,13,2209.69,169.97615384615386,1043,2010-02-26 11:59:00,2011-09-14 15:11:00,566,Recently Active
14178,United Kingdom,Potential,4,9,7,1580.26,225.75142857142856,1492,2011-06-10 12:51:00,2011-12-01 12:01:00,175,Recently Active
14179,United Kingdom,Prospective,0,41,2,701.57,350.785,319,2011-10-18 14:00:00,2011-10-30 12:07:00,13,Recently Active
14180,United Kingdom,Main,2,11,33,6117.5,185.37878787878788,847,2010-06-09 14:56:00,2011-11-29 10:56:00,539,Recently Active
14181,United Kingdom,General,1,411,2,308.35,154.175,120,2010-05-26 12:32:00,2010-10-25 08:27:00,153,Inactive >90 Days
14182,United Kingdom,Minimum,3,444,4,678.77,169.6925,174,2010-04-22 15:36:00,2010-09-22 11:45:00,154,Inactive >90 Days
14183,United Kingdom,General,1,412,2,278.34000000000003,139.17000000000002,60,2010-08-15 15:36:00,2010-10-24 14:45:00,71,Inactive >90 Days
14184,United Kingdom,Prospective,0,67,1,452.89,452.89,127,2011-10-04 12:43:00,2011-10-04 12:43:00,1,Recently Active
14185,United Kingdom,General,1,332,1,197.65,197.65,6,2011-01-12 13:52:00,2011-01-12 13:52:00,1,Inactive >90 Days
14186,United Kingdom,Minimum,3,428,5,1550.63,310.12600000000003,1550,2010-03-05 11:17:00,2010-10-08 13:30:00,218,Inactive >90 Days
14187,United Kingdom,General,1,474,1,123.5,123.5,50,2010-08-23 12:06:00,2010-08-23 12:06:00,1,Inactive >90 Days
14188,United Kingdom,Potential,4,31,6,2054.36,342.3933333333334,1162,2011-02-02 13:46:00,2011-11-09 12:45:00,281,Recently Active
14189,United Kingdom,Main,2,3,16,5503.150000000001,343.94687500000003,4392,2010-11-16 09:28:00,2011-12-07 15:55:00,387,Recently Active
14190,United Kingdom,General,1,667,1,79.9,79.9,2,2010-02-11 14:27:00,2010-02-11 14:27:00,1,Inactive >90 Days
14191,United Kingdom,Main,2,2,15,4817.66,321.1773333333333,3724,2009-12-11 10:48:00,2011-12-08 09:23:00,728,Recently Active
14192,United Kingdom,General,1,389,1,293.74,293.74,218,2010-11-16 17:44:00,2010-11-16 17:44:00,1,Inactive >90 Days
14193,United Kingdom,Minimum,3,68,3,1210.19,403.3966666666667,653,2010-11-08 12:31:00,2011-10-03 09:34:00,330,Recently Active
14194,United Kingdom,Main,2,5,36,18670.59,518.6275,10037,2010-01-06 12:16:00,2011-12-05 10:38:00,699,Recently Active
14195,United Kingdom,Minimum,3,202,6,2615.6,435.93333333333334,2144,2010-03-15 17:12:00,2011-05-22 10:29:00,434,Inactive >90 Days
14196,United Kingdom,General,1,107,1,335.52,335.52,142,2011-08-25 10:25:00,2011-08-25 10:25:00,1,Inactive >90 Days
14197,United Kingdom,General,1,411,1,390.05,390.05,143,2010-10-25 10:01:00,2010-10-25 10:01:00,1,Inactive >90 Days
14198,United Kingdom,Potential,4,19,9,1569.73,174.41444444444446,623,2010-01-05 10:07:00,2011-11-21 16:35:00,686,Recently Active
14199,United Kingdom,Minimum,3,219,4,1091.7,272.925,254,2010-06-27 12:13:00,2011-05-05 13:44:00,313,Inactive >90 Days
14200,United Kingdom,General,1,618,1,379.2,379.2,140,2010-04-01 13:01:00,2010-04-01 13:01:00,1,Inactive >90 Days
14201,United Kingdom,Potential,4,61,10,1193.54,119.354,806,2010-04-30 13:00:00,2011-10-10 13:27:00,529,Recently Active
14202,United Kingdom,Minimum,3,382,3,847.76,282.58666666666664,166,2010-03-25 10:36:00,2010-11-23 17:13:00,244,Inactive >90 Days
14203,United Kingdom,General,1,398,1,339.34,339.34,80,2010-11-07 13:35:00,2010-11-07 13:35:00,1,Inactive >90 Days
14204,United Kingdom,Prospective,0,3,4,1024.83,256.2075,469,2009-12-02 13:26:00,2011-12-07 13:38:00,736,Recently Active
14205,United Kingdom,Potential,4,17,9,2414.2,268.2444444444444,1342,2010-03-07 12:20:00,2011-11-23 10:55:00,627,Recently Active
14206,United Kingdom,Minimum,3,240,3,1185.01,395.00333333333333,930,2010-11-02 11:37:00,2011-04-14 16:38:00,164,Inactive >90 Days
14207,United Kingdom,General,1,688,1,157.8,157.8,36,2010-01-21 09:33:00,2010-01-21 09:33:00,1,Inactive >90 Days
14208,United Kingdom,Prospective,0,95,2,567.05,283.525,529,2010-06-06 13:11:00,2011-09-06 12:48:00,458,Inactive >90 Days
14209,United Kingdom,Main,2,11,15,4993.27,332.8846666666667,1739,2010-01-22 10:28:00,2011-11-29 10:18:00,677,Recently Active
14210,United Kingdom,Potential,4,106,16,5556.570000000001,347.28562500000004,2511,2010-01-06 10:17:00,2011-08-26 12:36:00,598,Inactive >90 Days
14211,United Kingdom,Potential,4,54,18,4402.29,244.57166666666666,2575,2009-12-09 12:48:00,2011-10-17 13:23:00,678,Recently Active
14212,United Kingdom,Minimum,3,90,2,2190.14,1095.07,2046,2010-09-20 11:48:00,2011-09-11 12:45:00,357,Recently Active
14213,United Kingdom,Minimum,3,405,1,1192.2,1192.2,244,2010-10-31 10:37:00,2010-10-31 10:37:00,1,Inactive >90 Days
14214,United Kingdom,Potential,4,31,5,1004.38,200.876,751,2011-03-07 12:26:00,2011-11-09 10:31:00,248,Recently Active
14215,United Kingdom,Potential,4,12,9,3250.33,361.1477777777778,2181,2009-12-08 09:35:00,2011-11-28 12:19:00,721,Recently Active
14216,United Kingdom,Potential,4,4,5,2150.04,430.008,712,2010-10-21 15:07:00,2011-12-06 14:56:00,412,Recently Active
14217,United Kingdom,Main,2,2,23,3298.59,143.41695652173914,1230,2010-06-30 12:54:00,2011-12-08 11:53:00,527,Recently Active
14218,United Kingdom,Prospective,0,43,1,169.48000000000002,169.48000000000002,160,2011-10-28 10:00:00,2011-10-28 10:00:00,1,Recently Active
14219,United Kingdom,Prospective,0,5,3,633.83,211.27666666666667,363,2010-08-03 14:42:00,2011-12-05 16:23:00,490,Recently Active
14220,United Kingdom,Minimum,3,248,4,1515.0,378.75,468,2010-05-19 13:26:00,2011-04-06 13:23:00,323,Inactive >90 Days
14221,United Kingdom,Potential,4,43,17,6517.49,383.38176470588235,3808,2010-04-06 14:10:00,2011-10-28 13:42:00,571,Recently Active
14222,United Kingdom,General,1,178,1,683.17,683.17,607,2011-06-15 16:42:00,2011-06-15 16:42:00,1,Inactive >90 Days
14223,United Kingdom,Minimum,3,93,3,991.13,330.37666666666667,585,2011-03-20 16:02:00,2011-09-08 13:38:00,173,Inactive >90 Days
14224,United Kingdom,Potential,4,111,9,1841.71,204.63444444444445,826,2010-06-13 13:46:00,2011-08-21 13:24:00,435,Inactive >90 Days
14225,United Kingdom,Minimum,3,435,4,2031.07,507.7675,1167,2010-01-12 15:02:00,2010-10-01 10:32:00,263,Inactive >90 Days
14226,United Kingdom,Potential,4,29,6,2985.13,497.5216666666667,1714,2010-09-24 14:32:00,2011-11-11 11:34:00,414,Recently Active
14227,United Kingdom,Potential,4,27,15,6366.16,424.41066666666666,4045,2010-02-08 09:38:00,2011-11-13 15:48:00,644,Recently Active
14228,United Kingdom,Minimum,3,438,3,745.5,248.5,260,2010-06-11 12:29:00,2010-09-28 09:45:00,110,Inactive >90 Days
14229,United Kingdom,Potential,4,52,7,2594.04,370.57714285714286,934,2010-08-25 11:47:00,2011-10-19 10:04:00,421,Recently Active
14230,United Kingdom,Minimum,3,436,3,979.8000000000001,326.6,246,2010-06-09 13:56:00,2010-09-30 09:07:00,114,Inactive >90 Days
14231,United Kingdom,Minimum,3,184,4,1235.6200000000001,308.90500000000003,610,2010-09-15 09:52:00,2011-06-09 11:05:00,268,Inactive >90 Days
14232,United Kingdom,Potential,4,43,5,2048.07,409.61400000000003,1941,2011-03-20 12:44:00,2011-10-28 11:09:00,223,Recently Active
14233,United Kingdom,Potential,4,50,7,2904.27,414.8957142857143,1261,2010-03-05 16:35:00,2011-10-21 15:54:00,596,Recently Active
14234,United Kingdom,Prospective,0,23,4,754.12,188.53,951,2011-10-13 13:58:00,2011-11-17 17:53:00,36,Recently Active
14235,United Kingdom,Potential,4,76,9,4717.99,524.2211111111111,3014,2010-03-30 13:36:00,2011-09-25 14:37:00,545,Recently Active
14236,United Kingdom,Minimum,3,81,5,1555.34,311.068,774,2010-07-22 14:27:00,2011-09-20 09:13:00,426,Recently Active
14237,United Kingdom,General,1,374,2,471.14,235.57,238,2010-04-28 10:04:00,2010-12-01 13:20:00,218,Inactive >90 Days
14238,United Kingdom,Minimum,3,327,3,434.23,144.74333333333334,189,2009-12-05 10:58:00,2011-01-17 14:40:00,409,Inactive >90 Days
14239,United Kingdom,Potential,4,44,21,4263.17,203.00809523809525,1729,2009-12-05 12:36:00,2011-10-27 14:40:00,692,Recently Active
14240,United Kingdom,Prospective,0,31,3,1247.49,415.83,655,2010-10-12 12:48:00,2011-11-09 13:45:00,394,Recently Active
14241,United Kingdom,General,1,184,2,333.7,166.85,242,2010-01-12 15:11:00,2011-06-09 11:46:00,514,Inactive >90 Days
14242,United Kingdom,General,1,235,2,280.55,140.275,123,2011-01-18 08:53:00,2011-04-19 11:46:00,92,Inactive >90 Days
14243,United Kingdom,Main,2,9,17,7217.75,424.5735294117647,3631,2010-08-20 13:41:00,2011-12-01 11:12:00,469,Recently Active
14244,United Kingdom,General,1,661,1,366.41999999999996,366.41999999999996,814,2010-02-17 11:40:00,2010-02-17 11:40:00,1,Inactive >90 Days
14245,United Kingdom,Minimum,3,220,2,1693.45,846.725,976,2011-03-21 10:41:00,2011-05-04 08:40:00,45,Inactive >90 Days
14246,United Kingdom,Minimum,3,111,3,1474.06,491.3533333333333,804,2011-04-08 08:25:00,2011-08-21 11:50:00,136,Inactive >90 Days
14247,United Kingdom,Minimum,3,279,5,753.56,150.712,378,2010-06-06 15:07:00,2011-03-06 15:21:00,274,Inactive >90 Days
14248,United Kingdom,Minimum,3,319,3,1032.95,344.31666666666666,692,2010-07-12 14:27:00,2011-01-25 14:45:00,198,Inactive >90 Days
14249,United Kingdom,Minimum,3,411,12,5400.46,450.03833333333336,2382,2010-01-29 14:21:00,2010-10-25 12:34:00,270,Inactive >90 Days
14250,United Kingdom,Prospective,0,8,3,1904.05,634.6833333333333,1200,2011-09-11 13:44:00,2011-12-02 14:30:00,83,Recently Active
14251,United Kingdom,Potential,4,2,5,2879.7000000000003,575.94,1674,2011-10-13 12:46:00,2011-12-08 08:32:00,57,Recently Active
14252,United Kingdom,General,1,382,1,350.99,350.99,111,2010-11-23 13:36:00,2010-11-23 13:36:00,1,Inactive >90 Days
14253,United Kingdom,General,1,494,2,363.40000000000003,181.70000000000002,88,2010-03-26 15:08:00,2010-08-03 14:55:00,131,Inactive >90 Days
14254,United Kingdom,General,1,433,1,601.03,601.03,263,2010-10-03 11:52:00,2010-10-03 11:52:00,1,Inactive >90 Days
14256,United Kingdom,Minimum,3,261,5,2460.79,492.158,1147,2010-01-14 10:35:00,2011-03-24 13:17:00,435,Inactive >90 Days
14257,United Kingdom,Potential,4,65,9,5954.45,661.6055555555555,3332,2010-03-01 15:36:00,2011-10-06 16:54:00,585,Recently Active
14258,United Kingdom,Main,2,10,25,32051.34,1282.0536,17488,2009-12-04 08:36:00,2011-11-30 15:27:00,727,Recently Active
14259,United Kingdom,General,1,142,1,120.0,120.0,68,2011-07-21 10:44:00,2011-07-21 10:44:00,1,Inactive >90 Days
14260,United Kingdom,Minimum,3,472,3,824.28,274.76,544,2010-06-09 11:23:00,2010-08-25 14:55:00,78,Inactive >90 Days
14261,United Kingdom,Prospective,0,51,2,1163.45,581.725,406,2011-09-22 10:47:00,2011-10-20 10:04:00,29,Recently Active
14262,United Kingdom,Potential,4,9,8,2618.23,327.27875,1645,2011-04-13 12:23:00,2011-12-01 14:17:00,233,Recently Active
14263,United Kingdom,General,1,424,1,322.93,322.93,171,2010-10-12 14:09:00,2010-10-12 14:09:00,1,Inactive >90 Days
14264,United Kingdom,Minimum,3,155,6,1517.3600000000001,252.89333333333335,553,2010-04-07 13:21:00,2011-07-08 10:20:00,458,Inactive >90 Days
14265,Unspecified,Minimum,3,110,4,1373.35,343.3375,715,2010-04-06 14:39:00,2011-08-22 13:32:00,504,Inactive >90 Days
14266,United Kingdom,General,1,429,1,40.56,40.56,24,2010-10-07 13:32:00,2010-10-07 13:32:00,1,Inactive >90 Days
14267,United Kingdom,Minimum,3,163,3,1516.24,505.41333333333336,530,2011-03-24 11:38:00,2011-06-30 10:09:00,99,Inactive >90 Days
14268,United Kingdom,General,1,471,1,354.85,354.85,147,2010-08-26 10:45:00,2010-08-26 10:45:00,1,Inactive >90 Days
14269,United Kingdom,General,1,440,1,295.73,295.73,123,2010-09-26 12:53:00,2010-09-26 12:53:00,1,Inactive >90 Days
14270,United Kingdom,General,1,332,1,492.65000000000003,492.65000000000003,197,2011-01-12 09:33:00,2011-01-12 09:33:00,1,Inactive >90 Days
14271,United Kingdom,General,1,226,2,214.18,107.09,148,2010-10-26 17:01:00,2011-04-28 12:47:00,185,Inactive >90 Days
14272,United Kingdom,Minimum,3,74,4,920.81,230.2025,1097,2010-05-06 14:01:00,2011-09-27 10:08:00,510,Recently Active
14273,United Kingdom,Prospective,0,52,4,559.97,139.9925,264,2011-04-11 13:24:00,2011-10-19 13:20:00,192,Recently Active
14274,United Kingdom,General,1,687,1,256.6,256.6,178,2010-01-22 12:51:00,2010-01-22 12:51:00,1,Inactive >90 Days
14275,United Kingdom,Minimum,3,396,6,1189.3799999999999,198.23,538,2010-04-11 12:32:00,2010-11-09 09:06:00,213,Inactive >90 Days
14276,United Kingdom,Potential,4,99,7,2102.68,300.3828571428571,1406,2010-02-17 13:10:00,2011-09-02 09:45:00,563,Inactive >90 Days
14277,France,Potential,4,16,8,16789.16,2098.645,89802,2009-12-13 15:43:00,2011-11-24 15:01:00,712,Recently Active
14278,United Kingdom,General,1,410,1,205.83,205.83,131,2010-10-26 12:07:00,2010-10-26 12:07:00,1,Inactive >90 Days
14279,United Kingdom,General,1,521,2,191.86,95.93,46,2010-01-27 16:34:00,2010-07-07 08:42:00,162,Inactive >90 Days
14280,United Kingdom,General,1,197,1,134.04,134.04,52,2011-05-27 10:37:00,2011-05-27 10:37:00,1,Inactive >90 Days
14281,United Kingdom,General,1,409,1,245.15,245.15,45,2010-10-27 14:45:00,2010-10-27 14:45:00,1,Inactive >90 Days
14282,United Kingdom,Main,2,4,25,7250.76,290.0304,5166,2010-02-15 11:22:00,2011-12-06 17:04:00,660,Recently Active
14283,United Kingdom,Minimum,3,464,4,628.44,157.11,550,2010-05-19 12:22:00,2010-09-02 14:46:00,107,Inactive >90 Days
14284,United Kingdom,Prospective,0,31,3,1299.65,433.2166666666667,510,2010-02-24 12:06:00,2011-11-09 08:11:00,624,Recently Active
14285,United Kingdom,Potential,4,22,8,3284.42,410.5525,954,2009-12-08 14:13:00,2011-11-18 14:50:00,711,Recently Active
14286,United Kingdom,Potential,4,24,7,8479.76,1211.3942857142858,8795,2009-12-04 08:40:00,2011-11-16 10:34:00,713,Recently Active
14287,United Kingdom,Prospective,0,9,3,176.63,58.876666666666665,261,2011-05-25 11:41:00,2011-12-01 13:25:00,191,Recently Active
14288,United Kingdom,General,1,214,1,426.6,426.6,188,2011-05-10 13:22:00,2011-05-10 13:22:00,1,Inactive >90 Days
14289,United Kingdom,Potential,4,9,6,911.26,151.87666666666667,292,2011-02-23 12:33:00,2011-12-01 11:44:00,282,Recently Active
14290,United Kingdom,Potential,4,12,8,4516.56,564.57,1600,2009-12-08 11:44:00,2011-11-28 14:02:00,721,Recently Active
14291,United Kingdom,Main,2,2,23,7904.1,343.6565217391304,6146,2009-12-09 10:46:00,2011-12-08 10:26:00,730,Recently Active
14292,United Kingdom,Main,2,8,16,9226.25,576.640625,3429,2010-03-19 11:10:00,2011-12-02 11:50:00,624,Recently Active
14293,United Kingdom,Potential,4,4,9,2903.01,322.5566666666667,1558,2009-12-10 10:57:00,2011-12-06 15:17:00,727,Recently Active
14294,United Kingdom,General,1,408,1,375.34000000000003,375.34000000000003,190,2010-10-28 16:25:00,2010-10-28 16:25:00,1,Inactive >90 Days
14295,United Kingdom,Potential,4,41,4,2352.91,588.2275,1028,2009-12-09 13:06:00,2011-10-30 15:50:00,691,Recently Active
14296,United Kingdom,General,1,422,2,456.4,228.2,314,2010-05-14 14:34:00,2010-10-14 14:14:00,154,Inactive >90 Days
14297,United Kingdom,Prospective,0,18,4,1305.33,326.3325,865,2011-03-10 08:31:00,2011-11-22 09:06:00,258,Recently Active
14298,United Kingdom,Main,2,9,82,91194.49,1112.1279268292683,100272,2009-12-11 13:49:00,2011-12-01 13:12:00,721,Recently Active
14299,United Kingdom,Main,2,9,27,14070.25,521.1203703703703,8136,2009-12-02 10:58:00,2011-12-01 16:05:00,730,Recently Active
14300,United Kingdom,Prospective,0,19,1,43.2,43.2,32,2011-11-21 08:57:00,2011-11-21 08:57:00,1,Recently Active
14301,United Kingdom,Minimum,3,118,4,1992.18,498.045,1686,2010-02-11 13:07:00,2011-08-14 15:33:00,550,Inactive >90 Days
14302,United Kingdom,Minimum,3,431,3,742.9000000000001,247.63333333333335,298,2009-12-02 08:16:00,2010-10-05 08:10:00,308,Inactive >90 Days
14303,United Kingdom,General,1,408,2,277.94,138.97,218,2010-10-01 10:31:00,2010-10-28 15:37:00,28,Inactive >90 Days
14304,United Kingdom,Minimum,3,223,3,1725.01,575.0033333333333,775,2010-05-18 10:50:00,2011-05-01 11:50:00,349,Inactive >90 Days
14305,United Kingdom,Minimum,3,72,3,1858.96,619.6533333333333,1089,2011-07-27 14:14:00,2011-09-29 15:29:00,65,Recently Active
14306,United Kingdom,Potential,4,52,6,3151.4,525.2333333333333,2065,2010-01-31 13:42:00,2011-10-19 13:23:00,627,Recently Active
14307,United Kingdom,Potential,4,89,10,4287.92,428.79200000000003,2816,2009-12-07 13:06:00,2011-09-12 09:38:00,645,Recently Active
14309,United Kingdom,Potential,4,9,11,3780.81,343.71,2583,2010-06-07 10:24:00,2011-12-01 13:33:00,543,Recently Active
14310,United Kingdom,General,1,433,1,492.1,492.1,230,2010-10-03 12:34:00,2010-10-03 12:34:00,1,Inactive >90 Days
14311,United Kingdom,General,1,243,2,516.45,258.225,235,2010-05-21 10:28:00,2011-04-11 10:14:00,326,Inactive >90 Days
14312,United Kingdom,Potential,4,47,11,3090.29,280.93545454545455,1904,2010-07-23 15:05:00,2011-10-24 09:46:00,459,Recently Active
14314,United Kingdom,General,1,107,2,229.79999999999998,114.89999999999999,332,2010-10-05 08:00:00,2011-08-25 10:39:00,325,Inactive >90 Days
14315,United Kingdom,Potential,4,45,8,3197.82,399.7275,1344,2010-03-15 12:49:00,2011-10-26 12:06:00,591,Recently Active
14316,United Kingdom,Minimum,3,423,5,1370.34,274.068,4494,2010-03-19 15:18:00,2010-10-13 16:31:00,209,Inactive >90 Days
14317,United Kingdom,Prospective,0,65,1,508.58,508.58,255,2011-10-06 10:44:00,2011-10-06 10:44:00,1,Recently Active
14318,United Kingdom,General,1,461,1,158.02,158.02,152,2010-09-05 15:32:00,2010-09-05 15:32:00,1,Inactive >90 Days
14319,United Kingdom,General,1,425,1,494.85,494.85,329,2010-10-11 13:38:00,2010-10-11 13:38:00,1,Inactive >90 Days
14320,United Kingdom,Minimum,3,207,5,1346.75,269.35,713,2010-01-21 11:44:00,2011-05-17 09:24:00,482,Inactive >90 Days
14321,United Kingdom,Potential,4,11,7,2218.06,316.86571428571426,3275,2010-08-23 12:56:00,2011-11-29 09:47:00,464,Recently Active
14322,United Kingdom,Minimum,3,430,4,474.1,118.525,158,2010-02-18 08:49:00,2010-10-06 15:17:00,231,Inactive >90 Days
14323,United Kingdom,Minimum,3,115,2,605.0600000000001,302.53000000000003,350,2011-04-15 11:44:00,2011-08-17 11:37:00,125,Inactive >90 Days
14324,United Kingdom,Minimum,3,410,2,701.61,350.805,402,2010-01-15 13:31:00,2010-10-26 11:44:00,285,Inactive >90 Days
14325,United Kingdom,General,1,570,1,245.48000000000002,245.48000000000002,320,2010-05-19 09:20:00,2010-05-19 09:20:00,1,Inactive >90 Days
14326,United Kingdom,Minimum,3,243,3,940.98,313.66,572,2010-06-25 12:10:00,2011-04-11 15:04:00,291,Inactive >90 Days
14327,United Kingdom,Minimum,3,164,6,1894.93,315.82166666666666,1296,2010-01-08 14:04:00,2011-06-29 13:58:00,538,Inactive >90 Days
14329,United Kingdom,Main,2,18,15,9887.62,659.1746666666667,5913,2009-12-16 15:31:00,2011-11-22 15:50:00,707,Recently Active
14330,United Kingdom,General,1,624,1,200.63,200.63,103,2010-03-26 09:10:00,2010-03-26 09:10:00,1,Inactive >90 Days
14331,United Kingdom,General,1,125,2,462.66,231.33,252,2011-07-27 15:14:00,2011-08-07 13:17:00,12,Inactive >90 Days
14332,United Kingdom,Potential,4,23,5,1917.41,383.482,875,2010-10-19 13:01:00,2011-11-17 11:54:00,395,Recently Active
14333,United Kingdom,Prospective,0,68,1,415.2,415.2,58,2011-10-03 10:38:00,2011-10-03 10:38:00,1,Recently Active
14334,United Kingdom,Potential,4,17,12,4318.4800000000005,359.8733333333334,2986,2010-05-20 10:04:00,2011-11-23 10:01:00,553,Recently Active
14335,Germany,Prospective,0,17,2,454.86,227.43,375,2011-09-04 13:07:00,2011-11-23 13:41:00,81,Recently Active
14336,United Kingdom,Potential,4,17,4,1614.91,403.7275,1759,2011-03-08 16:48:00,2011-11-23 11:40:00,261,Recently Active
14338,United Kingdom,Minimum,3,162,3,928.1,309.3666666666667,622,2010-06-21 10:32:00,2011-07-01 14:08:00,376,Inactive >90 Days
14339,United Kingdom,Minimum,3,243,2,620.27,310.135,456,2010-10-07 08:50:00,2011-04-11 11:06:00,187,Inactive >90 Days
14340,United Kingdom,General,1,219,1,134.7,134.7,58,2011-05-05 09:44:00,2011-05-05 09:44:00,1,Inactive >90 Days
14341,United Kingdom,Potential,4,46,18,4452.02,247.33444444444447,2813,2009-12-01 12:20:00,2011-10-25 15:48:00,694,Recently Active
14342,United Kingdom,Potential,4,22,6,918.44,153.07333333333335,521,2010-08-24 13:03:00,2011-11-18 13:21:00,452,Recently Active
14343,United Kingdom,Minimum,3,422,4,1079.66,269.915,626,2010-01-18 16:47:00,2010-10-14 13:05:00,270,Inactive >90 Days
14344,United Kingdom,Potential,4,128,20,2993.05,149.6525,1546,2010-03-23 15:47:00,2011-08-04 13:51:00,500,Inactive >90 Days
14345,United Kingdom,Prospective,0,39,1,108.98,108.98,50,2011-11-01 09:51:00,2011-11-01 09:51:00,1,Recently Active
14346,United Kingdom,Minimum,3,121,5,2315.75,463.15,1878,2010-07-30 10:44:00,2011-08-11 09:47:00,378,Inactive >90 Days
14347,United Kingdom,General,1,737,1,82.60000000000001,82.60000000000001,48,2009-12-03 10:49:00,2009-12-03 10:49:00,1,Inactive >90 Days
14348,United Kingdom,General,1,261,1,409.57,409.57,183,2011-03-24 16:23:00,2011-03-24 16:23:00,1,Inactive >90 Days
14349,United Kingdom,Prospective,0,11,1,133.5,133.5,86,2011-11-29 15:39:00,2011-11-29 15:39:00,1,Recently Active
14350,United Kingdom,Minimum,3,275,3,972.03,324.01,543,2010-10-05 15:52:00,2011-03-10 14:14:00,157,Inactive >90 Days
14351,United Kingdom,General,1,165,1,51.0,51.0,12,2011-06-28 11:56:00,2011-06-28 11:56:00,1,Inactive >90 Days
14352,United Kingdom,Minimum,3,158,4,1078.96,269.74,538,2011-03-11 14:58:00,2011-07-05 15:41:00,117,Inactive >90 Days
14353,United Kingdom,Minimum,3,216,3,376.5,125.5,344,2010-10-04 12:38:00,2011-05-08 16:06:00,217,Inactive >90 Days
14354,United Kingdom,Prospective,0,6,2,163.62,81.81,210,2011-11-09 15:36:00,2011-12-04 11:32:00,26,Recently Active
14355,United Kingdom,Minimum,3,366,3,840.0500000000001,280.0166666666667,617,2010-03-22 15:08:00,2010-12-09 12:16:00,263,Inactive >90 Days
14356,United Kingdom,Prospective,0,80,2,701.23,350.615,277,2011-09-19 14:43:00,2011-09-21 09:18:00,3,Recently Active
14357,United Kingdom,Prospective,0,44,1,225.12,225.12,147,2011-10-27 16:23:00,2011-10-27 16:23:00,1,Recently Active
14358,United Kingdom,General,1,390,2,400.06,200.03,338,2010-10-07 17:26:00,2010-11-15 15:51:00,40,Inactive >90 Days
14359,United Kingdom,Prospective,0,20,3,912.1800000000001,304.06,371,2011-09-13 09:03:00,2011-11-20 13:17:00,69,Recently Active
14360,United Kingdom,Potential,4,32,4,2118.03,529.5075,1139,2011-09-06 11:58:00,2011-11-08 09:12:00,64,Recently Active
14361,United Kingdom,General,1,579,1,214.71,214.71,251,2010-05-10 12:29:00,2010-05-10 12:29:00,1,Inactive >90 Days
14362,United Kingdom,Prospective,0,23,1,151.5,151.5,96,2011-11-17 15:08:00,2011-11-17 15:08:00,1,Recently Active
14363,United Kingdom,General,1,403,2,227.47000000000003,113.73500000000001,105,2010-09-14 14:39:00,2010-11-02 17:01:00,50,Inactive >90 Days
14364,United Kingdom,Potential,4,109,8,3717.35,464.66875,1967,2011-05-12 12:56:00,2011-08-23 11:01:00,104,Inactive >90 Days
14365,United Kingdom,Minimum,3,395,2,634.68,317.34,557,2010-01-27 09:44:00,2010-11-10 09:52:00,288,Inactive >90 Days
14366,United Kingdom,General,1,526,1,136.0,136.0,16,2010-07-02 17:23:00,2010-07-02 17:23:00,1,Inactive >90 Days
14367,United Kingdom,Main,2,9,16,9227.82,576.73875,4426,2011-03-08 14:12:00,2011-12-01 13:19:00,269,Recently Active
14368,United Kingdom,General,1,320,1,155.0,155.0,36,2011-01-24 09:52:00,2011-01-24 09:52:00,1,Inactive >90 Days
14369,United Kingdom,General,1,643,2,469.13,234.565,255,2010-02-16 10:28:00,2010-03-07 15:47:00,20,Inactive >90 Days
14370,United Kingdom,Minimum,3,451,6,1175.78,195.96333333333334,266,2010-02-01 08:35:00,2010-09-15 10:53:00,227,Inactive >90 Days
14371,United Kingdom,General,1,296,1,100.5,100.5,34,2011-02-17 16:35:00,2011-02-17 16:35:00,1,Inactive >90 Days
14372,United Kingdom,Minimum,3,444,2,860.08,430.04,378,2010-04-19 15:57:00,2010-09-22 16:17:00,157,Inactive >90 Days
14373,United Kingdom,General,1,359,1,76.55,76.55,17,2010-12-16 15:40:00,2010-12-16 15:40:00,1,Inactive >90 Days
14374,United Kingdom,General,1,542,1,108.0,108.0,20,2010-06-16 14:25:00,2010-06-16 14:25:00,1,Inactive >90 Days
14375,United Kingdom,Minimum,3,186,3,1106.82,368.94,647,2010-06-16 14:34:00,2011-06-07 13:44:00,357,Inactive >90 Days
14376,United Kingdom,General,1,684,1,215.46,215.46,50,2010-01-25 15:36:00,2010-01-25 15:36:00,1,Inactive >90 Days
14377,United Kingdom,Minimum,3,192,2,617.05,308.525,219,2011-03-22 13:38:00,2011-06-01 13:32:00,72,Inactive >90 Days
14378,United Kingdom,General,1,622,1,131.25,131.25,57,2010-03-28 12:22:00,2010-03-28 12:22:00,1,Inactive >90 Days
14379,United Kingdom,Prospective,0,45,4,1265.16,316.29,712,2010-08-16 15:31:00,2011-10-26 16:43:00,437,Recently Active
14381,United Kingdom,Prospective,0,53,2,625.94,312.97,449,2010-09-14 16:15:00,2011-10-18 17:10:00,400,Recently Active
14382,United Kingdom,Prospective,0,27,2,1193.6299999999999,596.8149999999999,1667,2010-11-14 16:32:00,2011-11-13 16:18:00,365,Recently Active
14383,United Kingdom,Prospective,0,39,3,1247.69,415.8966666666667,817,2011-06-29 10:18:00,2011-11-01 15:53:00,126,Recently Active
14384,United Kingdom,General,1,501,1,58.5,58.5,30,2010-07-27 09:53:00,2010-07-27 09:53:00,1,Inactive >90 Days
14385,United Kingdom,Prospective,0,10,3,202.10999999999999,67.36999999999999,159,2011-11-16 11:55:00,2011-11-30 15:36:00,15,Recently Active
14386,United Kingdom,General,1,297,1,142.4,142.4,54,2011-02-16 09:45:00,2011-02-16 09:45:00,1,Inactive >90 Days
14387,United Kingdom,Prospective,0,33,3,1727.6,575.8666666666667,795,2011-08-22 14:13:00,2011-11-07 12:29:00,78,Recently Active
14388,United Kingdom,Main,2,11,16,6388.2,399.2625,4190,2010-01-20 11:54:00,2011-11-29 13:32:00,679,Recently Active
14389,United Kingdom,Potential,4,66,5,1898.01,379.602,1388,2010-04-28 14:57:00,2011-10-05 15:17:00,526,Recently Active
14390,United Kingdom,Main,2,11,13,6150.03,473.0792307692308,2830,2010-10-10 14:30:00,2011-11-29 13:49:00,416,Recently Active
14391,United Kingdom,General,1,577,1,135.6,135.6,168,2010-05-12 09:42:00,2010-05-12 09:42:00,1,Inactive >90 Days
14392,United Kingdom,General,1,433,1,266.4,266.4,114,2010-10-03 12:56:00,2010-10-03 12:56:00,1,Inactive >90 Days
14393,United Kingdom,General,1,219,1,67.95,67.95,13,2011-05-05 18:16:00,2011-05-05 18:16:00,1,Inactive >90 Days
14394,United Kingdom,General,1,565,1,93.8,93.8,58,2010-05-24 10:43:00,2010-05-24 10:43:00,1,Inactive >90 Days
14395,United Kingdom,Main,2,3,20,7801.93,390.0965,3872,2010-04-18 13:12:00,2011-12-07 14:34:00,599,Recently Active
14396,United Kingdom,Potential,4,66,7,1969.38,281.34000000000003,959,2009-12-02 14:21:00,2011-10-05 16:09:00,673,Recently Active
14397,United Kingdom,Main,2,3,19,2612.96,137.52421052631578,1890,2011-05-10 12:25:00,2011-12-07 09:22:00,212,Recently Active
14398,United Kingdom,Minimum,3,402,2,707.79,353.895,267,2010-06-30 11:57:00,2010-11-03 13:46:00,127,Inactive >90 Days
14399,United Kingdom,Minimum,3,395,8,2108.21,263.52625,965,2010-02-03 13:09:00,2010-11-10 13:23:00,281,Inactive >90 Days
14400,United Kingdom,Minimum,3,150,3,1732.47,577.49,1706,2010-03-18 12:11:00,2011-07-13 15:50:00,483,Inactive >90 Days
14401,United Kingdom,Main,2,5,22,6795.9,308.9045454545454,6401,2009-12-14 13:22:00,2011-12-05 13:30:00,722,Recently Active
14402,United Kingdom,General,1,653,1,285.6,285.6,240,2010-02-25 13:20:00,2010-02-25 13:20:00,1,Inactive >90 Days
14403,United Kingdom,Minimum,3,131,6,1880.51,313.41833333333335,737,2010-03-10 14:00:00,2011-08-01 12:57:00,510,Inactive >90 Days
14404,United Kingdom,Potential,4,34,13,2724.13,209.54846153846154,1577,2009-12-20 14:40:00,2011-11-06 12:30:00,687,Recently Active
14405,United Kingdom,General,1,387,1,195.0,195.0,100,2010-11-18 11:40:00,2010-11-18 11:40:00,1,Inactive >90 Days
14406,United Kingdom,General,1,120,1,156.75,156.75,77,2011-08-12 16:54:00,2011-08-12 16:54:00,1,Inactive >90 Days
14407,United Kingdom,Minimum,3,108,5,2142.73,428.546,1414,2011-03-08 11:59:00,2011-08-24 14:02:00,170,Inactive >90 Days
14408,United Kingdom,Potential,4,11,11,4102.27,372.9336363636364,2438,2009-12-07 12:18:00,2011-11-29 11:41:00,723,Recently Active
14409,United Kingdom,Potential,4,72,9,3427.29,380.81,2233,2010-05-21 16:45:00,2011-09-29 18:18:00,497,Recently Active
14410,United Kingdom,Potential,4,93,11,2630.9,239.1727272727273,1367,2010-09-28 15:46:00,2011-09-08 15:08:00,346,Inactive >90 Days
14411,United Kingdom,Minimum,3,311,1,1063.0,1063.0,196,2011-02-02 10:56:00,2011-02-02 10:56:00,1,Inactive >90 Days
14412,United Kingdom,Prospective,0,43,3,1426.19,475.3966666666667,1428,2010-10-11 12:33:00,2011-10-28 10:45:00,383,Recently Active
14413,United Kingdom,Minimum,3,363,3,421.72,140.57333333333335,276,2010-01-19 14:27:00,2010-12-12 13:37:00,328,Inactive >90 Days
14414,United Kingdom,Potential,4,92,8,2399.33,299.91625,2877,2010-11-30 10:12:00,2011-09-09 12:09:00,284,Inactive >90 Days
14415,United Kingdom,Main,2,2,23,11980.09,520.8734782608695,6263,2009-12-16 14:08:00,2011-12-08 14:38:00,723,Recently Active
14416,United Kingdom,Prospective,0,23,2,490.22,245.11,326,2011-10-28 15:10:00,2011-11-17 15:22:00,21,Recently Active
14417,United Kingdom,General,1,388,1,524.65,524.65,543,2010-11-17 10:55:00,2010-11-17 10:55:00,1,Inactive >90 Days
14418,United Kingdom,Prospective,0,4,3,1937.25,645.75,1711,2011-08-23 17:18:00,2011-12-06 11:39:00,106,Recently Active
14419,United Kingdom,Potential,4,11,7,1254.64,179.23428571428573,552,2010-11-22 11:09:00,2011-11-29 11:22:00,373,Recently Active
14420,United Kingdom,Minimum,3,100,4,1639.17,409.7925,1120,2010-01-17 12:41:00,2011-09-01 18:07:00,593,Inactive >90 Days
14421,United Kingdom,Potential,4,58,6,2469.37,411.56166666666667,1342,2010-01-17 11:30:00,2011-10-13 13:24:00,635,Recently Active
14422,United Kingdom,Main,2,1,19,10271.52,540.6063157894737,6067,2009-12-17 12:12:00,2011-12-09 11:26:00,723,Recently Active
14423,United Kingdom,Minimum,3,219,3,916.61,305.5366666666667,419,2010-01-14 11:49:00,2011-05-05 15:12:00,477,Inactive >90 Days
14424,United Kingdom,Prospective,0,18,1,322.08,322.08,48,2011-11-22 11:48:00,2011-11-22 11:48:00,1,Recently Active
14425,United Kingdom,Minimum,3,435,3,661.39,220.46333333333334,325,2009-12-02 11:31:00,2010-10-01 10:24:00,304,Inactive >90 Days
14426,United Kingdom,Main,2,24,17,11727.94,689.8788235294118,7023,2010-03-04 14:36:00,2011-11-16 12:25:00,623,Recently Active
14427,United Kingdom,Prospective,0,51,4,1263.52,315.88,538,2010-03-18 09:49:00,2011-10-20 14:23:00,582,Recently Active
14428,United Kingdom,Potential,4,8,5,1224.06,244.81199999999998,428,2011-01-18 16:39:00,2011-12-02 13:17:00,319,Recently Active
14429,United Kingdom,General,1,404,1,516.28,516.28,286,2010-11-01 10:08:00,2010-11-01 10:08:00,1,Inactive >90 Days
14430,United Kingdom,Minimum,3,512,3,1220.9,406.9666666666667,446,2010-04-11 15:59:00,2010-07-16 11:35:00,97,Inactive >90 Days
14431,United Kingdom,Minimum,3,303,4,2614.2,653.55,1202,2010-01-21 10:49:00,2011-02-10 10:40:00,386,Inactive >90 Days
14432,United Kingdom,Potential,4,10,6,2248.5,374.75,2013,2011-09-11 14:09:00,2011-11-30 08:04:00,81,Recently Active
14433,United Kingdom,General,1,466,1,280.7,280.7,131,2010-08-31 12:35:00,2010-08-31 12:35:00,1,Inactive >90 Days
14434,United Kingdom,Potential,4,22,6,1372.8,228.79999999999998,368,2011-09-28 15:31:00,2011-11-18 08:56:00,52,Recently Active
14435,United Kingdom,General,1,502,1,90.42,90.42,282,2010-07-26 12:33:00,2010-07-26 12:33:00,1,Inactive >90 Days
14436,United Kingdom,General,1,99,2,271.7,135.85,297,2010-06-04 11:32:00,2011-09-02 10:13:00,456,Inactive >90 Days
14437,United Kingdom,Minimum,3,366,5,873.34,174.668,420,2010-05-05 12:20:00,2010-12-09 09:27:00,219,Inactive >90 Days
14438,United Kingdom,General,1,307,1,131.9,131.9,82,2011-02-06 14:56:00,2011-02-06 14:56:00,1,Inactive >90 Days
14439,Greece,Minimum,3,320,5,9443.04,1888.6080000000002,2244,2010-01-21 14:01:00,2011-01-24 11:39:00,369,Inactive >90 Days
14440,United Kingdom,Main,2,9,13,5982.03,460.1561538461538,1605,2009-12-02 12:13:00,2011-12-01 15:42:00,730,Recently Active
14441,United Kingdom,Main,2,1,11,4611.6900000000005,419.2445454545455,1260,2010-01-18 10:40:00,2011-12-09 09:07:00,691,Recently Active
14442,Channel Islands,Minimum,3,205,7,5367.02,766.7171428571429,1431,2010-01-18 12:59:00,2011-05-19 11:36:00,487,Inactive >90 Days
14443,United Kingdom,Potential,4,54,5,2082.9700000000003,416.59400000000005,1357,2010-11-25 14:18:00,2011-10-17 10:10:00,327,Recently Active
14444,United Kingdom,General,1,457,1,120.44,120.44,172,2010-09-09 18:56:00,2010-09-09 18:56:00,1,Inactive >90 Days
14445,United Kingdom,General,1,456,1,221.65,221.65,83,2010-09-10 11:09:00,2010-09-10 11:09:00,1,Inactive >90 Days
14446,United Kingdom,Potential,4,1,5,1195.48,239.096,1031,2010-11-18 12:08:00,2011-12-09 11:34:00,387,Recently Active
14447,United Kingdom,Potential,4,19,6,1711.73,285.28833333333336,913,2010-11-04 13:32:00,2011-11-21 08:28:00,383,Recently Active
14448,United Kingdom,Prospective,0,10,2,375.35,187.675,104,2010-12-10 17:26:00,2011-11-30 13:50:00,356,Recently Active
14449,United Kingdom,Potential,4,19,8,2230.96,278.87,1604,2010-09-29 13:15:00,2011-11-21 12:06:00,419,Recently Active
14450,United Kingdom,Minimum,3,181,7,1128.44,161.2057142857143,522,2010-04-08 12:09:00,2011-06-12 10:46:00,431,Inactive >90 Days
14451,United Kingdom,Potential,4,61,12,3258.68,271.5566666666667,1737,2010-01-17 10:35:00,2011-10-10 13:38:00,632,Recently Active
14452,United Kingdom,Prospective,0,11,4,658.95,164.7375,285,2010-07-06 13:13:00,2011-11-29 12:06:00,512,Recently Active
14453,United Kingdom,General,1,191,1,119.93,119.93,49,2011-06-02 14:15:00,2011-06-02 14:15:00,1,Inactive >90 Days
14454,United Kingdom,Minimum,3,377,5,977.3000000000001,195.46,400,2009-12-06 12:56:00,2010-11-28 13:26:00,358,Inactive >90 Days
14455,United Kingdom,Minimum,3,433,4,617.72,154.43,706,2010-08-01 13:26:00,2010-10-03 15:48:00,64,Inactive >90 Days
14456,United Kingdom,Potential,4,6,9,3014.32,334.9244444444445,2848,2011-07-20 13:06:00,2011-12-04 13:59:00,138,Recently Active
14457,United Kingdom,General,1,311,1,113.64,113.64,88,2011-02-02 09:39:00,2011-02-02 09:39:00,1,Inactive >90 Days
14458,United Kingdom,General,1,381,1,219.26999999999998,219.26999999999998,309,2010-11-24 12:43:00,2010-11-24 12:43:00,1,Inactive >90 Days
14459,United Kingdom,Minimum,3,156,2,5375.74,2687.87,2302,2010-02-26 13:26:00,2011-07-07 13:35:00,497,Inactive >90 Days
14460,United Kingdom,Minimum,3,111,9,1093.5,121.5,1879,2009-12-15 19:06:00,2011-08-21 14:19:00,615,Inactive >90 Days
14461,United Kingdom,Potential,4,149,13,6676.52,513.5784615384616,3004,2010-01-18 12:48:00,2011-07-14 17:11:00,543,Inactive >90 Days
14462,United Kingdom,Potential,4,67,12,2237.81,186.48416666666665,1061,2010-10-03 14:13:00,2011-10-04 15:55:00,367,Recently Active
14463,United Kingdom,Minimum,3,99,4,786.5699999999999,196.64249999999998,210,2010-07-28 11:35:00,2011-09-02 15:20:00,402,Inactive >90 Days
14464,United Kingdom,General,1,569,2,111.0,55.5,62,2010-03-22 15:20:00,2010-05-20 18:00:00,60,Inactive >90 Days
14465,United Kingdom,Minimum,3,247,11,3925.85,356.8954545454545,2539,2010-01-07 15:03:00,2011-04-07 12:38:00,456,Inactive >90 Days
14466,United Kingdom,Potential,4,30,13,4267.15,328.2423076923077,2507,2009-12-13 15:44:00,2011-11-10 14:07:00,698,Recently Active
14467,United Kingdom,Potential,4,18,12,2203.2400000000002,183.60333333333335,1187,2009-12-02 12:44:00,2011-11-22 12:48:00,721,Recently Active
14468,United Kingdom,General,1,734,1,204.24,204.24,164,2009-12-06 12:21:00,2009-12-06 12:21:00,1,Inactive >90 Days
14469,United Kingdom,Minimum,3,417,4,2093.46,523.365,973,2010-01-29 11:12:00,2010-10-19 14:30:00,264,Inactive >90 Days
14470,United Kingdom,Prospective,0,12,3,712.04,237.34666666666666,282,2010-10-05 12:39:00,2011-11-28 10:31:00,420,Recently Active
14471,United Kingdom,General,1,592,2,400.95,200.475,187,2009-12-07 12:26:00,2010-04-27 17:12:00,142,Inactive >90 Days
14472,United Kingdom,Potential,4,104,9,2118.72,235.4133333333333,1271,2010-01-19 13:09:00,2011-08-28 11:01:00,587,Inactive >90 Days
14473,United Kingdom,Prospective,0,75,2,234.34,117.17,88,2011-03-02 13:56:00,2011-09-26 15:10:00,209,Recently Active
14474,United Kingdom,Prospective,0,47,2,1258.89,629.445,448,2010-05-09 12:12:00,2011-10-24 13:26:00,534,Recently Active
14475,United Kingdom,Minimum,3,72,4,1151.15,287.7875,541,2010-10-27 09:20:00,2011-09-29 10:46:00,338,Recently Active
14476,United Kingdom,General,1,258,1,193.0,193.0,110,2011-03-27 15:39:00,2011-03-27 15:39:00,1,Inactive >90 Days
14477,United Kingdom,Potential,4,20,7,1969.6,281.37142857142857,1120,2010-01-04 15:41:00,2011-11-20 11:11:00,686,Recently Active
14478,United Kingdom,Minimum,3,383,4,1276.66,319.165,1226,2009-12-01 13:20:00,2010-11-22 15:29:00,357,Inactive >90 Days
14479,United Kingdom,Minimum,3,254,4,1124.71,281.1775,562,2009-12-06 13:48:00,2011-03-31 09:07:00,481,Inactive >90 Days
14480,United Kingdom,Prospective,0,12,4,1299.52,324.88,670,2009-12-21 16:32:00,2011-11-28 16:35:00,708,Recently Active
14481,United Kingdom,Minimum,3,165,5,2284.69,456.938,1568,2010-01-31 12:43:00,2011-06-28 10:38:00,514,Inactive >90 Days
14482,United Kingdom,Potential,4,19,12,4306.72,358.8933333333334,2869,2010-08-26 14:13:00,2011-11-21 13:14:00,453,Recently Active
14483,United Kingdom,General,1,282,2,257.1,128.55,193,2009-12-03 10:16:00,2011-03-03 10:26:00,456,Inactive >90 Days
14484,United Kingdom,Prospective,0,51,4,1070.98,267.745,744,2009-12-17 10:57:00,2011-10-20 14:11:00,673,Recently Active
14485,United Kingdom,Prospective,0,39,1,162.8,162.8,70,2011-11-01 12:25:00,2011-11-01 12:25:00,1,Recently Active
14486,United Kingdom,General,1,512,2,175.5,87.75,90,2010-06-04 10:30:00,2010-07-16 09:42:00,43,Inactive >90 Days
14487,United Kingdom,Potential,4,27,7,1266.27,180.8957142857143,761,2010-11-25 13:36:00,2011-11-13 12:17:00,354,Recently Active
14488,United Kingdom,Prospective,0,68,1,1064.28,1064.28,799,2011-10-03 09:30:00,2011-10-03 09:30:00,1,Recently Active
14489,United Kingdom,Minimum,3,208,4,1574.93,393.7325,1011,2010-04-06 09:52:00,2011-05-16 14:51:00,406,Inactive >90 Days
14490,United Kingdom,Minimum,3,407,2,1273.47,636.735,933,2010-10-07 11:36:00,2010-10-29 15:04:00,23,Inactive >90 Days
14491,United Kingdom,General,1,176,2,340.93,170.465,139,2010-12-02 12:10:00,2011-06-17 15:22:00,198,Inactive >90 Days
14492,United Kingdom,Minimum,3,431,7,1921.91,274.55857142857144,751,2010-03-30 14:23:00,2010-10-05 13:21:00,190,Inactive >90 Days
14493,United Kingdom,Potential,4,8,10,5087.86,508.78599999999994,3148,2010-03-08 08:33:00,2011-12-02 16:14:00,635,Recently Active
14494,United Kingdom,Prospective,0,26,3,401.46,133.82,210,2009-12-08 13:25:00,2011-11-14 09:21:00,707,Recently Active
14495,United Kingdom,Prospective,0,51,3,174.8,58.26666666666667,68,2010-02-18 08:49:00,2011-10-20 12:28:00,610,Recently Active
14496,United Kingdom,Minimum,3,312,7,2363.89,337.6985714285714,905,2010-03-16 13:15:00,2011-02-01 09:01:00,323,Inactive >90 Days
14497,United Kingdom,Minimum,3,310,2,697.0600000000001,348.53000000000003,332,2010-02-04 09:59:00,2011-02-03 17:01:00,365,Inactive >90 Days
14498,United Kingdom,Potential,4,43,10,3900.83,390.08299999999997,2120,2010-06-07 16:05:00,2011-10-28 12:09:00,509,Recently Active
14499,United Kingdom,Potential,4,27,7,2101.79,300.2557142857143,1231,2010-08-27 11:57:00,2011-11-13 13:01:00,444,Recently Active
14500,United Kingdom,Prospective,0,89,3,356.85,118.95,117,2011-06-03 10:08:00,2011-09-12 16:45:00,102,Recently Active
14501,United Kingdom,General,1,184,2,251.21,125.605,161,2011-01-24 10:43:00,2011-06-09 12:02:00,137,Inactive >90 Days
14502,United Kingdom,Potential,4,20,11,2426.79,220.61727272727273,1464,2011-01-30 15:52:00,2011-11-20 11:50:00,295,Recently Active
14503,United Kingdom,Potential,4,4,6,3543.26,590.5433333333334,2004,2011-06-14 10:00:00,2011-12-06 13:30:00,176,Recently Active
14504,United Kingdom,Prospective,0,48,4,673.26,168.315,308,2011-03-06 14:38:00,2011-10-23 16:00:00,232,Recently Active
14505,United Kingdom,Main,2,18,19,11873.08,624.8989473684211,5323,2009-12-09 14:48:00,2011-11-22 15:45:00,714,Recently Active
14506,United Kingdom,Potential,4,18,7,2960.25,422.89285714285717,936,2010-04-19 08:27:00,2011-11-22 13:02:00,583,Recently Active
14507,United Kingdom,Potential,4,24,11,3216.7400000000002,292.4309090909091,1491,2009-12-10 17:04:00,2011-11-16 12:21:00,707,Recently Active
14508,United Kingdom,Prospective,0,23,5,822.92,164.584,347,2010-06-17 13:02:00,2011-11-17 19:48:00,519,Recently Active
14509,United Kingdom,General,1,535,1,110.95,110.95,38,2010-06-23 13:21:00,2010-06-23 13:21:00,1,Inactive >90 Days
14510,United Kingdom,Minimum,3,376,3,979.85,326.6166666666667,793,2010-09-29 13:35:00,2010-11-29 12:46:00,62,Inactive >90 Days
14511,United Kingdom,Potential,4,12,5,1314.81,262.962,784,2011-07-29 12:13:00,2011-11-28 17:05:00,123,Recently Active
14512,United Kingdom,Minimum,3,188,7,1215.97,173.71,736,2009-12-07 13:49:00,2011-06-05 12:39:00,546,Inactive >90 Days
14513,United Kingdom,Minimum,3,101,6,788.01,131.335,593,2010-05-20 17:57:00,2011-08-31 11:25:00,469,Inactive >90 Days
14514,United Kingdom,Potential,4,62,9,4380.04,486.6711111111111,2362,2009-12-13 13:21:00,2011-10-09 16:05:00,666,Recently Active
14515,United Kingdom,Potential,4,18,12,3724.06,310.3383333333333,1893,2010-06-07 12:37:00,2011-11-22 11:37:00,534,Recently Active
14516,United Kingdom,General,1,517,1,151.17,151.17,63,2010-07-11 14:07:00,2010-07-11 14:07:00,1,Inactive >90 Days
14517,United Kingdom,Prospective,0,34,2,330.45,165.225,91,2011-07-21 11:42:00,2011-11-06 14:20:00,109,Recently Active
14518,United Kingdom,Prospective,0,65,1,174.37,174.37,278,2011-10-06 14:43:00,2011-10-06 14:43:00,1,Recently Active
14519,United Kingdom,General,1,684,2,203.14,101.57,81,2009-12-11 10:40:00,2010-01-25 11:18:00,46,Inactive >90 Days
14520,United Kingdom,Prospective,0,2,2,270.6,135.3,146,2011-02-22 09:15:00,2011-12-08 09:46:00,290,Recently Active
14521,United Kingdom,General,1,492,1,199.45000000000002,199.45000000000002,211,2010-08-05 16:35:00,2010-08-05 16:35:00,1,Inactive >90 Days
14522,United Kingdom,Potential,4,25,8,1748.42,218.5525,956,2010-01-24 13:55:00,2011-11-15 13:24:00,661,Recently Active
14523,United Kingdom,General,1,109,1,241.09,241.09,251,2011-08-23 13:13:00,2011-08-23 13:13:00,1,Inactive >90 Days
14524,United Kingdom,Potential,4,32,13,2909.86,223.8353846153846,1169,2010-10-19 11:44:00,2011-11-08 12:29:00,386,Recently Active
14525,United Kingdom,Main,2,20,17,8018.59,471.68176470588236,5105,2009-12-13 14:01:00,2011-11-20 11:37:00,708,Recently Active
14526,United Kingdom,General,1,390,1,258.65,258.65,178,2010-11-15 13:32:00,2010-11-15 13:32:00,1,Inactive >90 Days
14527,United Kingdom,Main,2,3,121,27191.1,224.71983471074378,6630,2009-12-02 12:06:00,2011-12-07 12:19:00,736,Recently Active
14528,United Kingdom,Prospective,0,38,1,364.21999999999997,364.21999999999997,278,2011-11-02 17:09:00,2011-11-02 17:09:00,1,Recently Active
14529,United Kingdom,Prospective,0,61,3,578.61,192.87,325,2011-08-21 14:10:00,2011-10-10 15:27:00,51,Recently Active
14530,United Kingdom,Potential,4,26,16,6088.87,380.554375,2989,2010-01-21 11:25:00,2011-11-14 10:38:00,663,Recently Active
14531,United Kingdom,General,1,480,1,376.34,376.34,260,2010-08-17 10:16:00,2010-08-17 10:16:00,1,Inactive >90 Days
14532,United Kingdom,Minimum,3,237,11,3845.78,349.61636363636364,1111,2010-01-10 11:47:00,2011-04-17 13:05:00,463,Inactive >90 Days
14533,United Kingdom,Potential,4,25,11,3466.37,315.12454545454545,6038,2010-04-08 12:13:00,2011-11-15 12:05:00,587,Recently Active
14534,United Kingdom,Main,2,3,26,6183.06,237.81,2820,2010-03-15 14:16:00,2011-12-07 12:19:00,633,Recently Active
14535,United Kingdom,Potential,4,61,9,5961.89,662.4322222222222,3187,2010-02-24 15:03:00,2011-10-10 15:39:00,594,Recently Active
14536,United Kingdom,General,1,260,1,170.95,170.95,39,2011-03-25 12:21:00,2011-03-25 12:21:00,1,Inactive >90 Days
14537,United Kingdom,Prospective,0,58,2,641.4,320.7,228,2010-03-26 13:44:00,2011-10-13 10:54:00,567,Recently Active
14538,United Kingdom,Minimum,3,65,5,1370.8400000000001,274.168,284,2010-01-25 15:42:00,2011-10-06 10:31:00,620,Recently Active
14539,United Kingdom,Prospective,0,16,2,537.48,268.74,428,2011-10-26 12:03:00,2011-11-24 09:50:00,30,Recently Active
14540,United Kingdom,Potential,4,10,11,3709.64,337.24,1595,2009-12-07 13:00:00,2011-11-30 10:15:00,724,Recently Active
14541,United Kingdom,Potential,4,59,14,2491.38,177.9557142857143,1123,2010-01-07 11:59:00,2011-10-12 10:08:00,644,Recently Active
14542,United Kingdom,General,1,186,1,103.25,103.25,19,2011-06-07 08:19:00,2011-06-07 08:19:00,1,Inactive >90 Days
14543,United Kingdom,Main,2,29,39,14548.22,373.03128205128206,2635,2009-12-01 13:47:00,2011-11-11 12:45:00,711,Recently Active
14544,United Kingdom,Potential,4,25,3,2938.53,979.5100000000001,2412,2010-08-26 16:00:00,2011-11-15 15:06:00,447,Recently Active
14545,United Kingdom,General,1,675,1,349.25,349.25,236,2010-02-03 15:23:00,2010-02-03 15:23:00,1,Inactive >90 Days
14546,United Kingdom,Potential,4,6,11,5184.84,471.34909090909093,2688,2009-12-06 13:10:00,2011-12-04 13:00:00,729,Recently Active
14547,United Kingdom,Potential,4,4,8,3974.75,496.84375,2639,2011-10-16 14:35:00,2011-12-06 11:06:00,52,Recently Active
14548,United Kingdom,Minimum,3,151,9,2541.29,282.36555555555555,986,2009-12-06 14:00:00,2011-07-12 12:19:00,584,Inactive >90 Days
14549,United Kingdom,Minimum,3,312,4,913.6,228.4,394,2009-12-02 14:06:00,2011-02-01 13:47:00,427,Inactive >90 Days
14550,United Kingdom,Prospective,0,11,4,1345.06,336.265,771,2010-08-13 12:05:00,2011-11-29 12:12:00,474,Recently Active
14551,United Kingdom,Potential,4,19,7,878.09,125.44142857142857,486,2010-01-27 12:06:00,2011-11-21 13:36:00,664,Recently Active
14552,United Kingdom,Minimum,3,152,3,507.93,169.31,258,2010-04-26 13:44:00,2011-07-11 12:49:00,442,Inactive >90 Days
14553,United Kingdom,Potential,4,20,9,1818.6,202.06666666666666,1118,2010-07-18 12:07:00,2011-11-20 13:20:00,491,Recently Active
14554,United Kingdom,Potential,4,11,4,2279.4900000000002,569.8725000000001,1443,2011-10-18 13:04:00,2011-11-29 16:44:00,43,Recently Active
14555,United Kingdom,Potential,4,58,6,2304.03,384.00500000000005,842,2009-12-18 11:39:00,2011-10-13 16:24:00,665,Recently Active
14556,United Kingdom,Minimum,3,597,3,815.69,271.8966666666667,323,2010-01-20 11:49:00,2010-04-22 14:57:00,93,Inactive >90 Days
14557,United Kingdom,Prospective,0,86,1,788.38,788.38,510,2011-09-15 15:48:00,2011-09-15 15:48:00,1,Recently Active
14558,United Kingdom,Minimum,3,655,3,655.5,218.5,162,2009-12-08 10:41:00,2010-02-23 12:51:00,78,Inactive >90 Days
14559,United Kingdom,General,1,391,1,75.6,75.6,72,2010-11-14 16:05:00,2010-11-14 16:05:00,1,Inactive >90 Days
14560,United Kingdom,Main,2,8,44,6114.03,138.95522727272726,4580,2009-12-02 10:15:00,2011-12-02 15:22:00,731,Recently Active
14561,United Kingdom,Minimum,3,76,3,1080.76,360.25333333333333,1014,2011-06-08 13:26:00,2011-09-25 12:39:00,110,Recently Active
14562,United Kingdom,Main,2,4,26,6638.150000000001,255.31346153846155,2574,2010-02-07 14:10:00,2011-12-06 11:05:00,668,Recently Active
14563,United Kingdom,General,1,510,2,625.42,312.71,243,2010-04-26 12:51:00,2010-07-18 12:01:00,84,Inactive >90 Days
14564,Channel Islands,Minimum,3,435,2,2605.62,1302.81,1295,2009-12-04 09:27:00,2010-10-01 09:02:00,302,Inactive >90 Days
14565,United Kingdom,Potential,4,96,5,3709.2200000000003,741.844,1937,2010-08-23 09:48:00,2011-09-05 09:07:00,379,Inactive >90 Days
14566,Channel Islands,Minimum,3,111,4,4092.0,1023.0,2400,2010-06-24 10:34:00,2011-08-21 11:05:00,424,Inactive >90 Days
14567,United Kingdom,Prospective,0,57,2,1530.3600000000001,765.1800000000001,412,2011-08-01 13:48:00,2011-10-14 10:21:00,75,Recently Active
14568,Channel Islands,General,1,436,1,919.7,919.7,645,2010-09-30 17:15:00,2010-09-30 17:15:00,1,Inactive >90 Days
14569,United Kingdom,Prospective,0,2,4,597.33,149.3325,257,2010-04-15 11:49:00,2011-12-08 14:58:00,603,Recently Active
14570,United Kingdom,Minimum,3,281,3,512.4,170.79999999999998,363,2010-09-22 13:07:00,2011-03-04 10:58:00,164,Inactive >90 Days
14571,United Kingdom,General,1,426,1,160.0,160.0,56,2010-10-10 15:06:00,2010-10-10 15:06:00,1,Inactive >90 Days
14572,United Kingdom,Main,2,4,11,5520.9800000000005,501.90727272727275,2876,2010-03-28 13:47:00,2011-12-06 14:40:00,619,Recently Active
14573,United Kingdom,Potential,4,180,13,2163.12,166.39384615384614,683,2010-01-08 16:34:00,2011-06-13 11:15:00,522,Inactive >90 Days
14574,United Kingdom,General,1,733,1,143.70000000000002,143.70000000000002,63,2009-12-07 12:42:00,2009-12-07 12:42:00,1,Inactive >90 Days
14575,United Kingdom,General,1,489,1,420.22,420.22,163,2010-08-08 14:51:00,2010-08-08 14:51:00,1,Inactive >90 Days
14576,United Kingdom,General,1,373,1,35.400000000000006,35.400000000000006,12,2010-12-02 17:51:00,2010-12-02 17:51:00,1,Inactive >90 Days
14577,United Kingdom,Potential,4,13,7,1364.15,194.87857142857143,569,2009-12-11 12:09:00,2011-11-27 12:47:00,717,Recently Active
14578,United Kingdom,Prospective,0,4,1,168.63,168.63,240,2011-12-06 17:18:00,2011-12-06 17:18:00,1,Recently Active
14579,United Kingdom,General,1,433,1,105.56,105.56,56,2010-10-03 14:36:00,2010-10-03 14:36:00,1,Inactive >90 Days
14580,United Kingdom,General,1,519,1,14.85,14.85,3,2010-07-09 15:20:00,2010-07-09 15:20:00,1,Inactive >90 Days
14581,United Kingdom,Prospective,0,17,2,409.65,204.825,304,2010-06-13 15:48:00,2011-11-23 12:39:00,529,Recently Active
14582,United Kingdom,Prospective,0,41,1,114.11,114.11,73,2011-10-30 11:56:00,2011-10-30 11:56:00,1,Recently Active
14583,United Kingdom,Potential,4,6,8,1660.29,207.53625,1071,2010-03-28 15:16:00,2011-12-04 12:32:00,617,Recently Active
14584,United Kingdom,Minimum,3,170,8,1738.16,217.27,960,2010-02-17 14:01:00,2011-06-23 18:33:00,492,Inactive >90 Days
14585,United Kingdom,Potential,4,51,5,1143.27,228.654,630,2010-10-19 12:17:00,2011-10-20 14:33:00,367,Recently Active
14586,United Kingdom,General,1,277,1,237.35999999999999,237.35999999999999,444,2011-03-08 10:04:00,2011-03-08 10:04:00,1,Inactive >90 Days
14587,United Kingdom,Potential,4,19,9,1580.29,175.58777777777777,749,2011-01-12 13:16:00,2011-11-21 11:34:00,314,Recently Active
14588,United Kingdom,General,1,579,1,135.39,135.39,62,2010-05-10 15:08:00,2010-05-10 15:08:00,1,Inactive >90 Days
14589,United Kingdom,General,1,372,1,39.75,39.75,5,2010-12-03 11:42:00,2010-12-03 11:42:00,1,Inactive >90 Days
14590,United Kingdom,Minimum,3,425,20,2993.37,149.6685,901,2009-12-07 14:10:00,2010-10-11 12:06:00,309,Inactive >90 Days
14591,United Kingdom,Prospective,0,16,4,1320.21,330.0525,1228,2011-05-10 14:09:00,2011-11-24 13:57:00,199,Recently Active
14592,United Kingdom,Prospective,0,36,3,557.94,185.98000000000002,407,2011-10-06 18:08:00,2011-11-04 16:35:00,30,Recently Active
14593,United Kingdom,Potential,4,22,12,3658.03,304.83583333333337,1846,2009-12-09 12:57:00,2011-11-18 12:48:00,710,Recently Active
14594,United Kingdom,Prospective,0,8,2,363.33,181.665,183,2010-12-01 13:54:00,2011-12-02 13:28:00,367,Recently Active
14595,United Kingdom,Potential,4,20,8,2164.45,270.55625,1228,2010-01-20 13:59:00,2011-11-20 12:12:00,670,Recently Active
14596,United Kingdom,General,1,627,1,222.22,222.22,75,2010-03-23 12:13:00,2010-03-23 12:13:00,1,Inactive >90 Days
14597,United Kingdom,Potential,4,12,6,2184.63,364.105,1436,2010-09-28 13:17:00,2011-11-28 13:13:00,427,Recently Active
14598,United Kingdom,Prospective,0,45,2,384.03999999999996,192.01999999999998,354,2010-05-19 13:07:00,2011-10-26 13:19:00,526,Recently Active
14599,United Kingdom,General,1,391,2,457.89,228.945,292,2010-07-18 15:54:00,2010-11-14 14:49:00,120,Inactive >90 Days
14600,United Kingdom,Minimum,3,306,2,865.17,432.585,487,2010-11-11 15:56:00,2011-02-07 09:48:00,89,Inactive >90 Days
14601,United Kingdom,Prospective,0,11,1,213.96,213.96,168,2011-11-29 09:48:00,2011-11-29 09:48:00,1,Recently Active
14602,United Kingdom,General,1,657,1,205.35999999999999,205.35999999999999,80,2010-02-21 15:47:00,2010-02-21 15:47:00,1,Inactive >90 Days
14603,United Kingdom,General,1,275,1,660.0,660.0,400,2011-03-10 10:27:00,2011-03-10 10:27:00,1,Inactive >90 Days
14604,United Kingdom,General,1,634,1,136.35999999999999,136.35999999999999,86,2010-03-16 13:00:00,2010-03-16 13:00:00,1,Inactive >90 Days
14605,United Kingdom,Minimum,3,375,4,920.71,230.1775,415,2009-12-08 13:59:00,2010-11-30 14:07:00,358,Inactive >90 Days
14606,United Kingdom,Main,2,2,184,29648.75,161.13451086956522,15195,2009-12-03 12:40:00,2011-12-08 19:28:00,736,Recently Active
14607,United Kingdom,Main,2,16,20,22575.13,1128.7565,14543,2009-12-15 11:25:00,2011-11-24 10:35:00,710,Recently Active
14608,United Kingdom,Potential,4,5,10,3342.94,334.294,926,2009-12-06 12:34:00,2011-12-05 16:52:00,730,Recently Active
14609,United Kingdom,Potential,4,73,10,1486.2,148.62,12720,2010-02-09 09:48:00,2011-09-28 12:54:00,597,Recently Active
14610,United Kingdom,General,1,396,2,24.35,12.175,15,2010-07-13 16:06:00,2010-11-09 10:58:00,120,Inactive >90 Days
14611,United Kingdom,General,1,444,2,604.33,302.165,582,2010-04-20 10:19:00,2010-09-22 09:19:00,156,Inactive >90 Days
14612,United Kingdom,General,1,416,1,877.7,877.7,134,2010-10-20 16:01:00,2010-10-20 16:01:00,1,Inactive >90 Days
14613,United Kingdom,General,1,681,1,76.32000000000001,76.32000000000001,72,2010-01-28 13:02:00,2010-01-28 13:02:00,1,Inactive >90 Days
14614,United Kingdom,General,1,387,1,295.13,295.13,189,2010-11-18 13:04:00,2010-11-18 13:04:00,1,Inactive >90 Days
14615,United Kingdom,Minimum,3,395,5,951.76,190.352,495,2010-06-09 13:59:00,2010-11-10 13:36:00,155,Inactive >90 Days
14616,United Kingdom,Minimum,3,243,5,527.78,105.556,170,2010-06-09 09:42:00,2011-04-11 09:54:00,307,Inactive >90 Days
14617,United Kingdom,General,1,403,2,190.47,95.235,81,2010-10-20 10:40:00,2010-11-02 11:41:00,14,Inactive >90 Days
14618,United Kingdom,Potential,4,10,7,1342.32,191.76,704,2010-06-11 10:11:00,2011-11-30 13:45:00,538,Recently Active
14619,United Kingdom,Minimum,3,246,2,1291.24,645.62,594,2010-06-16 14:41:00,2011-04-08 07:37:00,297,Inactive >90 Days
14620,United Kingdom,General,1,206,2,412.78000000000003,206.39000000000001,214,2011-03-01 08:30:00,2011-05-18 11:58:00,79,Inactive >90 Days
14621,United Kingdom,Potential,4,2,9,3000.57,333.3966666666667,1706,2010-01-25 09:08:00,2011-12-08 16:22:00,683,Recently Active
14622,United Kingdom,General,1,185,1,320.58000000000004,320.58000000000004,146,2011-06-08 12:42:00,2011-06-08 12:42:00,1,Inactive >90 Days
14623,United Kingdom,Potential,4,33,10,2012.3,201.23,1013,2010-04-16 17:12:00,2011-11-07 13:56:00,571,Recently Active
14624,United Kingdom,Minimum,3,58,6,814.07,135.67833333333334,645,2010-04-14 10:44:00,2011-10-13 13:44:00,548,Recently Active
14625,United Kingdom,Potential,4,197,11,4497.88,408.89818181818185,2155,2009-12-16 13:23:00,2011-05-27 15:32:00,528,Inactive >90 Days
14626,United Kingdom,Potential,4,24,11,5410.92,491.9018181818182,3135,2009-12-10 14:57:00,2011-11-16 10:37:00,707,Recently Active
14627,United Kingdom,General,1,380,1,462.75,462.75,284,2010-11-25 16:32:00,2010-11-25 16:32:00,1,Inactive >90 Days
14628,United Kingdom,Minimum,3,92,5,1998.0,399.6,1147,2010-01-25 14:40:00,2011-09-09 14:58:00,593,Inactive >90 Days
14629,United Kingdom,Prospective,0,5,2,955.26,477.63,378,2011-10-23 16:13:00,2011-12-05 16:55:00,44,Recently Active
14630,United Kingdom,General,1,485,1,338.65,338.65,111,2010-08-12 16:38:00,2010-08-12 16:38:00,1,Inactive >90 Days
14631,United Kingdom,Potential,4,51,6,2025.69,337.615,1407,2010-08-09 14:45:00,2011-10-20 11:17:00,438,Recently Active
14632,United Kingdom,General,1,263,1,114.56,114.56,96,2011-03-22 08:49:00,2011-03-22 08:49:00,1,Inactive >90 Days
14633,United Kingdom,General,1,267,1,344.90000000000003,344.90000000000003,96,2011-03-18 17:07:00,2011-03-18 17:07:00,1,Inactive >90 Days
14634,United Kingdom,Minimum,3,438,4,2124.46,531.115,1906,2010-06-16 09:48:00,2010-09-28 10:40:00,105,Inactive >90 Days
14635,United Kingdom,General,1,454,1,215.22,215.22,118,2010-09-12 10:47:00,2010-09-12 10:47:00,1,Inactive >90 Days
14636,United Kingdom,Prospective,0,37,2,609.85,304.925,241,2011-03-16 09:52:00,2011-11-03 16:12:00,233,Recently Active
14637,United Kingdom,General,1,678,1,106.68,106.68,100,2010-01-31 15:52:00,2010-01-31 15:52:00,1,Inactive >90 Days
14638,United Kingdom,Prospective,0,51,1,443.6,443.6,166,2011-10-20 10:10:00,2011-10-20 10:10:00,1,Recently Active
14639,United Kingdom,Potential,4,53,9,4978.96,553.2177777777778,2410,2010-02-16 12:35:00,2011-10-18 15:06:00,610,Recently Active
14640,United Kingdom,Potential,4,25,10,3649.36,364.93600000000004,1645,2010-01-22 15:44:00,2011-11-15 13:07:00,663,Recently Active
14641,United Kingdom,Prospective,0,22,1,110.46000000000001,110.46000000000001,90,2011-11-18 10:42:00,2011-11-18 10:42:00,1,Recently Active
14642,United Kingdom,General,1,59,1,96.12,96.12,76,2011-10-12 11:08:00,2011-10-12 11:08:00,1,Recently Active
14643,United Kingdom,Minimum,3,171,5,1679.89,335.978,1377,2009-12-11 11:52:00,2011-06-22 14:41:00,559,Inactive >90 Days
14644,United Kingdom,Potential,4,68,7,2247.72,321.1028571428571,770,2009-12-03 16:24:00,2011-10-03 08:30:00,670,Recently Active
14645,United Kingdom,Minimum,3,157,3,876.89,292.2966666666667,587,2010-03-15 11:33:00,2011-07-06 09:15:00,479,Inactive >90 Days
14646,Netherlands,Main,2,2,145,526751.52,3632.769103448276,367072,2009-12-02 16:52:00,2011-12-08 12:12:00,737,Recently Active
14647,United Kingdom,General,1,202,2,506.04,253.02,175,2010-07-04 13:27:00,2011-05-22 13:40:00,323,Inactive >90 Days
14648,United Kingdom,Minimum,3,417,15,4463.39,297.55933333333337,3259,2009-12-10 13:59:00,2010-10-19 13:12:00,314,Inactive >90 Days
14649,United Kingdom,Potential,4,5,9,3651.19,405.6877777777778,2415,2010-01-20 13:10:00,2011-12-05 12:30:00,685,Recently Active
14650,United Kingdom,General,1,590,1,62.5,62.5,22,2010-04-29 20:27:00,2010-04-29 20:27:00,1,Inactive >90 Days
14651,United Kingdom,Potential,4,68,9,2025.52,225.05777777777777,880,2010-03-18 11:39:00,2011-10-03 15:52:00,565,Recently Active
14652,United Kingdom,General,1,78,1,114.18,114.18,53,2011-09-23 14:21:00,2011-09-23 14:21:00,1,Recently Active
14653,United Kingdom,Potential,4,2,11,3404.8,309.52727272727276,1967,2009-12-02 11:51:00,2011-12-08 13:45:00,737,Recently Active
14654,United Kingdom,General,1,739,1,246.86,246.86,273,2009-12-01 12:57:00,2009-12-01 12:57:00,1,Inactive >90 Days
14655,United Kingdom,Potential,4,9,7,3878.51,554.0728571428572,2341,2010-04-22 14:29:00,2011-12-01 16:28:00,589,Recently Active
14656,United Kingdom,Minimum,3,170,5,790.0,158.0,309,2010-04-15 12:10:00,2011-06-23 13:51:00,435,Inactive >90 Days
14657,United Kingdom,Potential,4,18,6,1450.19,241.69833333333335,879,2010-09-30 19:57:00,2011-11-22 12:47:00,419,Recently Active
14658,United Kingdom,Prospective,0,6,2,247.15,123.575,47,2011-08-14 15:42:00,2011-12-04 15:35:00,113,Recently Active
14659,United Kingdom,Potential,4,9,9,2529.93,281.1033333333333,1195,2011-01-28 12:43:00,2011-12-01 12:17:00,308,Recently Active
14660,United Kingdom,Prospective,0,87,2,285.74,142.87,228,2011-08-31 10:40:00,2011-09-14 11:34:00,15,Recently Active
14661,United Kingdom,Prospective,0,27,1,107.95,107.95,35,2011-11-13 11:51:00,2011-11-13 11:51:00,1,Recently Active
14662,United Kingdom,Potential,4,29,7,1376.43,196.63285714285715,907,2009-12-03 16:47:00,2011-11-11 12:13:00,709,Recently Active
14663,United Kingdom,General,1,431,2,490.6,245.3,397,2010-10-05 13:12:00,2010-10-05 13:21:00,1,Inactive >90 Days
14664,United Kingdom,Prospective,0,20,2,636.24,318.12,465,2011-11-06 14:56:00,2011-11-20 10:59:00,15,Recently Active
14665,United Kingdom,Potential,4,61,7,2749.65,392.8071428571429,1144,2010-04-26 11:17:00,2011-10-10 09:14:00,533,Recently Active
14666,United Kingdom,Prospective,0,25,1,179.95,179.95,155,2011-11-15 12:57:00,2011-11-15 12:57:00,1,Recently Active
14667,United Kingdom,Main,2,11,54,20359.59,377.02944444444444,11863,2009-12-02 12:38:00,2011-11-29 11:30:00,728,Recently Active
14668,United Kingdom,General,1,446,1,111.63,111.63,49,2010-09-20 15:03:00,2010-09-20 15:03:00,1,Inactive >90 Days
14669,United Kingdom,Minimum,3,242,7,3216.78,459.54,2043,2009-12-02 13:06:00,2011-04-12 11:43:00,497,Inactive >90 Days
14670,United Kingdom,Minimum,3,281,3,583.33,194.44333333333336,423,2009-12-07 13:59:00,2011-03-04 14:13:00,453,Inactive >90 Days
14671,United Kingdom,Minimum,3,550,2,1127.45,563.725,571,2010-05-20 18:21:00,2010-06-08 13:39:00,20,Inactive >90 Days
14672,United Kingdom,Minimum,3,235,4,1113.14,278.285,646,2010-01-28 11:33:00,2011-04-19 10:19:00,447,Inactive >90 Days
14673,United Kingdom,Potential,4,4,7,3037.32,433.90285714285716,1822,2010-10-26 10:14:00,2011-12-06 14:31:00,407,Recently Active
14674,United Kingdom,General,1,510,1,173.66,173.66,103,2010-07-18 14:25:00,2010-07-18 14:25:00,1,Inactive >90 Days
14675,United Kingdom,Prospective,0,17,2,1015.58,507.79,660,2010-11-16 12:22:00,2011-11-23 12:58:00,373,Recently Active
14676,United Kingdom,Potential,4,32,12,8356.79,696.3991666666667,8792,2010-03-10 09:30:00,2011-11-08 13:29:00,609,Recently Active
14677,United Kingdom,General,1,593,1,184.91,184.91,139,2010-04-26 09:48:00,2010-04-26 09:48:00,1,Inactive >90 Days
14678,United Kingdom,General,1,580,1,403.39,403.39,179,2010-05-09 14:32:00,2010-05-09 14:32:00,1,Inactive >90 Days
14679,United Kingdom,Minimum,3,382,3,1289.44,429.81333333333333,794,2009-12-08 17:13:00,2010-11-23 11:51:00,351,Inactive >90 Days
14680,United Kingdom,Main,2,26,58,55688.5,960.1465517241379,26894,2009-12-04 12:36:00,2011-11-14 16:59:00,711,Recently Active
14681,United Kingdom,Minimum,3,72,6,875.1500000000001,145.85833333333335,172,2010-02-24 08:54:00,2011-09-29 15:52:00,583,Recently Active
14682,United Kingdom,Minimum,3,188,6,1514.81,252.46833333333333,949,2010-02-05 14:47:00,2011-06-05 12:12:00,486,Inactive >90 Days
14683,United Kingdom,General,1,589,1,146.56,146.56,386,2010-04-30 17:18:00,2010-04-30 17:18:00,1,Inactive >90 Days
14684,United Kingdom,Potential,4,26,6,1430.03,238.33833333333334,1005,2010-11-14 14:07:00,2011-11-14 11:33:00,366,Recently Active
14685,United Kingdom,Minimum,3,577,8,4536.64,567.08,1969,2009-12-13 11:32:00,2010-05-12 13:08:00,151,Inactive >90 Days
14686,United Kingdom,Minimum,3,415,5,852.53,170.506,457,2010-02-18 18:29:00,2010-10-21 18:31:00,246,Inactive >90 Days
14687,United Kingdom,Minimum,3,107,3,1402.06,467.3533333333333,850,2010-06-06 10:36:00,2011-08-25 11:59:00,446,Inactive >90 Days
14688,United Kingdom,Main,2,8,28,7190.42,256.80071428571426,5041,2010-09-09 12:35:00,2011-12-02 12:26:00,450,Recently Active
14689,United Kingdom,General,1,209,1,112.80000000000001,112.80000000000001,76,2011-05-15 11:22:00,2011-05-15 11:22:00,1,Inactive >90 Days
14690,United Kingdom,Prospective,0,45,4,777.6800000000001,194.42000000000002,341,2010-10-25 12:20:00,2011-10-26 15:39:00,367,Recently Active
14691,United Kingdom,Potential,4,31,5,2114.33,422.866,707,2011-05-11 09:55:00,2011-11-09 12:30:00,183,Recently Active
14692,United Kingdom,Potential,4,138,12,1715.14,142.92833333333334,890,2010-04-01 14:04:00,2011-07-25 15:08:00,481,Inactive >90 Days
14693,United Kingdom,Minimum,3,265,7,1165.3600000000001,166.48000000000002,388,2010-07-02 08:28:00,2011-03-20 12:50:00,262,Inactive >90 Days
14694,United Kingdom,General,1,618,1,244.31,244.31,193,2010-04-01 19:46:00,2010-04-01 19:46:00,1,Inactive >90 Days
14695,United Kingdom,Minimum,3,520,3,1534.22,511.4066666666667,661,2009-12-07 11:05:00,2010-07-08 14:18:00,214,Inactive >90 Days
14696,United Kingdom,Potential,4,5,8,2473.28,309.16,1867,2010-10-14 11:43:00,2011-12-05 13:43:00,418,Recently Active
14697,United Kingdom,General,1,219,2,188.61,94.305,181,2011-05-05 15:29:00,2011-05-05 15:39:00,1,Inactive >90 Days
14698,United Kingdom,Potential,4,2,5,1217.27,243.454,602,2011-10-19 12:54:00,2011-12-08 12:26:00,51,Recently Active
14699,United Kingdom,Minimum,3,215,4,702.6,175.65,484,2010-07-02 12:04:00,2011-05-09 14:54:00,312,Inactive >90 Days
14700,United Kingdom,Potential,4,33,5,3076.06,615.212,1606,2010-08-11 12:19:00,2011-11-07 14:40:00,454,Recently Active
14701,United Kingdom,Potential,4,11,15,4487.11,299.1406666666666,1744,2010-01-24 12:15:00,2011-11-29 12:38:00,675,Recently Active
14702,United Kingdom,Main,2,2,29,6356.9800000000005,219.20620689655175,2874,2009-12-10 20:22:00,2011-12-08 19:29:00,729,Recently Active
14703,United Kingdom,Prospective,0,15,1,318.17,318.17,183,2011-11-25 09:23:00,2011-11-25 09:23:00,1,Recently Active
14704,United Kingdom,Potential,4,20,9,1720.58,191.17555555555555,1156,2010-03-25 17:21:00,2011-11-20 12:20:00,606,Recently Active
14705,United Kingdom,General,1,199,1,179.0,179.0,100,2011-05-25 12:39:00,2011-05-25 12:39:00,1,Inactive >90 Days
14706,United Kingdom,General,1,619,1,367.54,367.54,246,2010-03-31 11:09:00,2010-03-31 11:09:00,1,Inactive >90 Days
14707,United Kingdom,General,1,436,2,139.2,69.6,96,2010-05-12 11:07:00,2010-09-30 11:37:00,142,Inactive >90 Days
14708,United Kingdom,Potential,4,3,5,1793.22,358.644,1159,2010-09-10 10:26:00,2011-12-07 08:21:00,454,Recently Active
14709,United Kingdom,Main,2,16,25,8886.33,355.4532,4141,2009-12-05 15:26:00,2011-11-24 15:41:00,720,Recently Active
14710,United Kingdom,Potential,4,15,13,1899.79,146.1376923076923,1135,2009-12-03 17:12:00,2011-11-25 14:53:00,723,Recently Active
14711,United Kingdom,Potential,4,11,11,2839.62,258.1472727272727,966,2011-03-22 13:32:00,2011-11-29 14:58:00,253,Recently Active
14712,United Kingdom,Prospective,0,30,4,1328.0700000000002,332.01750000000004,411,2010-10-17 14:49:00,2011-11-10 12:59:00,390,Recently Active
14713,United Kingdom,Main,2,10,21,5115.36,243.5885714285714,3327,2009-12-03 19:22:00,2011-11-30 16:26:00,728,Recently Active
14714,United Kingdom,Prospective,0,25,4,906.24,226.56,642,2010-01-21 11:51:00,2011-11-15 13:07:00,664,Recently Active
14715,United Kingdom,Potential,4,25,8,1809.55,226.19375,1028,2010-01-19 12:18:00,2011-11-15 12:10:00,666,Recently Active
14716,United Kingdom,Prospective,0,44,3,543.28,181.09333333333333,643,2010-09-21 12:07:00,2011-10-27 17:29:00,402,Recently Active
14717,United Kingdom,General,1,734,1,81.3,81.3,32,2009-12-06 13:05:00,2009-12-06 13:05:00,1,Inactive >90 Days
14718,United Kingdom,General,1,411,1,226.42,226.42,202,2010-10-25 13:07:00,2010-10-25 13:07:00,1,Inactive >90 Days
14719,United Kingdom,Potential,4,2,5,1581.84,316.368,1025,2011-04-04 14:17:00,2011-12-08 12:43:00,249,Recently Active
14720,United Kingdom,Prospective,0,6,3,663.81,221.26999999999998,219,2011-08-05 12:06:00,2011-12-04 12:02:00,122,Recently Active
14721,United Kingdom,General,1,380,1,109.07,109.07,57,2010-11-25 13:08:00,2010-11-25 13:08:00,1,Inactive >90 Days
14722,United Kingdom,Minimum,3,148,3,489.52,163.17333333333332,214,2010-08-10 13:28:00,2011-07-15 14:58:00,340,Inactive >90 Days
14723,United Kingdom,Potential,4,11,11,1801.36,163.76,1166,2009-12-04 11:22:00,2011-11-29 15:23:00,726,Recently Active
14724,United Kingdom,General,1,591,1,341.9,341.9,184,2010-04-28 13:26:00,2010-04-28 13:26:00,1,Inactive >90 Days
14725,United Kingdom,Prospective,0,25,4,1246.86,311.715,1307,2010-06-23 11:34:00,2011-11-15 12:42:00,511,Recently Active
14726,United Kingdom,General,1,655,1,116.5,116.5,82,2010-02-23 12:35:00,2010-02-23 12:35:00,1,Inactive >90 Days
14727,United Kingdom,Minimum,3,275,3,461.03000000000003,153.67666666666668,452,2010-06-11 13:23:00,2011-03-10 14:45:00,273,Inactive >90 Days
14728,United Kingdom,General,1,414,1,190.58,190.58,68,2010-10-22 15:57:00,2010-10-22 15:57:00,1,Inactive >90 Days
14729,United Kingdom,Minimum,3,374,3,586.24,195.41333333333333,372,2010-03-24 13:30:00,2010-12-01 12:43:00,253,Inactive >90 Days
14730,United Kingdom,Potential,4,2,8,1897.57,237.19625,1078,2011-03-08 12:49:00,2011-12-08 14:39:00,276,Recently Active
14731,United Kingdom,Prospective,0,48,3,380.02,126.67333333333333,256,2011-05-11 13:06:00,2011-10-23 15:54:00,166,Recently Active
14732,United Kingdom,Main,2,9,19,5517.07,290.3721052631579,2273,2009-12-09 10:48:00,2011-12-01 14:34:00,723,Recently Active
14733,United Kingdom,Main,2,17,15,14335.15,955.6766666666666,5799,2010-11-02 15:42:00,2011-11-23 15:39:00,387,Recently Active
14734,United Kingdom,Minimum,3,426,4,1056.42,264.105,378,2010-06-06 15:15:00,2010-10-10 12:04:00,127,Inactive >90 Days
14735,United Kingdom,Main,2,4,55,12225.16,222.27563636363635,4512,2009-12-04 11:32:00,2011-12-06 12:09:00,733,Recently Active
14736,United Kingdom,General,1,486,2,374.05,187.025,148,2010-08-11 15:13:00,2010-08-11 15:21:00,1,Inactive >90 Days
14737,United Kingdom,Potential,4,4,4,3554.17,888.5425,1071,2010-11-04 11:29:00,2011-12-06 10:16:00,398,Recently Active
14738,United Kingdom,Potential,4,43,9,1821.9,202.43333333333334,757,2009-12-07 10:21:00,2011-10-28 08:56:00,691,Recently Active
14739,United Kingdom,Main,2,5,25,11573.62,462.94480000000004,9696,2009-12-02 13:23:00,2011-12-05 16:54:00,734,Recently Active
14740,United Kingdom,Potential,4,198,11,4161.06,378.27818181818185,2081,2010-02-25 11:40:00,2011-05-26 18:17:00,456,Inactive >90 Days
14741,United Kingdom,Potential,4,12,7,1713.0900000000001,244.72714285714287,1006,2010-10-18 09:33:00,2011-11-28 08:48:00,407,Recently Active
14742,United Kingdom,General,1,436,1,579.85,579.85,374,2010-09-30 14:07:00,2010-09-30 14:07:00,1,Inactive >90 Days
14743,United Kingdom,General,1,593,1,50.480000000000004,50.480000000000004,40,2010-04-26 10:26:00,2010-04-26 10:26:00,1,Inactive >90 Days
14744,United Kingdom,Potential,4,17,14,3660.08,261.4342857142857,2399,2010-05-18 14:06:00,2011-11-23 12:51:00,555,Recently Active
14745,United Kingdom,Potential,4,113,12,2551.41,212.61749999999998,1969,2010-03-12 10:33:00,2011-08-19 10:05:00,526,Inactive >90 Days
14746,United Kingdom,Minimum,3,407,4,593.5,148.375,398,2010-10-12 11:06:00,2010-10-29 14:44:00,18,Inactive >90 Days
14747,United Kingdom,General,1,250,1,328.2,328.2,84,2011-04-04 14:09:00,2011-04-04 14:09:00,1,Inactive >90 Days
14748,United Kingdom,Potential,4,30,10,2681.9,268.19,2422,2010-03-04 17:08:00,2011-11-10 18:33:00,617,Recently Active
14749,United Kingdom,General,1,480,1,310.15,310.15,403,2010-08-17 12:36:00,2010-08-17 12:36:00,1,Inactive >90 Days
14750,United Kingdom,General,1,737,1,112.03,112.03,65,2009-12-03 17:57:00,2009-12-03 17:57:00,1,Inactive >90 Days
14751,United Kingdom,General,1,685,2,126.45,63.225,65,2009-12-13 14:08:00,2010-01-24 13:37:00,43,Inactive >90 Days
14752,United Kingdom,Prospective,0,44,1,389.64000000000004,389.64000000000004,260,2011-10-27 11:55:00,2011-10-27 11:55:00,1,Recently Active
14753,United Kingdom,Prospective,0,88,2,869.51,434.755,412,2010-09-05 11:04:00,2011-09-13 14:50:00,374,Recently Active
14754,United Kingdom,Potential,4,45,6,1547.93,257.98833333333334,1010,2010-01-18 11:04:00,2011-10-26 12:01:00,647,Recently Active
14755,United Kingdom,Main,2,10,25,9972.550000000001,398.90200000000004,4401,2009-12-03 16:51:00,2011-11-30 11:24:00,728,Recently Active
14756,United Kingdom,Potential,4,16,3,2603.76,867.9200000000001,1422,2010-10-11 11:50:00,2011-11-24 18:13:00,410,Recently Active
14757,United Kingdom,Prospective,0,76,1,420.5,420.5,160,2011-09-25 14:36:00,2011-09-25 14:36:00,1,Recently Active
14758,United Kingdom,Minimum,3,145,7,2864.9700000000003,409.2814285714286,840,2010-04-08 08:27:00,2011-07-18 08:21:00,467,Inactive >90 Days
14759,United Kingdom,Prospective,0,5,3,1625.97,541.99,569,2011-04-21 10:55:00,2011-12-05 12:03:00,229,Recently Active
14760,United Kingdom,General,1,298,1,89.2,89.2,40,2011-02-15 16:27:00,2011-02-15 16:27:00,1,Inactive >90 Days
14761,United Kingdom,Prospective,0,59,3,447.92,149.30666666666667,206,2010-09-21 14:22:00,2011-10-12 12:10:00,387,Recently Active
14762,United Kingdom,General,1,264,2,417.57,208.785,428,2010-03-23 15:36:00,2011-03-21 08:20:00,364,Inactive >90 Days
14764,United Kingdom,Prospective,0,47,1,278.3,278.3,190,2011-10-24 11:54:00,2011-10-24 11:54:00,1,Recently Active
14765,United Kingdom,Prospective,0,30,3,254.11,84.70333333333333,135,2011-06-16 19:49:00,2011-11-10 19:53:00,148,Recently Active
14766,United Kingdom,Potential,4,9,11,6375.7300000000005,579.6118181818182,3999,2010-06-06 11:11:00,2011-12-01 16:05:00,544,Recently Active
14767,United Kingdom,General,1,475,1,382.81,382.81,117,2010-08-22 14:54:00,2010-08-22 14:54:00,1,Inactive >90 Days
14768,United Kingdom,Prospective,0,18,2,192.60000000000002,96.30000000000001,52,2011-08-04 13:25:00,2011-11-22 12:54:00,111,Recently Active
14769,United Kingdom,Main,2,3,17,15512.460000000001,912.4976470588235,11057,2009-12-16 09:17:00,2011-12-07 10:24:00,722,Recently Active
14770,United Kingdom,Minimum,3,233,8,3637.6400000000003,454.70500000000004,1598,2010-02-25 18:58:00,2011-04-21 14:21:00,421,Inactive >90 Days
14771,United Kingdom,General,1,622,2,594.62,297.31,622,2009-12-03 09:44:00,2010-03-28 12:52:00,116,Inactive >90 Days
14772,United Kingdom,General,1,113,1,139.26,139.26,82,2011-08-19 15:04:00,2011-08-19 15:04:00,1,Inactive >90 Days
14773,United Kingdom,General,1,593,1,140.55,140.55,53,2010-04-26 10:29:00,2010-04-26 10:29:00,1,Inactive >90 Days
14774,United Kingdom,General,1,529,1,241.45000000000002,241.45000000000002,99,2010-06-29 12:26:00,2010-06-29 12:26:00,1,Inactive >90 Days
14775,United Kingdom,Prospective,0,59,3,1011.9,337.3,1174,2010-12-02 16:38:00,2011-10-12 15:27:00,315,Recently Active
14776,United Kingdom,Potential,4,52,15,3708.2999999999997,247.21999999999997,4658,2010-09-19 14:12:00,2011-10-19 15:34:00,396,Recently Active
14777,United Kingdom,General,1,404,1,307.56,307.56,212,2010-11-01 12:50:00,2010-11-01 12:50:00,1,Inactive >90 Days
14778,United Kingdom,Minimum,3,128,2,730.86,365.43,306,2011-02-04 11:43:00,2011-08-04 15:23:00,182,Inactive >90 Days
14779,United Kingdom,General,1,281,3,386.15,128.71666666666667,84,2011-01-20 12:04:00,2011-03-04 12:42:00,44,Inactive >90 Days
14780,United Kingdom,Prospective,0,55,2,447.68,223.84,310,2011-09-21 15:15:00,2011-10-16 12:46:00,26,Recently Active
14782,United Kingdom,General,1,320,1,200.10000000000002,200.10000000000002,114,2011-01-24 11:12:00,2011-01-24 11:12:00,1,Inactive >90 Days
14783,United Kingdom,General,1,660,1,307.3,307.3,262,2010-02-18 16:16:00,2010-02-18 16:16:00,1,Inactive >90 Days
14784,United Kingdom,Prospective,0,27,3,449.93,149.97666666666666,363,2010-11-15 09:49:00,2011-11-13 13:30:00,364,Recently Active
14785,United Kingdom,Prospective,0,11,2,77.4,38.7,84,2011-11-24 13:40:00,2011-11-29 13:21:00,6,Recently Active
14786,United Kingdom,General,1,551,1,90.96,90.96,112,2010-06-07 13:42:00,2010-06-07 13:42:00,1,Inactive >90 Days
14787,United Kingdom,General,1,472,1,110.65,110.65,59,2010-08-25 14:38:00,2010-08-25 14:38:00,1,Inactive >90 Days
14788,United Kingdom,Prospective,0,8,3,1156.32,385.44,719,2010-04-22 18:16:00,2011-12-02 17:06:00,590,Recently Active
14789,United Kingdom,Prospective,0,29,1,197.64,197.64,116,2011-11-11 08:59:00,2011-11-11 08:59:00,1,Recently Active
14790,United Kingdom,Potential,4,17,10,2526.62,252.66199999999998,2642,2009-12-11 14:37:00,2011-11-23 09:28:00,713,Recently Active
14791,United Kingdom,General,1,607,1,303.63,303.63,127,2010-04-12 10:24:00,2010-04-12 10:24:00,1,Inactive >90 Days
14792,United Kingdom,General,1,64,1,6.2,6.2,2,2011-10-07 09:19:00,2011-10-07 09:19:00,1,Recently Active
14793,United Kingdom,Prospective,0,22,2,625.9,312.95,361,2010-06-22 16:54:00,2011-11-18 14:50:00,515,Recently Active
14794,United Kingdom,Potential,4,3,10,1953.9,195.39000000000001,783,2010-08-09 15:44:00,2011-12-07 10:11:00,486,Recently Active
14795,United Kingdom,General,1,167,1,131.45000000000002,131.45000000000002,17,2011-06-26 13:04:00,2011-06-26 13:04:00,1,Inactive >90 Days
14796,United Kingdom,Main,2,2,27,10167.77,376.58407407407407,7184,2009-12-14 15:06:00,2011-12-08 15:31:00,725,Recently Active
14797,United Kingdom,General,1,508,1,300.31,300.31,99,2010-07-20 14:07:00,2010-07-20 14:07:00,1,Inactive >90 Days
14798,United Kingdom,Potential,4,53,8,724.31,90.53875,601,2010-03-01 08:38:00,2011-10-18 10:58:00,597,Recently Active
14799,United Kingdom,Prospective,0,52,2,338.15000000000003,169.07500000000002,495,2009-12-02 11:18:00,2011-10-19 16:16:00,687,Recently Active
14800,United Kingdom,Potential,4,48,17,7180.08,422.35764705882355,6498,2010-09-30 14:38:00,2011-10-23 12:46:00,389,Recently Active
14801,United Kingdom,Prospective,0,62,1,189.34,189.34,173,2011-10-09 15:24:00,2011-10-09 15:24:00,1,Recently Active
14803,United Kingdom,Minimum,3,163,3,845.5500000000001,281.85,370,2011-02-20 13:21:00,2011-06-30 13:58:00,131,Inactive >90 Days
14804,United Kingdom,Prospective,0,9,1,353.27,353.27,121,2011-12-01 11:20:00,2011-12-01 11:20:00,1,Recently Active
14805,United Kingdom,Potential,4,16,7,1082.55,154.65,416,2010-03-28 12:34:00,2011-11-24 16:20:00,607,Recently Active
14806,United Kingdom,Prospective,0,76,2,303.43,151.715,423,2010-09-26 15:50:00,2011-09-25 15:32:00,365,Recently Active
14807,United Kingdom,General,1,391,2,504.14,252.07,234,2010-02-28 11:33:00,2010-11-14 12:47:00,260,Inactive >90 Days
14808,United Kingdom,Potential,4,40,8,2718.6,339.825,2120,2011-06-20 12:53:00,2011-10-31 12:21:00,134,Recently Active
14809,United Kingdom,Minimum,3,622,2,686.76,343.38,232,2010-03-28 15:42:00,2010-03-28 15:44:00,1,Inactive >90 Days
14810,United Kingdom,Potential,4,41,13,2354.03,181.07923076923078,1162,2010-10-06 13:12:00,2011-10-30 11:19:00,390,Recently Active
14811,United Kingdom,General,1,388,1,170.5,170.5,74,2010-11-17 13:09:00,2010-11-17 13:09:00,1,Inactive >90 Days
14812,United Kingdom,General,1,599,1,178.85,178.85,135,2010-04-20 12:13:00,2010-04-20 12:13:00,1,Inactive >90 Days
14813,United Kingdom,Minimum,3,370,4,888.91,222.2275,392,2010-04-08 11:49:00,2010-12-05 11:57:00,242,Inactive >90 Days
14814,United Kingdom,General,1,582,1,152.96,152.96,92,2010-05-07 14:10:00,2010-05-07 14:10:00,1,Inactive >90 Days
14815,United Kingdom,Prospective,0,37,2,778.5,389.25,744,2011-10-03 11:36:00,2011-11-03 11:36:00,32,Recently Active
14816,United Kingdom,General,1,198,1,271.85,271.85,5,2011-05-26 13:16:00,2011-05-26 13:16:00,1,Inactive >90 Days
14817,United Kingdom,Minimum,3,201,7,3609.86,515.6942857142857,2455,2010-03-22 12:10:00,2011-05-23 13:35:00,428,Inactive >90 Days
14818,United Kingdom,Minimum,3,74,6,1153.56,192.26,543,2010-03-02 12:48:00,2011-09-27 11:01:00,575,Recently Active
14819,United Kingdom,Prospective,0,65,4,456.41,114.1025,170,2009-12-21 15:54:00,2011-10-06 13:41:00,655,Recently Active
14820,United Kingdom,Potential,4,22,9,1274.76,141.64,724,2010-01-31 12:49:00,2011-11-18 15:41:00,657,Recently Active
14821,United Kingdom,Minimum,3,367,7,1230.15,175.7357142857143,459,2010-02-01 13:33:00,2010-12-08 08:43:00,311,Inactive >90 Days
14822,United Kingdom,General,1,486,1,157.7,157.7,94,2010-08-11 12:52:00,2010-08-11 12:52:00,1,Inactive >90 Days
14823,United Kingdom,General,1,181,3,321.43,107.14333333333333,88,2011-05-29 12:48:00,2011-06-12 13:12:00,15,Inactive >90 Days
14824,United Kingdom,Potential,4,11,10,4022.9100000000003,402.29100000000005,1954,2010-03-12 13:07:00,2011-11-29 14:20:00,628,Recently Active
14825,United Kingdom,Main,2,4,24,4735.08,197.295,2774,2010-04-06 14:14:00,2011-12-06 11:38:00,610,Recently Active
14826,United Kingdom,General,1,582,2,385.2,192.6,152,2010-01-13 13:08:00,2010-05-07 09:00:00,115,Inactive >90 Days
14828,United Kingdom,Potential,4,197,13,9839.460000000001,756.8815384615385,9718,2009-12-07 11:19:00,2011-05-27 10:16:00,537,Inactive >90 Days
14829,United Kingdom,Potential,4,30,7,1455.8700000000001,207.98142857142858,957,2010-09-29 13:14:00,2011-11-10 16:16:00,408,Recently Active
14830,United Kingdom,Prospective,0,54,1,188.03,188.03,163,2011-10-17 14:29:00,2011-10-17 14:29:00,1,Recently Active
14831,United Kingdom,Minimum,3,681,3,1676.57,558.8566666666667,885,2009-12-02 09:21:00,2010-01-28 14:31:00,58,Inactive >90 Days
14833,United Kingdom,General,1,499,1,94.8,94.8,58,2010-07-29 10:06:00,2010-07-29 10:06:00,1,Inactive >90 Days
14834,United Kingdom,Potential,4,18,7,2206.16,315.1657142857143,872,2010-10-28 17:37:00,2011-11-22 10:30:00,391,Recently Active
14835,United Kingdom,General,1,529,2,297.0,148.5,180,2010-04-01 19:34:00,2010-06-29 10:08:00,90,Inactive >90 Days
14836,United Kingdom,Prospective,0,11,3,102.45,34.15,45,2011-11-09 13:26:00,2011-11-29 16:45:00,21,Recently Active
14837,United Kingdom,Potential,4,90,9,3460.32,384.48,3030,2010-01-24 10:20:00,2011-09-11 10:58:00,596,Recently Active
14838,United Kingdom,Minimum,3,424,2,769.9200000000001,384.96000000000004,361,2009-12-03 09:52:00,2010-10-12 15:46:00,314,Inactive >90 Days
14839,United Kingdom,Minimum,3,419,3,915.28,305.0933333333333,927,2010-01-04 16:29:00,2010-10-17 13:01:00,287,Inactive >90 Days
14840,United Kingdom,General,1,268,2,362.71000000000004,181.35500000000002,179,2010-06-18 15:42:00,2011-03-17 12:00:00,273,Inactive >90 Days
14841,United Kingdom,Potential,4,54,14,7163.0,511.64285714285717,4164,2009-12-02 16:49:00,2011-10-17 15:03:00,685,Recently Active
14842,United Kingdom,Potential,4,44,4,2824.69,706.1725,1166,2011-02-04 15:32:00,2011-10-27 12:37:00,266,Recently Active
14843,United Kingdom,General,1,437,1,211.8,211.8,132,2010-09-29 12:39:00,2010-09-29 12:39:00,1,Inactive >90 Days
14844,United Kingdom,Potential,4,64,10,6702.43,670.243,4369,2010-04-12 12:50:00,2011-10-07 10:41:00,544,Recently Active
14845,United Kingdom,General,1,600,1,150.0,150.0,600,2010-04-19 10:19:00,2010-04-19 10:19:00,1,Inactive >90 Days
14846,United Kingdom,General,1,428,1,437.4,437.4,193,2010-10-08 17:07:00,2010-10-08 17:07:00,1,Inactive >90 Days
14847,United Kingdom,Minimum,3,149,3,1348.95,449.65000000000003,533,2010-05-24 12:29:00,2011-07-14 10:52:00,417,Inactive >90 Days
14848,United Kingdom,General,1,405,1,310.56,310.56,260,2010-10-31 12:22:00,2010-10-31 12:22:00,1,Inactive >90 Days
14849,United Kingdom,Main,2,22,43,15407.61,358.316511627907,11838,2010-01-10 11:40:00,2011-11-18 10:58:00,678,Recently Active
14850,United Kingdom,Minimum,3,312,7,1770.96,252.99428571428572,1393,2010-05-20 13:28:00,2011-02-01 11:21:00,258,Inactive >90 Days
14851,United Kingdom,Prospective,0,24,3,829.41,276.46999999999997,631,2010-03-19 11:52:00,2011-11-16 14:20:00,608,Recently Active
14852,United Kingdom,Potential,4,59,18,6132.43,340.6905555555556,4366,2010-03-05 14:51:00,2011-10-12 13:20:00,587,Recently Active
14853,United Kingdom,Potential,4,25,5,1376.87,275.37399999999997,345,2010-04-13 09:26:00,2011-11-15 16:56:00,582,Recently Active
14854,United Kingdom,Potential,4,79,11,4303.06,391.1872727272728,2987,2010-01-22 09:48:00,2011-09-22 17:00:00,609,Recently Active
14855,United Kingdom,Potential,4,120,7,6520.3,931.4714285714286,3510,2010-04-08 10:30:00,2011-08-12 14:02:00,492,Inactive >90 Days
14856,United Kingdom,Prospective,0,37,3,1290.53,430.1766666666667,711,2011-10-14 09:35:00,2011-11-03 14:53:00,21,Recently Active
14857,United Kingdom,Potential,4,60,7,3651.85,521.6928571428572,2080,2010-03-15 11:00:00,2011-10-11 09:23:00,576,Recently Active
14858,United Kingdom,General,1,506,1,180.75,180.75,105,2010-07-22 10:51:00,2010-07-22 10:51:00,1,Inactive >90 Days
14859,United Kingdom,Potential,4,13,5,1705.64,341.12800000000004,888,2010-06-03 10:26:00,2011-11-27 11:18:00,543,Recently Active
14860,United Kingdom,Prospective,0,20,1,170.32,170.32,232,2011-11-20 14:17:00,2011-11-20 14:17:00,1,Recently Active
14861,United Kingdom,Potential,4,53,10,1380.73,138.073,1076,2009-12-08 12:12:00,2011-10-18 12:54:00,680,Recently Active
14862,United Kingdom,Prospective,0,26,2,841.2,420.6,772,2011-07-14 11:20:00,2011-11-14 10:01:00,124,Recently Active
14863,United Kingdom,Prospective,0,30,1,266.76,266.76,132,2011-11-10 15:04:00,2011-11-10 15:04:00,1,Recently Active
14865,United Kingdom,Prospective,0,8,4,92.52,23.13,204,2009-12-01 16:05:00,2011-12-02 16:25:00,732,Recently Active
14866,United Kingdom,Main,2,11,17,20700.04,1217.649411764706,9087,2010-09-21 15:14:00,2011-11-29 11:45:00,435,Recently Active
14867,United Kingdom,Potential,4,186,16,2952.06,184.50375,996,2009-12-05 15:47:00,2011-06-07 11:39:00,550,Inactive >90 Days
14868,United Kingdom,Potential,4,4,12,4184.01,348.6675,2230,2010-10-15 14:52:00,2011-12-06 14:49:00,418,Recently Active
14869,United Kingdom,Potential,4,9,6,2778.14,463.0233333333333,2130,2009-12-16 11:43:00,2011-12-01 12:36:00,716,Recently Active
14870,United Kingdom,Minimum,3,262,6,1838.95,306.4916666666667,483,2010-01-25 09:05:00,2011-03-23 10:51:00,423,Inactive >90 Days
14871,United Kingdom,Potential,4,4,9,1228.17,136.46333333333334,446,2009-12-01 11:57:00,2011-12-06 13:42:00,736,Recently Active
14872,United Kingdom,Minimum,3,484,3,816.6,272.2,662,2010-03-16 14:41:00,2010-08-13 12:34:00,151,Inactive >90 Days
14873,United Kingdom,Minimum,3,211,2,854.13,427.065,311,2010-03-16 10:51:00,2011-05-13 13:52:00,424,Inactive >90 Days
14874,United Kingdom,General,1,536,1,116.18,116.18,148,2010-06-22 14:58:00,2010-06-22 14:58:00,1,Inactive >90 Days
14875,United Kingdom,Minimum,3,108,3,2862.4,954.1333333333333,1332,2010-09-24 10:28:00,2011-08-24 12:20:00,335,Inactive >90 Days
14876,United Kingdom,General,1,522,2,256.7,128.35,162,2010-05-27 13:49:00,2010-07-06 14:57:00,41,Inactive >90 Days
14877,United Kingdom,General,1,419,2,425.85,212.925,168,2010-03-07 12:25:00,2010-10-17 13:09:00,225,Inactive >90 Days
14878,United Kingdom,Main,2,13,25,4076.5,163.06,2416,2010-02-21 11:14:00,2011-11-27 11:15:00,645,Recently Active
14879,United Kingdom,General,1,685,1,185.06,185.06,104,2010-01-24 11:35:00,2010-01-24 11:35:00,1,Inactive >90 Days
14880,United Kingdom,Prospective,0,78,3,690.59,230.1966666666667,365,2011-02-24 12:27:00,2011-09-23 13:42:00,212,Recently Active
14881,United Kingdom,Prospective,0,20,1,255.4,255.4,316,2011-11-20 11:06:00,2011-11-20 11:06:00,1,Recently Active
14882,United Kingdom,Potential,4,27,14,3546.65,253.33214285714286,1614,2010-03-30 15:02:00,2011-11-13 12:47:00,594,Recently Active
14883,United Kingdom,Potential,4,19,6,761.59,126.93166666666667,790,2011-05-12 09:49:00,2011-11-21 10:23:00,194,Recently Active
14884,United Kingdom,General,1,670,1,120.6,120.6,72,2010-02-08 12:56:00,2010-02-08 12:56:00,1,Inactive >90 Days
14885,United Kingdom,Minimum,3,132,3,1598.12,532.7066666666666,1308,2010-08-31 10:11:00,2011-07-31 12:05:00,335,Inactive >90 Days
14886,United Kingdom,General,1,253,1,364.8,364.8,160,2011-04-01 08:56:00,2011-04-01 08:56:00,1,Inactive >90 Days
14887,United Kingdom,Prospective,0,80,1,1862.0,1862.0,1100,2011-09-21 15:32:00,2011-09-21 15:32:00,1,Recently Active
14888,United Kingdom,General,1,208,1,369.2,369.2,184,2011-05-16 14:58:00,2011-05-16 14:58:00,1,Inactive >90 Days
14889,United Kingdom,General,1,337,1,135.9,135.9,90,2011-01-07 15:19:00,2011-01-07 15:19:00,1,Inactive >90 Days
14890,United Kingdom,Minimum,3,254,3,817.25,272.4166666666667,636,2010-02-18 09:00:00,2011-03-31 11:57:00,407,Inactive >90 Days
14891,United Kingdom,Minimum,3,149,4,1106.73,276.6825,788,2010-09-29 12:41:00,2011-07-14 18:08:00,289,Inactive >90 Days
14892,United Kingdom,General,1,691,1,202.35000000000002,202.35000000000002,79,2010-01-18 08:58:00,2010-01-18 08:58:00,1,Inactive >90 Days
14893,United Kingdom,Prospective,0,10,3,1809.6100000000001,603.2033333333334,1047,2010-04-01 09:03:00,2011-11-30 12:31:00,609,Recently Active
14894,United Kingdom,Minimum,3,86,3,1492.81,497.6033333333333,603,2009-12-02 10:42:00,2011-09-15 13:51:00,653,Recently Active
14895,United Kingdom,Main,2,8,38,25119.54,661.0405263157895,10714,2009-12-10 14:22:00,2011-12-02 09:23:00,723,Recently Active
14896,United Kingdom,Minimum,3,205,8,1826.0,228.25,931,2009-12-06 12:42:00,2011-05-19 10:20:00,530,Inactive >90 Days
14897,United Kingdom,Potential,4,8,8,3140.54,392.5675,1162,2009-12-15 17:05:00,2011-12-02 10:32:00,718,Recently Active
14898,United Kingdom,Potential,4,24,14,3365.95,240.42499999999998,2207,2009-12-03 16:40:00,2011-11-16 14:54:00,714,Recently Active
14899,United Kingdom,Minimum,3,396,1,1331.38,1331.38,570,2010-11-09 15:20:00,2010-11-09 15:20:00,1,Inactive >90 Days
14900,United Kingdom,General,1,523,1,13.919999999999998,13.919999999999998,48,2010-07-05 15:09:00,2010-07-05 15:09:00,1,Inactive >90 Days
14901,United Kingdom,Potential,4,12,12,1919.0,159.91666666666666,880,2010-07-29 11:11:00,2011-11-28 17:09:00,488,Recently Active
14902,United Kingdom,Prospective,0,26,3,1035.6200000000001,345.2066666666667,716,2010-06-04 12:35:00,2011-11-14 10:34:00,529,Recently Active
14903,United Kingdom,Potential,4,22,5,2795.33,559.066,1531,2011-03-06 11:50:00,2011-11-18 16:07:00,258,Recently Active
14904,United Kingdom,Potential,4,3,4,1630.49,407.6225,2522,2010-10-08 12:48:00,2011-12-07 12:55:00,426,Recently Active
14905,United Kingdom,Minimum,3,158,8,1971.39,246.42375,1009,2009-12-03 14:36:00,2011-07-05 12:41:00,580,Inactive >90 Days
14907,United Kingdom,Main,2,4,16,5547.72,346.7325,2583,2010-04-16 13:40:00,2011-12-06 14:14:00,600,Recently Active
14908,United Kingdom,Prospective,0,75,2,381.9,190.95,182,2010-09-02 16:39:00,2011-09-26 12:56:00,390,Recently Active
14909,United Kingdom,Minimum,3,438,3,1404.68,468.2266666666667,888,2010-02-14 15:47:00,2010-09-28 16:56:00,227,Inactive >90 Days
14910,United Kingdom,Prospective,0,3,4,434.35,108.5875,238,2011-10-16 11:06:00,2011-12-07 10:06:00,53,Recently Active
14911,EIRE,Main,2,2,373,272252.79,729.9002412868632,147804,2009-12-01 11:41:00,2011-12-08 15:54:00,738,Recently Active
14912,Italy,Potential,4,17,5,1849.58,369.916,1818,2010-04-28 09:41:00,2011-11-23 09:20:00,575,Recently Active
14913,United Kingdom,Potential,4,36,8,4073.13,509.14125,3955,2010-08-11 08:40:00,2011-11-04 08:29:00,451,Recently Active
14915,United Kingdom,Potential,4,92,11,1811.25,164.6590909090909,707,2009-12-03 10:17:00,2011-09-09 13:34:00,646,Inactive >90 Days
14916,United Kingdom,Potential,4,71,8,3042.95,380.36875,2415,2010-04-01 10:57:00,2011-09-30 09:20:00,548,Recently Active
14917,United Kingdom,Minimum,3,597,2,1123.75,561.875,891,2010-04-22 09:44:00,2010-04-22 11:28:00,1,Inactive >90 Days
14918,United Kingdom,Potential,4,116,9,5955.81,661.7566666666667,2551,2010-04-08 11:18:00,2011-08-16 11:50:00,496,Inactive >90 Days
14919,United Kingdom,General,1,540,1,359.35,359.35,129,2010-06-18 13:06:00,2010-06-18 13:06:00,1,Inactive >90 Days
14920,United Kingdom,Minimum,3,213,3,1607.17,535.7233333333334,886,2010-05-23 15:25:00,2011-05-11 10:32:00,354,Inactive >90 Days
14921,United Kingdom,Prospective,0,31,2,1316.07,658.035,953,2011-05-22 12:51:00,2011-11-09 13:17:00,172,Recently Active
14922,United Kingdom,Minimum,3,394,2,843.74,421.87,376,2010-07-20 09:45:00,2010-11-11 11:14:00,115,Inactive >90 Days
14923,United Kingdom,Prospective,0,51,1,749.1,749.1,418,2011-10-20 11:51:00,2011-10-20 11:51:00,1,Recently Active
14924,United Kingdom,Minimum,3,246,3,931.01,310.33666666666664,312,2010-03-10 12:51:00,2011-04-08 09:25:00,395,Inactive >90 Days
14926,United Kingdom,General,1,382,2,359.4,179.7,204,2010-04-20 09:59:00,2010-11-23 07:13:00,218,Inactive >90 Days
14927,United Kingdom,General,1,397,1,308.2,308.2,196,2010-11-08 12:30:00,2010-11-08 12:30:00,1,Inactive >90 Days
14928,United Kingdom,General,1,628,1,223.91000000000003,223.91000000000003,268,2010-03-22 09:14:00,2010-03-22 09:14:00,1,Inactive >90 Days
14929,United Kingdom,Prospective,0,33,2,836.69,418.345,487,2010-10-14 12:22:00,2011-11-07 17:21:00,390,Recently Active
14930,Channel Islands,Potential,4,109,6,5236.7300000000005,872.7883333333334,2193,2010-04-12 11:22:00,2011-08-23 10:31:00,499,Inactive >90 Days
14931,Channel Islands,Prospective,0,5,4,864.6800000000001,216.17000000000002,414,2011-04-13 09:32:00,2011-12-05 10:19:00,237,Recently Active
14932,Channel Islands,General,1,366,2,566.13,283.065,255,2010-11-19 09:16:00,2010-12-09 11:48:00,21,Inactive >90 Days
14933,Channel Islands,Minimum,3,444,4,1770.0,442.5,600,2010-09-21 17:29:00,2010-09-22 10:47:00,2,Inactive >90 Days
14934,Channel Islands,Potential,4,82,5,3403.5,680.7,2098,2010-09-24 12:08:00,2011-09-19 10:10:00,361,Recently Active
14935,Channel Islands,Minimum,3,298,2,2849.83,1424.915,1931,2010-03-30 11:48:00,2011-02-15 14:44:00,323,Inactive >90 Days
14936,Channel Islands,Potential,4,34,12,12410.81,1034.2341666666666,6274,2010-05-05 12:26:00,2011-11-06 10:30:00,551,Recently Active
14937,Channel Islands,Minimum,3,57,3,1621.88,540.6266666666667,484,2011-08-01 14:16:00,2011-10-14 12:29:00,75,Recently Active
14938,Channel Islands,Minimum,3,563,2,2322.43,1161.215,1369,2010-05-26 13:35:00,2010-05-26 13:38:00,1,Inactive >90 Days
14940,United Kingdom,General,1,418,2,531.49,265.745,384,2009-12-06 15:46:00,2010-10-18 10:47:00,317,Inactive >90 Days
14941,United Kingdom,General,1,579,1,182.1,182.1,80,2010-05-10 11:30:00,2010-05-10 11:30:00,1,Inactive >90 Days
14942,United Kingdom,Minimum,3,402,4,746.56,186.64,354,2009-12-10 10:32:00,2010-11-03 10:51:00,329,Inactive >90 Days
14943,United Kingdom,General,1,664,1,107.62,107.62,46,2010-02-14 16:04:00,2010-02-14 16:04:00,1,Inactive >90 Days
14944,United Kingdom,Main,2,30,19,9684.67,509.7194736842105,4862,2010-02-17 08:47:00,2011-11-10 09:10:00,632,Recently Active
14945,United Kingdom,General,1,414,1,179.4,179.4,156,2010-10-22 11:26:00,2010-10-22 11:26:00,1,Inactive >90 Days
14946,United Kingdom,Prospective,0,15,1,100.9,100.9,22,2011-11-25 13:33:00,2011-11-25 13:33:00,1,Recently Active
14947,United Kingdom,Minimum,3,73,6,1049.79,174.965,416,2010-03-25 11:29:00,2011-09-28 15:48:00,553,Recently Active
14948,United Kingdom,Potential,4,24,6,1101.97,183.66166666666666,673,2011-05-04 14:52:00,2011-11-16 17:16:00,197,Recently Active
14949,United Kingdom,Minimum,3,470,4,515.0,128.75,250,2009-12-18 15:28:00,2010-08-27 15:38:00,253,Inactive >90 Days
14950,United Kingdom,Prospective,0,20,1,371.2,371.2,136,2011-11-20 13:48:00,2011-11-20 13:48:00,1,Recently Active
14951,United Kingdom,Prospective,0,80,1,311.69,311.69,311,2011-09-21 15:15:00,2011-09-21 15:15:00,1,Recently Active
14952,United Kingdom,Main,2,60,32,17629.35,550.9171875,6977,2009-12-03 15:34:00,2011-10-11 10:33:00,678,Recently Active
14953,United Kingdom,Prospective,0,26,4,968.82,242.205,1012,2010-09-30 12:16:00,2011-11-14 14:59:00,411,Recently Active
14954,United Kingdom,Prospective,0,13,2,462.12,231.06,209,2010-01-05 16:38:00,2011-11-27 14:30:00,692,Recently Active
14955,United Kingdom,General,1,733,1,163.77,163.77,74,2009-12-07 11:35:00,2009-12-07 11:35:00,1,Inactive >90 Days
14956,United Kingdom,Minimum,3,422,1,1325.0,1325.0,2500,2010-10-14 16:40:00,2010-10-14 16:40:00,1,Inactive >90 Days
14957,United Kingdom,General,1,254,2,261.69,130.845,97,2010-03-05 10:50:00,2011-03-31 17:59:00,392,Inactive >90 Days
14958,United Kingdom,Minimum,3,148,6,941.99,156.99833333333333,248,2009-12-03 16:02:00,2011-07-15 14:20:00,590,Inactive >90 Days
14959,United Kingdom,Prospective,0,65,4,695.42,173.855,494,2011-02-16 13:00:00,2011-10-06 18:23:00,233,Recently Active
14960,United Kingdom,Prospective,0,9,2,221.27,110.635,221,2011-06-21 13:38:00,2011-12-01 12:54:00,164,Recently Active
14961,United Kingdom,Main,2,11,22,16410.15,745.9159090909092,8372,2009-12-04 11:32:00,2011-11-29 09:42:00,726,Recently Active
14962,United Kingdom,Minimum,3,271,4,366.91,91.7275,123,2010-05-04 14:57:00,2011-03-14 09:42:00,315,Inactive >90 Days
14963,United Kingdom,Potential,4,10,12,3123.57,260.2975,2287,2010-07-02 12:43:00,2011-11-30 12:16:00,517,Recently Active
14964,United Kingdom,General,1,248,1,206.21,206.21,143,2011-04-06 14:13:00,2011-04-06 14:13:00,1,Inactive >90 Days
14965,United Kingdom,Prospective,0,97,2,596.09,298.045,363,2011-09-04 13:15:00,2011-09-04 13:20:00,1,Inactive >90 Days
14966,United Kingdom,Potential,4,15,6,1064.26,177.37666666666667,1060,2009-12-15 13:48:00,2011-11-25 12:20:00,711,Recently Active
14967,United Kingdom,Potential,4,50,6,1982.6100000000001,330.435,652,2009-12-03 14:07:00,2011-10-21 11:06:00,688,Recently Active
14968,United Kingdom,Prospective,0,31,2,497.49,248.745,256,2010-09-07 13:28:00,2011-11-09 13:58:00,429,Recently Active
14969,United Kingdom,General,1,704,1,906.23,906.23,665,2010-01-05 12:43:00,2010-01-05 12:43:00,1,Inactive >90 Days
14970,United Kingdom,Potential,4,69,12,4919.35,409.9458333333334,982,2010-02-14 13:37:00,2011-10-02 13:44:00,596,Recently Active
14971,United Kingdom,Prospective,0,36,3,1097.98,365.99333333333334,639,2011-10-27 13:33:00,2011-11-04 17:07:00,9,Recently Active
14972,United Kingdom,General,1,129,2,145.07,72.535,40,2010-11-23 16:17:00,2011-08-03 14:54:00,254,Inactive >90 Days
14973,United Kingdom,Minimum,3,108,3,1314.45,438.15000000000003,369,2011-04-28 12:22:00,2011-08-24 15:51:00,119,Inactive >90 Days
14974,United Kingdom,Prospective,0,38,1,89.94,89.94,37,2011-11-02 13:01:00,2011-11-02 13:01:00,1,Recently Active
14975,United Kingdom,Prospective,0,58,2,472.39,236.195,507,2010-10-14 14:11:00,2011-10-13 14:08:00,365,Recently Active
14976,United Kingdom,Minimum,3,58,6,774.86,129.14333333333335,232,2011-01-17 11:09:00,2011-10-13 16:33:00,270,Recently Active
14977,United Kingdom,General,1,726,1,31.93,31.93,17,2009-12-14 10:37:00,2009-12-14 10:37:00,1,Inactive >90 Days
14978,United Kingdom,Potential,4,73,10,3112.19,311.219,736,2010-04-28 10:50:00,2011-09-28 13:07:00,519,Recently Active
14979,United Kingdom,General,1,736,1,429.66,429.66,209,2009-12-04 12:54:00,2009-12-04 12:54:00,1,Inactive >90 Days
14980,United Kingdom,General,1,738,1,150.68,150.68,79,2009-12-02 14:09:00,2009-12-02 14:09:00,1,Inactive >90 Days
14981,United Kingdom,General,1,247,2,372.92,186.46,241,2010-10-12 11:04:00,2011-04-07 13:45:00,178,Inactive >90 Days
14982,United Kingdom,General,1,573,1,234.88,234.88,123,2010-05-16 15:52:00,2010-05-16 15:52:00,1,Inactive >90 Days
14983,United Kingdom,General,1,690,1,183.20000000000002,183.20000000000002,90,2010-01-19 17:32:00,2010-01-19 17:32:00,1,Inactive >90 Days
14984,United Kingdom,Potential,4,20,6,1260.51,210.085,348,2010-01-11 13:22:00,2011-11-20 14:28:00,679,Recently Active
14985,United Kingdom,General,1,199,2,292.01,146.005,256,2010-12-16 19:51:00,2011-05-25 14:29:00,161,Inactive >90 Days
14986,United Kingdom,General,1,377,2,563.1,281.55,338,2010-01-24 15:54:00,2010-11-28 15:25:00,309,Inactive >90 Days
14987,United Kingdom,Potential,4,16,8,1550.6499999999999,193.83124999999998,607,2009-12-02 14:56:00,2011-11-24 09:59:00,723,Recently Active
14988,United Kingdom,Minimum,3,212,7,2038.65,291.2357142857143,1260,2010-04-16 13:34:00,2011-05-12 12:05:00,392,Inactive >90 Days
14989,United Kingdom,General,1,662,1,342.4,342.4,200,2010-02-16 10:40:00,2010-02-16 10:40:00,1,Inactive >90 Days
14990,United Kingdom,General,1,613,2,304.17,152.085,129,2009-12-09 13:31:00,2010-04-06 13:54:00,119,Inactive >90 Days
14991,United Kingdom,General,1,431,1,314.67,314.67,191,2010-10-05 13:01:00,2010-10-05 13:01:00,1,Inactive >90 Days
14992,United Kingdom,General,1,443,1,210.5,210.5,145,2010-09-23 17:48:00,2010-09-23 17:48:00,1,Inactive >90 Days
14993,United Kingdom,General,1,564,1,36.13,36.13,21,2010-05-25 12:47:00,2010-05-25 12:47:00,1,Inactive >90 Days
14994,United Kingdom,Minimum,3,383,5,942.77,188.554,566,2010-03-26 14:16:00,2010-11-22 12:59:00,242,Inactive >90 Days
14995,United Kingdom,Prospective,0,39,2,231.98000000000002,115.99000000000001,102,2011-03-04 13:14:00,2011-11-01 11:39:00,243,Recently Active
14996,United Kingdom,General,1,482,2,442.28999999999996,221.14499999999998,404,2010-08-15 13:41:00,2010-08-15 13:44:00,1,Inactive >90 Days
14997,United Kingdom,Prospective,0,47,4,776.6,194.15,1408,2010-02-22 12:11:00,2011-10-24 13:28:00,610,Recently Active
14998,United Kingdom,Minimum,3,171,4,753.18,188.295,352,2010-04-13 16:07:00,2011-06-22 17:30:00,436,Inactive >90 Days
14999,United Kingdom,General,1,593,1,129.48000000000002,129.48000000000002,88,2010-04-26 10:47:00,2010-04-26 10:47:00,1,Inactive >90 Days
15000,United Kingdom,Prospective,0,48,1,490.52,490.52,218,2011-10-23 11:42:00,2011-10-23 11:42:00,1,Recently Active
15001,United Kingdom,General,1,395,2,197.10999999999999,98.55499999999999,69,2010-11-10 13:31:00,2010-11-10 13:51:00,1,Inactive >90 Days
15002,United Kingdom,Potential,4,116,9,4138.08,459.78666666666663,2214,2010-01-12 11:40:00,2011-08-16 10:44:00,582,Inactive >90 Days
15003,United Kingdom,Minimum,3,474,6,1027.03,171.17166666666665,525,2010-01-26 13:04:00,2010-08-23 15:44:00,210,Inactive >90 Days
15004,United Kingdom,Minimum,3,148,1,1220.38,1220.38,622,2011-07-15 14:05:00,2011-07-15 14:05:00,1,Inactive >90 Days
15005,United Kingdom,Main,2,16,56,13752.58,245.5817857142857,8661,2009-12-01 14:19:00,2011-11-24 12:25:00,724,Recently Active
15006,United Kingdom,Prospective,0,52,2,752.83,376.415,386,2010-09-12 13:03:00,2011-10-19 15:08:00,403,Recently Active
15007,United Kingdom,General,1,160,1,156.91,156.91,69,2011-07-03 16:00:00,2011-07-03 16:00:00,1,Inactive >90 Days
15008,United Kingdom,General,1,481,2,360.0,180.0,1500,2010-03-12 11:13:00,2010-08-16 13:09:00,158,Inactive >90 Days
15009,United Kingdom,Prospective,0,13,3,1259.43,419.81,639,2011-11-14 17:40:00,2011-11-27 13:35:00,14,Recently Active
15010,United Kingdom,Prospective,0,36,1,308.94,308.94,184,2011-11-04 12:42:00,2011-11-04 12:42:00,1,Recently Active
15011,United Kingdom,General,1,396,2,416.6,208.3,289,2010-10-19 12:05:00,2010-11-09 11:10:00,22,Inactive >90 Days
15012,United Kingdom,Prospective,0,54,3,646.26,215.42,383,2010-05-12 11:49:00,2011-10-17 12:22:00,524,Recently Active
15013,United Kingdom,Minimum,3,488,10,1610.82,161.082,1715,2010-01-31 12:15:00,2010-08-09 12:05:00,191,Inactive >90 Days
15014,United Kingdom,Prospective,0,44,2,257.67,128.835,149,2011-06-16 19:40:00,2011-10-27 20:07:00,134,Recently Active
15015,United Kingdom,Minimum,3,502,13,2344.47,180.34384615384613,1559,2009-12-14 14:46:00,2010-07-26 13:50:00,225,Inactive >90 Days
15016,United Kingdom,Minimum,3,173,5,620.89,124.178,243,2010-06-14 13:06:00,2011-06-20 12:06:00,372,Inactive >90 Days
15017,United Kingdom,Prospective,0,34,1,125.58,125.58,63,2011-11-06 10:33:00,2011-11-06 10:33:00,1,Recently Active
15018,United Kingdom,Prospective,0,39,3,496.21,165.40333333333334,189,2010-12-07 10:47:00,2011-11-01 12:47:00,330,Recently Active
15019,United Kingdom,General,1,267,1,252.81,252.81,150,2011-03-18 12:35:00,2011-03-18 12:35:00,1,Inactive >90 Days
15020,United Kingdom,General,1,380,1,198.47,198.47,111,2010-11-25 13:29:00,2010-11-25 13:29:00,1,Inactive >90 Days
15021,United Kingdom,Potential,4,9,12,2500.59,208.38250000000002,1079,2010-07-29 16:35:00,2011-12-01 11:53:00,491,Recently Active
15022,United Kingdom,Potential,4,12,5,1133.44,226.68800000000002,640,2010-01-31 16:02:00,2011-11-28 12:35:00,667,Recently Active
15023,United Kingdom,Main,2,4,20,11555.5,577.775,4748,2010-02-03 15:45:00,2011-12-06 17:23:00,672,Recently Active
15024,United Kingdom,Potential,4,10,16,3559.39,222.461875,1924,2010-10-11 16:14:00,2011-11-30 12:06:00,416,Recently Active
15025,United Kingdom,Prospective,0,34,2,971.84,485.92,502,2010-05-20 13:28:00,2011-11-06 15:20:00,536,Recently Active
15026,United Kingdom,Minimum,3,81,5,1044.09,208.81799999999998,595,2010-09-17 13:52:00,2011-09-20 13:52:00,369,Recently Active
15027,United Kingdom,Potential,4,31,10,3195.6,319.56,2782,2010-03-25 14:39:00,2011-11-09 10:16:00,595,Recently Active
15028,United Kingdom,Potential,4,9,6,962.9399999999999,160.48999999999998,673,2010-11-10 14:32:00,2011-12-01 14:06:00,387,Recently Active
15029,United Kingdom,General,1,620,1,365.1,365.1,234,2010-03-30 12:16:00,2010-03-30 12:16:00,1,Inactive >90 Days
15030,United Kingdom,Potential,4,72,8,1979.91,247.48875,1225,2010-03-04 17:10:00,2011-09-29 10:50:00,575,Recently Active
15031,United Kingdom,Potential,4,5,14,3102.94,221.63857142857142,1576,2009-12-08 13:38:00,2011-12-05 14:19:00,728,Recently Active
15032,United Kingdom,Potential,4,257,8,11010.05,1376.25625,6601,2009-12-10 15:27:00,2011-03-28 15:03:00,474,Inactive >90 Days
15033,United Kingdom,Potential,4,5,10,2553.88,255.388,1670,2011-01-14 13:28:00,2011-12-05 12:40:00,326,Recently Active
15034,United Kingdom,Main,2,16,14,8231.2,587.9428571428572,4748,2010-05-11 13:30:00,2011-11-24 12:11:00,563,Recently Active
15035,United Kingdom,General,1,90,1,252.73000000000002,252.73000000000002,245,2011-09-11 11:08:00,2011-09-11 11:08:00,1,Recently Active
15036,United Kingdom,Prospective,0,73,3,429.56,143.18666666666667,316,2011-06-13 12:19:00,2011-09-28 15:42:00,108,Recently Active
15037,United Kingdom,General,1,377,2,397.76,198.88,298,2010-11-28 12:14:00,2010-11-28 13:05:00,1,Inactive >90 Days
15038,United Kingdom,Potential,4,59,9,1146.53,127.39222222222222,381,2010-10-10 14:35:00,2011-10-12 11:33:00,368,Recently Active
15039,United Kingdom,Main,2,10,93,39141.48,420.8761290322581,17780,2009-12-10 11:39:00,2011-11-30 11:31:00,721,Recently Active
15040,United Kingdom,General,1,542,1,7.49,7.49,1,2010-06-16 11:40:00,2010-06-16 11:40:00,1,Inactive >90 Days
15041,United Kingdom,General,1,171,2,288.98,144.49,192,2010-09-21 13:16:00,2011-06-22 16:16:00,275,Inactive >90 Days
15042,United Kingdom,General,1,200,2,315.45,157.725,238,2010-04-23 14:01:00,2011-05-24 16:25:00,397,Inactive >90 Days
15043,United Kingdom,Potential,4,32,6,2855.3199999999997,475.8866666666666,1007,2010-06-24 15:50:00,2011-11-08 14:26:00,503,Recently Active
15044,United Kingdom,Main,2,20,32,15769.01,492.7815625,5237,2009-12-16 15:13:00,2011-11-20 13:20:00,705,Recently Active
15045,United Kingdom,Minimum,3,152,2,735.66,367.83,114,2011-03-27 11:44:00,2011-07-11 11:33:00,107,Inactive >90 Days
15046,United Kingdom,Main,2,10,25,7604.84,304.1936,4584,2010-01-14 14:29:00,2011-11-30 15:50:00,686,Recently Active
15047,United Kingdom,General,1,270,1,343.62,343.62,222,2011-03-15 10:49:00,2011-03-15 10:49:00,1,Inactive >90 Days
15048,United Kingdom,Prospective,0,66,4,381.0,95.25,192,2010-12-06 12:15:00,2011-10-05 14:55:00,304,Recently Active
15049,United Kingdom,General,1,274,1,121.17000000000002,121.17000000000002,63,2011-03-11 12:13:00,2011-03-11 12:13:00,1,Inactive >90 Days
15050,United Kingdom,Potential,4,26,5,4087.19,817.438,2600,2010-08-16 12:00:00,2011-11-14 16:17:00,456,Recently Active
15051,United Kingdom,Potential,4,24,9,3926.91,436.3233333333333,3052,2009-12-01 13:29:00,2011-11-16 15:38:00,716,Recently Active
15052,United Kingdom,General,1,320,1,207.73000000000002,207.73000000000002,79,2011-01-24 15:52:00,2011-01-24 15:52:00,1,Inactive >90 Days
15053,United Kingdom,Prospective,0,5,3,693.95,231.3166666666667,984,2011-03-03 12:06:00,2011-12-05 12:08:00,278,Recently Active
15054,United Kingdom,Prospective,0,13,2,302.1,151.05,198,2011-10-30 14:33:00,2011-11-27 15:02:00,29,Recently Active
15055,United Kingdom,Minimum,3,475,3,549.12,183.04,225,2009-12-16 15:48:00,2010-08-22 11:06:00,250,Inactive >90 Days
15056,United Kingdom,General,1,521,1,113.65,113.65,69,2010-07-07 15:58:00,2010-07-07 15:58:00,1,Inactive >90 Days
15057,United Kingdom,Minimum,3,276,5,3255.96,651.192,1394,2009-12-05 15:27:00,2011-03-09 15:17:00,460,Inactive >90 Days
15058,United Kingdom,Potential,4,26,16,3387.58,211.72375,1645,2010-02-24 14:07:00,2011-11-14 14:57:00,629,Recently Active
15059,United Kingdom,Potential,4,41,19,3490.4,183.70526315789473,1597,2009-12-06 12:17:00,2011-10-30 11:35:00,694,Recently Active
15060,United Kingdom,Prospective,0,9,4,293.0,73.25,256,2011-11-30 14:03:00,2011-12-01 13:47:00,2,Recently Active
15061,United Kingdom,Main,2,4,127,126387.56999999999,995.177716535433,74279,2009-12-01 12:18:00,2011-12-06 12:06:00,736,Recently Active
15062,United Kingdom,Potential,4,72,8,2585.62,323.2025,1872,2010-04-08 15:41:00,2011-09-29 16:51:00,540,Recently Active
15063,United Kingdom,General,1,214,1,370.79999999999995,370.79999999999995,56,2011-05-10 13:25:00,2011-05-10 13:25:00,1,Inactive >90 Days
15064,United Kingdom,Minimum,3,411,4,1154.41,288.6025,808,2009-12-22 16:17:00,2010-10-25 14:32:00,308,Inactive >90 Days
15065,United Kingdom,Potential,4,38,5,3326.86,665.3720000000001,1446,2010-10-25 09:13:00,2011-11-02 09:45:00,374,Recently Active
15066,United Kingdom,Prospective,0,54,1,893.59,893.59,317,2011-10-17 13:25:00,2011-10-17 13:25:00,1,Recently Active
15067,United Kingdom,Potential,4,79,5,3862.88,772.576,2151,2010-04-11 15:54:00,2011-09-22 13:20:00,530,Recently Active
15068,United Kingdom,Prospective,0,47,4,1174.9,293.725,832,2010-03-28 13:18:00,2011-10-24 14:47:00,576,Recently Active
15069,United Kingdom,Minimum,3,180,1,1109.53,1109.53,520,2011-06-13 14:16:00,2011-06-13 14:16:00,1,Inactive >90 Days
15070,United Kingdom,Minimum,3,373,3,737.0500000000001,245.68333333333337,339,2009-12-15 13:49:00,2010-12-02 11:23:00,353,Inactive >90 Days
15071,United Kingdom,Minimum,3,94,4,1455.5600000000002,363.89000000000004,416,2010-05-18 12:45:00,2011-09-07 11:43:00,478,Inactive >90 Days
15072,United Kingdom,General,1,480,1,187.52,187.52,164,2010-08-17 15:46:00,2010-08-17 15:46:00,1,Inactive >90 Days
15073,United Kingdom,Potential,4,10,8,2788.02,348.5025,1410,2010-01-27 08:48:00,2011-11-30 10:44:00,673,Recently Active
15074,United Kingdom,Minimum,3,106,3,1553.13,517.71,1039,2010-08-29 11:47:00,2011-08-26 14:45:00,363,Inactive >90 Days
15075,United Kingdom,Prospective,0,78,1,773.03,773.03,447,2011-09-23 12:27:00,2011-09-23 12:27:00,1,Recently Active
15076,United Kingdom,Minimum,3,173,3,1447.74,482.58,866,2010-07-05 14:11:00,2011-06-20 08:23:00,351,Inactive >90 Days
15077,United Kingdom,Minimum,3,495,2,2428.08,1214.04,528,2009-12-09 17:10:00,2010-08-02 11:13:00,237,Inactive >90 Days
15078,United Kingdom,Main,2,8,52,17276.73,332.2448076923077,8776,2009-12-04 12:03:00,2011-12-02 15:41:00,729,Recently Active
15079,United Kingdom,Potential,4,213,11,3625.4,329.58181818181816,1459,2009-12-08 11:22:00,2011-05-11 12:45:00,520,Inactive >90 Days
15080,United Kingdom,General,1,428,2,546.25,273.125,287,2010-07-26 10:03:00,2010-10-08 11:52:00,75,Inactive >90 Days
15081,United Kingdom,Potential,4,23,12,1854.57,154.54749999999999,749,2010-06-22 10:25:00,2011-11-17 17:08:00,514,Recently Active
15082,United Kingdom,General,1,669,1,93.35000000000001,93.35000000000001,43,2010-02-09 10:23:00,2010-02-09 10:23:00,1,Inactive >90 Days
15083,United Kingdom,General,1,257,1,88.2,88.2,38,2011-03-28 12:18:00,2011-03-28 12:18:00,1,Inactive >90 Days
15084,United Kingdom,Minimum,3,380,2,965.1999999999999,482.59999999999997,600,2010-03-04 10:45:00,2010-11-25 11:58:00,267,Inactive >90 Days
15085,United Kingdom,General,1,730,1,347.54,347.54,169,2009-12-10 11:47:00,2009-12-10 11:47:00,1,Inactive >90 Days
15086,United Kingdom,General,1,565,2,218.53,109.265,95,2010-03-24 13:56:00,2010-05-24 12:27:00,62,Inactive >90 Days
15087,United Kingdom,General,1,282,1,306.94,306.94,470,2011-03-03 10:34:00,2011-03-03 10:34:00,1,Inactive >90 Days
15088,United Kingdom,Prospective,0,22,2,1160.07,580.035,460,2011-10-03 14:05:00,2011-11-18 13:14:00,47,Recently Active
15089,United Kingdom,Potential,4,11,6,2420.84,403.47333333333336,1359,2011-08-03 14:14:00,2011-11-29 16:31:00,119,Recently Active
15090,United Kingdom,General,1,309,1,381.32,381.32,208,2011-02-04 14:03:00,2011-02-04 14:03:00,1,Inactive >90 Days
15091,United Kingdom,Minimum,3,68,3,1046.6100000000001,348.87000000000006,582,2010-02-03 11:46:00,2011-10-03 12:47:00,608,Recently Active
15092,United Kingdom,Minimum,3,216,3,776.46,258.82,230,2010-09-03 12:33:00,2011-05-08 14:10:00,248,Inactive >90 Days
15093,United Kingdom,Main,2,19,23,13702.380000000001,595.7556521739131,10778,2009-12-08 12:46:00,2011-11-21 13:09:00,714,Recently Active
15094,United Kingdom,General,1,464,2,83.0,41.5,28,2010-03-05 12:56:00,2010-09-02 16:55:00,182,Inactive >90 Days
15095,United Kingdom,Potential,4,104,10,3141.64,314.164,2233,2010-01-21 09:37:00,2011-08-28 12:01:00,585,Inactive >90 Days
15096,United Kingdom,Prospective,0,43,1,219.39000000000001,219.39000000000001,120,2011-10-28 10:27:00,2011-10-28 10:27:00,1,Recently Active
15097,United Kingdom,Prospective,0,5,3,908.35,302.78333333333336,424,2010-05-05 14:22:00,2011-12-05 14:03:00,580,Recently Active
15098,United Kingdom,Potential,4,183,3,39916.5,13305.5,121,2011-06-10 15:22:00,2011-06-10 15:33:00,1,Inactive >90 Days
15099,United Kingdom,Prospective,0,85,1,410.48,410.48,343,2011-09-16 13:13:00,2011-09-16 13:13:00,1,Recently Active
15100,United Kingdom,Minimum,3,334,7,2193.8999999999996,313.41428571428565,270,2010-01-07 14:33:00,2011-01-10 10:35:00,369,Inactive >90 Days
15101,United Kingdom,Potential,4,9,6,1477.94,246.32333333333335,676,2010-04-28 15:00:00,2011-12-01 10:18:00,583,Recently Active
15102,United Kingdom,General,1,531,2,554.67,277.335,339,2010-06-11 10:16:00,2010-06-27 12:16:00,17,Inactive >90 Days
15103,United Kingdom,Prospective,0,32,2,703.36,351.68,329,2011-09-14 13:54:00,2011-11-08 14:53:00,56,Recently Active
15104,United Kingdom,Minimum,3,197,2,993.54,496.77,635,2011-03-02 14:16:00,2011-05-27 12:29:00,87,Inactive >90 Days
15105,United Kingdom,Potential,4,19,9,3094.91,343.87888888888887,1747,2010-03-23 12:18:00,2011-11-21 16:54:00,609,Recently Active
15106,United Kingdom,Potential,4,18,5,1422.52,284.504,1181,2011-03-15 12:52:00,2011-11-22 09:16:00,253,Recently Active
15107,United Kingdom,Minimum,3,312,9,824.35,91.59444444444445,330,2010-09-14 10:47:00,2011-02-01 14:46:00,141,Inactive >90 Days
15108,European Community,Minimum,3,142,3,1159.25,386.4166666666667,490,2011-04-26 10:54:00,2011-07-21 10:24:00,87,Inactive >90 Days
15109,United Kingdom,Minimum,3,246,3,983.1,327.7,258,2009-12-04 12:33:00,2011-04-08 09:58:00,491,Inactive >90 Days
15110,United Kingdom,Potential,4,24,6,1505.8500000000001,250.97500000000002,337,2010-08-11 15:49:00,2011-11-16 11:16:00,463,Recently Active
15111,United Kingdom,Potential,4,30,5,2442.37,488.474,1058,2010-04-26 13:12:00,2011-11-10 16:58:00,564,Recently Active
15112,United Kingdom,General,1,612,1,209.4,209.4,72,2010-04-07 14:17:00,2010-04-07 14:17:00,1,Inactive >90 Days
15113,United Kingdom,Potential,4,10,3,3509.04,1169.68,2343,2011-10-16 15:27:00,2011-11-30 08:23:00,46,Recently Active
15114,United Kingdom,Potential,4,31,12,3400.12,283.3433333333333,3532,2010-10-14 16:44:00,2011-11-09 15:05:00,392,Recently Active
15115,United Kingdom,Prospective,0,19,2,531.85,265.925,245,2009-12-07 11:20:00,2011-11-21 14:59:00,715,Recently Active
15116,United Kingdom,Prospective,0,18,4,1352.75,338.1875,648,2011-05-19 08:50:00,2011-11-22 12:25:00,188,Recently Active
15117,United Kingdom,Potential,4,15,8,2485.97,310.74625,3093,2010-03-15 13:39:00,2011-11-25 08:12:00,621,Recently Active
15118,United Kingdom,General,1,135,1,244.8,244.8,1440,2011-07-28 14:54:00,2011-07-28 14:54:00,1,Inactive >90 Days
15119,United Kingdom,General,1,246,1,266.4,266.4,88,2011-04-08 09:08:00,2011-04-08 09:08:00,1,Inactive >90 Days
15120,United Kingdom,General,1,134,1,358.82,358.82,296,2011-07-29 09:48:00,2011-07-29 09:48:00,1,Inactive >90 Days
15121,United Kingdom,Prospective,0,51,2,457.72,228.86,199,2011-02-24 12:41:00,2011-10-20 14:51:00,239,Recently Active
15122,United Kingdom,Potential,4,115,11,4487.27,407.9336363636364,2033,2010-03-30 14:05:00,2011-08-17 16:48:00,506,Inactive >90 Days
15123,United Kingdom,Potential,4,8,5,4656.17,931.234,2524,2010-03-16 09:49:00,2011-12-02 13:12:00,627,Recently Active
15124,United Kingdom,Prospective,0,23,4,450.82,112.705,462,2010-02-26 10:49:00,2011-11-17 10:09:00,630,Recently Active
15125,United Kingdom,Main,2,26,24,17024.87,709.3695833333333,8433,2010-03-31 13:29:00,2011-11-14 13:57:00,594,Recently Active
15126,United Kingdom,General,1,537,2,449.49,224.745,273,2010-01-21 17:09:00,2010-06-21 12:31:00,152,Inactive >90 Days
15127,United Kingdom,Prospective,0,66,2,711.5,355.75,464,2010-07-08 10:07:00,2011-10-05 10:30:00,455,Recently Active
15128,United Kingdom,Potential,4,61,5,1783.68,356.736,1583,2010-10-05 16:46:00,2011-10-10 13:54:00,371,Recently Active
15129,United Kingdom,Main,2,51,23,6860.18,298.2686956521739,4002,2010-04-08 17:15:00,2011-10-20 14:40:00,561,Recently Active
15130,United Kingdom,General,1,170,1,330.11,330.11,197,2011-06-23 10:15:00,2011-06-23 10:15:00,1,Inactive >90 Days
15131,United Kingdom,General,1,395,1,80.28,80.28,88,2010-11-10 12:07:00,2010-11-10 12:07:00,1,Inactive >90 Days
15132,United Kingdom,Potential,4,19,5,977.9300000000001,195.586,679,2011-03-22 12:02:00,2011-11-21 17:10:00,245,Recently Active
15133,United Kingdom,Minimum,3,128,5,1806.9,361.38,960,2010-07-07 12:31:00,2011-08-04 10:44:00,394,Inactive >90 Days
15134,United Kingdom,Potential,4,15,10,1596.29,159.629,1057,2010-10-13 12:44:00,2011-11-25 08:55:00,409,Recently Active
15135,United Kingdom,General,1,240,2,305.68,152.84,84,2010-06-01 13:33:00,2011-04-14 19:16:00,318,Inactive >90 Days
15136,United Kingdom,Prospective,0,3,4,1286.7,321.675,776,2011-09-04 16:05:00,2011-12-07 12:26:00,95,Recently Active
15137,United Kingdom,Minimum,3,521,2,823.4,411.7,596,2010-01-28 15:45:00,2010-07-07 09:41:00,161,Inactive >90 Days
15138,United Kingdom,General,1,394,1,502.52,502.52,300,2010-11-11 09:16:00,2010-11-11 09:16:00,1,Inactive >90 Days
15139,United Kingdom,General,1,240,2,178.96,89.48,208,2011-01-07 12:44:00,2011-04-14 11:39:00,98,Inactive >90 Days
15140,United Kingdom,Potential,4,53,8,3243.69,405.46125,2010,2010-09-23 13:07:00,2011-10-18 14:07:00,391,Recently Active
15141,United Kingdom,Minimum,3,458,7,1388.47,198.35285714285715,1197,2010-03-28 15:58:00,2010-09-08 11:33:00,165,Inactive >90 Days
15142,United Kingdom,Potential,4,47,6,2619.92,436.65333333333336,2155,2010-07-27 09:05:00,2011-10-24 12:51:00,455,Recently Active
15143,United Kingdom,Minimum,3,226,2,563.63,281.815,320,2010-10-03 13:58:00,2011-04-28 12:03:00,208,Inactive >90 Days
15144,United Kingdom,Main,2,9,29,12160.31,419.3210344827586,5251,2009-12-13 11:35:00,2011-12-01 15:12:00,719,Recently Active
15145,United Kingdom,Prospective,0,5,4,1194.73,298.6825,756,2011-04-05 15:20:00,2011-12-05 17:21:00,245,Recently Active
15146,United Kingdom,Minimum,3,165,2,1327.16,663.58,1473,2011-02-21 13:07:00,2011-06-28 12:09:00,128,Inactive >90 Days
15147,United Kingdom,General,1,241,1,623.5,623.5,366,2011-04-13 15:57:00,2011-04-13 15:57:00,1,Inactive >90 Days
15148,United Kingdom,Prospective,0,11,1,301.29,301.29,187,2011-11-29 08:21:00,2011-11-29 08:21:00,1,Recently Active
15149,United Kingdom,Minimum,3,134,4,1524.6100000000001,381.15250000000003,379,2010-02-28 11:13:00,2011-07-29 10:58:00,517,Inactive >90 Days
15150,United Kingdom,Main,2,18,13,8977.94,690.6107692307693,6167,2010-06-14 12:01:00,2011-11-22 12:52:00,527,Recently Active
15151,United Kingdom,Minimum,3,424,2,2085.61,1042.805,795,2010-07-18 12:19:00,2010-10-12 16:37:00,87,Inactive >90 Days
15152,United Kingdom,Main,2,10,14,5263.83,375.98785714285714,2994,2010-01-07 15:15:00,2011-11-30 12:32:00,693,Recently Active
15153,United Kingdom,Prospective,0,32,1,329.25,329.25,198,2011-11-08 17:09:00,2011-11-08 17:09:00,1,Recently Active
15154,United Kingdom,Minimum,3,76,3,1343.72,447.9066666666667,333,2010-08-18 17:41:00,2011-09-25 16:05:00,404,Recently Active
15155,United Kingdom,General,1,384,1,383.96999999999997,383.96999999999997,192,2010-11-21 12:59:00,2010-11-21 12:59:00,1,Inactive >90 Days
15156,United Kingdom,Prospective,0,2,3,961.49,320.49666666666667,597,2011-11-06 12:41:00,2011-12-08 18:22:00,33,Recently Active
15157,United Kingdom,Potential,4,4,5,2654.11,530.822,3466,2009-12-10 14:44:00,2011-12-06 11:28:00,727,Recently Active
15158,United Kingdom,Prospective,0,46,2,606.02,303.01,219,2010-11-03 13:46:00,2011-10-25 13:53:00,357,Recently Active
15159,United Kingdom,Main,2,2,34,22116.73,650.4920588235294,13512,2010-10-04 09:31:00,2011-12-08 12:05:00,431,Recently Active
15160,United Kingdom,Minimum,3,358,4,589.27,147.3175,307,2010-10-14 15:26:00,2010-12-17 14:15:00,65,Inactive >90 Days
15161,United Kingdom,General,1,389,1,119.92,119.92,144,2010-11-16 16:08:00,2010-11-16 16:08:00,1,Inactive >90 Days
15162,United Kingdom,General,1,732,1,312.9,312.9,74,2009-12-08 13:14:00,2009-12-08 13:14:00,1,Inactive >90 Days
15163,United Kingdom,Prospective,0,19,2,304.47,152.235,186,2011-05-31 15:22:00,2011-11-21 13:10:00,175,Recently Active
15164,United Kingdom,Potential,4,69,9,2028.1100000000001,225.34555555555556,912,2010-01-18 13:34:00,2011-10-02 12:05:00,623,Recently Active
15165,United Kingdom,General,1,374,1,487.75,487.75,160,2010-12-01 14:03:00,2010-12-01 14:03:00,1,Inactive >90 Days
15166,United Kingdom,General,1,468,1,167.16,167.16,140,2010-08-29 12:31:00,2010-08-29 12:31:00,1,Inactive >90 Days
15167,United Kingdom,Minimum,3,321,5,1627.62,325.524,863,2010-02-04 14:13:00,2011-01-23 12:41:00,354,Inactive >90 Days
15168,United Kingdom,Prospective,0,26,1,106.56,106.56,52,2011-11-14 11:26:00,2011-11-14 11:26:00,1,Recently Active
15169,United Kingdom,General,1,383,2,569.22,284.61,356,2009-12-13 11:16:00,2010-11-22 13:04:00,345,Inactive >90 Days
15170,United Kingdom,General,1,407,1,81.15,81.15,33,2010-10-29 10:34:00,2010-10-29 10:34:00,1,Inactive >90 Days
15171,United Kingdom,Minimum,3,332,1,1289.5,1289.5,290,2011-01-12 15:36:00,2011-01-12 15:36:00,1,Inactive >90 Days
15172,United Kingdom,Potential,4,9,5,1624.05,324.81,1611,2011-04-17 11:56:00,2011-12-01 11:51:00,229,Recently Active
15173,United Kingdom,Minimum,3,381,7,1494.6,213.5142857142857,840,2010-04-01 12:26:00,2010-11-24 10:21:00,238,Inactive >90 Days
15174,United Kingdom,General,1,323,2,481.46,240.73,382,2010-10-25 09:40:00,2011-01-21 09:06:00,89,Inactive >90 Days
15175,United Kingdom,Prospective,0,72,1,224.14,224.14,454,2011-09-29 11:31:00,2011-09-29 11:31:00,1,Recently Active
15176,United Kingdom,General,1,668,1,988.0400000000001,988.0400000000001,448,2010-02-10 10:36:00,2010-02-10 10:36:00,1,Inactive >90 Days
15177,United Kingdom,General,1,426,1,948.9300000000001,948.9300000000001,485,2010-10-10 12:48:00,2010-10-10 12:48:00,1,Inactive >90 Days
15178,United Kingdom,General,1,261,1,40.5,40.5,30,2011-03-24 15:12:00,2011-03-24 15:12:00,1,Inactive >90 Days
15179,United Kingdom,Potential,4,19,13,7491.92,576.3015384615385,5416,2009-12-03 12:27:00,2011-11-21 12:53:00,719,Recently Active
15180,United Kingdom,Minimum,3,368,3,816.9300000000001,272.31,654,2010-04-29 15:27:00,2010-12-07 14:57:00,223,Inactive >90 Days
15181,United Kingdom,Minimum,3,67,5,1200.2,240.04000000000002,688,2009-12-08 19:02:00,2011-10-04 13:58:00,666,Recently Active
15182,United Kingdom,Potential,4,155,11,2998.9500000000003,272.63181818181823,1184,2010-02-21 12:03:00,2011-07-08 13:37:00,503,Inactive >90 Days
15183,United Kingdom,Minimum,3,548,3,639.93,213.30999999999997,297,2010-05-04 11:31:00,2010-06-10 10:43:00,38,Inactive >90 Days
15184,United Kingdom,Prospective,0,30,4,685.39,171.3475,462,2009-12-16 12:06:00,2011-11-10 13:41:00,695,Recently Active
15185,United Kingdom,Prospective,0,71,1,310.62,310.62,666,2011-09-30 14:06:00,2011-09-30 14:06:00,1,Recently Active
15186,United Kingdom,Potential,4,15,5,1403.2,280.64,716,2010-01-12 10:14:00,2011-11-25 14:58:00,683,Recently Active
15187,United Kingdom,Main,2,2,15,4762.18,317.4786666666667,1886,2011-05-11 13:49:00,2011-12-08 11:56:00,212,Recently Active
15188,United Kingdom,General,1,726,1,310.43,310.43,233,2009-12-14 13:30:00,2009-12-14 13:30:00,1,Inactive >90 Days
15189,United Kingdom,Main,2,2,46,17524.38,380.96478260869566,6902,2010-07-18 13:37:00,2011-12-08 13:22:00,509,Recently Active
15190,United Kingdom,General,1,435,1,834.4399999999999,834.4399999999999,790,2010-10-01 13:09:00,2010-10-01 13:09:00,1,Inactive >90 Days
15191,United Kingdom,Minimum,3,464,3,588.05,196.01666666666665,287,2010-01-20 12:35:00,2010-09-02 15:37:00,226,Inactive >90 Days
15192,United Kingdom,Minimum,3,120,5,1666.39,333.278,1448,2010-01-29 10:13:00,2011-08-12 11:41:00,561,Inactive >90 Days
15193,United Kingdom,Prospective,0,61,1,499.32,499.32,144,2011-10-10 08:23:00,2011-10-10 08:23:00,1,Recently Active
15194,United Kingdom,Main,2,4,28,12021.53,429.34035714285716,8922,2009-12-03 10:37:00,2011-12-06 15:10:00,734,Recently Active
15195,United Kingdom,Prospective,0,3,1,3861.0,3861.0,1404,2011-12-07 12:20:00,2011-12-07 12:20:00,1,Recently Active
15196,United Kingdom,General,1,433,2,313.7,156.85,130,2009-12-13 11:14:00,2010-10-03 10:50:00,295,Inactive >90 Days
15197,United Kingdom,Potential,4,11,6,1877.51,312.91833333333335,1058,2009-12-11 12:56:00,2011-11-29 10:00:00,719,Recently Active
15198,United Kingdom,Minimum,3,93,5,571.35,114.27000000000001,327,2010-01-19 10:01:00,2011-09-08 14:42:00,598,Inactive >90 Days
15199,United Kingdom,Potential,4,60,10,3122.4,312.24,894,2010-05-13 10:14:00,2011-10-11 15:12:00,517,Recently Active
15200,United Kingdom,General,1,495,1,549.0500000000001,549.0500000000001,195,2010-08-02 09:38:00,2010-08-02 09:38:00,1,Inactive >90 Days
15201,United Kingdom,Potential,4,88,7,1842.95,263.2785714285714,1660,2010-04-07 14:50:00,2011-09-13 14:53:00,525,Recently Active
15203,United Kingdom,Potential,4,26,15,4400.18,293.3453333333334,4182,2009-12-08 18:06:00,2011-11-14 08:16:00,707,Recently Active
15204,United Kingdom,General,1,358,1,316.58,316.58,258,2010-12-17 13:49:00,2010-12-17 13:49:00,1,Inactive >90 Days
15205,United Kingdom,Prospective,0,86,2,653.24,326.62,378,2011-08-04 16:07:00,2011-09-15 19:36:00,43,Recently Active
15206,United Kingdom,Prospective,0,11,4,420.3,105.075,162,2011-03-09 08:59:00,2011-11-29 13:41:00,266,Recently Active
15207,United Kingdom,Minimum,3,417,3,683.92,227.97333333333333,428,2010-06-10 17:29:00,2010-10-19 13:29:00,132,Inactive >90 Days
15208,United Kingdom,Potential,4,2,6,970.52,161.75333333333333,356,2010-10-12 12:17:00,2011-12-08 17:24:00,423,Recently Active
15209,United Kingdom,General,1,731,1,178.98000000000002,178.98000000000002,94,2009-12-09 17:26:00,2009-12-09 17:26:00,1,Inactive >90 Days
15210,United Kingdom,Minimum,3,226,3,1176.19,392.06333333333333,841,2010-05-13 14:42:00,2011-04-28 16:11:00,351,Inactive >90 Days
15211,United Kingdom,Prospective,0,61,2,894.4100000000001,447.20500000000004,240,2010-12-09 16:08:00,2011-10-10 13:31:00,306,Recently Active
15212,United Kingdom,General,1,242,2,208.28,104.14,84,2010-11-28 10:45:00,2011-04-12 13:45:00,136,Inactive >90 Days
15213,United Kingdom,General,1,319,2,328.35,164.175,272,2011-01-14 11:05:00,2011-01-25 12:21:00,12,Inactive >90 Days
15214,United Kingdom,Potential,4,2,8,1661.44,207.68,1254,2011-04-11 09:46:00,2011-12-08 12:07:00,242,Recently Active
15215,United Kingdom,Potential,4,47,7,2422.4300000000003,346.0614285714286,776,2010-04-06 11:21:00,2011-10-24 11:41:00,567,Recently Active
15216,United Kingdom,Prospective,0,88,2,486.09000000000003,243.04500000000002,217,2010-03-31 09:52:00,2011-09-13 11:41:00,532,Recently Active
15217,United Kingdom,General,1,564,1,426.24,426.24,190,2010-05-25 13:51:00,2010-05-25 13:51:00,1,Inactive >90 Days
15218,United Kingdom,Main,2,11,22,11453.83,520.6286363636364,6518,2010-01-26 11:33:00,2011-11-29 11:48:00,673,Recently Active
15219,United Kingdom,Minimum,3,177,2,685.45,342.725,271,2010-03-01 11:33:00,2011-06-16 16:57:00,473,Inactive >90 Days
15220,United Kingdom,Potential,4,52,6,1778.96,296.49333333333334,1393,2011-03-04 10:24:00,2011-10-19 12:39:00,230,Recently Active
15221,United Kingdom,Minimum,3,367,4,2062.2,515.55,244,2010-03-12 10:40:00,2010-12-08 13:08:00,272,Inactive >90 Days
15222,United Kingdom,Minimum,3,319,11,3550.91,322.81,4458,2009-12-16 13:49:00,2011-01-25 08:03:00,406,Inactive >90 Days
15223,United Kingdom,Minimum,3,226,5,1417.95,283.59000000000003,385,2009-12-05 11:19:00,2011-04-28 11:31:00,510,Inactive >90 Days
15224,United Kingdom,Minimum,3,359,5,871.36,174.272,443,2010-01-15 16:14:00,2010-12-16 15:02:00,336,Inactive >90 Days
15225,United Kingdom,General,1,235,1,409.40000000000003,409.40000000000003,226,2011-04-19 14:51:00,2011-04-19 14:51:00,1,Inactive >90 Days
15226,United Kingdom,General,1,311,1,154.41,154.41,71,2011-02-02 11:41:00,2011-02-02 11:41:00,1,Inactive >90 Days
15227,United Kingdom,Potential,4,37,9,2488.4900000000002,276.4988888888889,1217,2010-03-16 08:23:00,2011-11-03 11:59:00,598,Recently Active
15228,United Kingdom,Potential,4,67,6,5580.27,930.0450000000001,3375,2010-07-28 10:21:00,2011-10-04 13:56:00,434,Recently Active
15229,United Kingdom,General,1,587,1,160.5,160.5,114,2010-05-02 13:50:00,2010-05-02 13:50:00,1,Inactive >90 Days
15230,United Kingdom,General,1,240,2,429.6,214.8,351,2011-04-13 11:04:00,2011-04-14 14:39:00,2,Inactive >90 Days
15231,United Kingdom,General,1,622,1,250.26000000000002,250.26000000000002,190,2010-03-28 15:12:00,2010-03-28 15:12:00,1,Inactive >90 Days
15232,United Kingdom,Minimum,3,114,2,612.06,306.03,686,2011-07-22 12:21:00,2011-08-18 16:27:00,28,Inactive >90 Days
15233,United Kingdom,General,1,402,1,59.400000000000006,59.400000000000006,12,2010-11-03 13:36:00,2010-11-03 13:36:00,1,Inactive >90 Days
15234,United Kingdom,General,1,277,1,197.0,197.0,196,2011-03-08 08:53:00,2011-03-08 08:53:00,1,Inactive >90 Days
15235,United Kingdom,Potential,4,218,16,2772.76,173.2975,1676,2010-11-16 12:48:00,2011-05-06 09:44:00,172,Inactive >90 Days
15236,United Kingdom,General,1,299,1,321.05,321.05,269,2011-02-14 10:52:00,2011-02-14 10:52:00,1,Inactive >90 Days
15237,United Kingdom,Potential,4,2,4,1412.32,353.08,1071,2011-04-26 15:04:00,2011-12-08 09:46:00,227,Recently Active
15238,United Kingdom,Prospective,0,30,3,1071.99,357.33,692,2011-06-08 16:00:00,2011-11-10 14:28:00,156,Recently Active
15239,United Kingdom,Prospective,0,11,2,780.59,390.295,594,2011-09-22 09:53:00,2011-11-29 14:14:00,69,Recently Active
15240,United Kingdom,Potential,4,45,12,4459.9800000000005,371.665,3214,2009-12-05 14:57:00,2011-10-26 09:50:00,691,Recently Active
15241,United Kingdom,Potential,4,67,11,3050.16,277.2872727272727,3328,2010-02-23 13:59:00,2011-10-04 09:05:00,589,Recently Active
15242,United Kingdom,General,1,423,1,302.04,302.04,196,2010-10-13 15:33:00,2010-10-13 15:33:00,1,Inactive >90 Days
15243,United Kingdom,Prospective,0,75,2,927.28,463.64,543,2010-09-30 17:28:00,2011-09-26 14:12:00,362,Recently Active
15244,United Kingdom,Prospective,0,66,3,912.08,304.0266666666667,472,2010-02-11 14:48:00,2011-10-05 13:19:00,602,Recently Active
15245,United Kingdom,Potential,4,135,8,4610.84,576.355,3021,2010-04-23 14:23:00,2011-07-28 18:56:00,462,Inactive >90 Days
15246,United Kingdom,Minimum,3,239,3,780.4,260.1333333333333,359,2010-06-02 11:28:00,2011-04-15 14:45:00,318,Inactive >90 Days
15247,United Kingdom,Minimum,3,123,3,976.06,325.3533333333333,514,2010-06-20 14:08:00,2011-08-09 12:52:00,416,Inactive >90 Days
15248,United Kingdom,Minimum,3,412,3,1893.93,631.3100000000001,1065,2010-06-23 14:34:00,2010-10-24 13:09:00,124,Inactive >90 Days
15249,United Kingdom,Main,2,32,18,9266.0,514.7777777777778,4980,2010-03-26 14:51:00,2011-11-08 11:45:00,593,Recently Active
15250,United Kingdom,General,1,641,1,60.0,60.0,48,2010-03-09 07:35:00,2010-03-09 07:35:00,1,Inactive >90 Days
15251,United Kingdom,Main,2,10,21,20324.54,967.8352380952381,12108,2010-01-29 12:42:00,2011-11-30 15:02:00,671,Recently Active
15252,United Kingdom,Potential,4,37,5,2103.41,420.68199999999996,1430,2010-04-07 10:24:00,2011-11-03 13:30:00,576,Recently Active
15253,United Kingdom,Potential,4,17,8,2055.09,256.88625,1588,2010-05-02 11:17:00,2011-11-23 16:22:00,571,Recently Active
15254,United Kingdom,Minimum,3,128,3,1088.35,362.7833333333333,711,2010-05-28 10:08:00,2011-08-04 15:04:00,434,Inactive >90 Days
15255,United Kingdom,Potential,4,67,9,3706.02,411.78,2214,2009-12-03 09:10:00,2011-10-04 12:43:00,671,Recently Active
15256,United Kingdom,General,1,149,2,170.4,85.2,92,2010-05-27 11:41:00,2011-07-14 11:47:00,414,Inactive >90 Days
15257,United Kingdom,Minimum,3,284,2,685.9,342.95,71,2010-10-21 14:03:00,2011-03-01 12:58:00,132,Inactive >90 Days
15258,United Kingdom,Minimum,3,169,2,623.16,311.58,142,2011-05-06 14:16:00,2011-06-24 12:30:00,50,Inactive >90 Days
15259,United Kingdom,Minimum,3,513,4,1182.3799999999999,295.59499999999997,631,2010-01-26 09:41:00,2010-07-15 08:47:00,171,Inactive >90 Days
15260,United Kingdom,Main,2,101,25,8767.73,350.7092,4468,2009-12-06 11:45:00,2011-08-31 13:55:00,634,Inactive >90 Days
15261,United Kingdom,Minimum,3,136,4,1508.0,377.0,806,2010-10-01 11:59:00,2011-07-27 15:20:00,300,Inactive >90 Days
15262,United Kingdom,Minimum,3,324,3,418.82,139.60666666666665,218,2010-08-08 15:55:00,2011-01-20 12:16:00,166,Inactive >90 Days
15263,United Kingdom,General,1,107,1,156.51,156.51,89,2011-08-25 10:26:00,2011-08-25 10:26:00,1,Inactive >90 Days
15264,United Kingdom,Prospective,0,65,2,848.4,424.2,443,2010-06-27 13:29:00,2011-10-06 13:49:00,467,Recently Active
15265,United Kingdom,Minimum,3,152,4,3345.64,836.41,1570,2009-12-01 17:08:00,2011-07-11 14:46:00,588,Inactive >90 Days
15266,United Kingdom,Minimum,3,339,5,852.21,170.442,236,2010-01-07 12:19:00,2011-01-05 13:40:00,364,Inactive >90 Days
15267,United Kingdom,Potential,4,23,5,1717.36,343.472,944,2011-06-10 10:24:00,2011-11-17 15:59:00,161,Recently Active
15268,United Kingdom,Minimum,3,479,3,961.9000000000001,320.6333333333334,428,2010-04-13 11:27:00,2010-08-18 10:33:00,128,Inactive >90 Days
15269,United Kingdom,Prospective,0,24,3,1225.3600000000001,408.4533333333334,372,2010-11-14 12:58:00,2011-11-16 09:32:00,368,Recently Active
15270,United Kingdom,Main,2,16,21,8524.86,405.9457142857143,4010,2009-12-17 15:02:00,2011-11-24 09:24:00,708,Recently Active
15271,United Kingdom,Main,2,8,24,4528.54,188.68916666666667,2412,2010-08-05 14:57:00,2011-12-02 14:11:00,485,Recently Active
15272,United Kingdom,Potential,4,58,6,2030.95,338.4916666666667,665,2010-02-14 13:39:00,2011-10-13 12:59:00,607,Recently Active
15273,United Kingdom,General,1,600,1,228.96,228.96,216,2010-04-19 11:31:00,2010-04-19 11:31:00,1,Inactive >90 Days
15274,United Kingdom,Prospective,0,5,2,716.57,358.285,619,2011-11-21 14:17:00,2011-12-05 16:57:00,15,Recently Active
15275,United Kingdom,Prospective,0,38,1,615.14,615.14,498,2011-11-02 11:20:00,2011-11-02 11:20:00,1,Recently Active
15276,United Kingdom,Prospective,0,67,4,619.8,154.95,317,2010-10-01 12:24:00,2011-10-04 16:39:00,369,Recently Active
15277,United Kingdom,Prospective,0,47,2,476.34000000000003,238.17000000000002,373,2010-10-10 16:02:00,2011-10-24 10:08:00,380,Recently Active
15278,United Kingdom,Minimum,3,562,4,496.16,124.04,458,2010-02-12 14:53:00,2010-05-27 10:03:00,105,Inactive >90 Days
15279,United Kingdom,Minimum,3,355,5,1580.54,316.108,802,2010-02-02 10:15:00,2010-12-20 10:48:00,322,Inactive >90 Days
15280,United Kingdom,Minimum,3,173,3,397.52,132.50666666666666,507,2010-05-17 14:17:00,2011-06-20 17:14:00,400,Inactive >90 Days
15281,United Kingdom,Potential,4,59,16,8543.57,533.973125,5233,2010-10-08 12:14:00,2011-10-12 09:10:00,370,Recently Active
15282,United Kingdom,General,1,571,1,348.59,348.59,395,2010-05-18 16:27:00,2010-05-18 16:27:00,1,Inactive >90 Days
15283,United Kingdom,General,1,391,3,148.32999999999998,49.44333333333333,27,2010-07-09 15:46:00,2010-11-14 14:54:00,129,Inactive >90 Days
15284,United Kingdom,General,1,501,1,24.75,24.75,5,2010-07-27 13:25:00,2010-07-27 13:25:00,1,Inactive >90 Days
15285,United Kingdom,General,1,408,1,94.92,94.92,120,2010-10-28 09:46:00,2010-10-28 09:46:00,1,Inactive >90 Days
15286,United Kingdom,Prospective,0,50,1,240.55,240.55,55,2011-10-21 11:08:00,2011-10-21 11:08:00,1,Recently Active
15287,United Kingdom,Prospective,0,23,5,856.03,171.206,1010,2009-12-02 12:13:00,2011-11-17 15:34:00,716,Recently Active
15288,United Kingdom,Potential,4,44,10,3706.53,370.653,1333,2010-02-12 15:27:00,2011-10-27 16:58:00,623,Recently Active
15289,United Kingdom,Potential,4,30,5,1593.09,318.618,1627,2010-03-28 11:45:00,2011-11-10 13:49:00,593,Recently Active
15290,United Kingdom,Main,2,5,26,10496.28,403.70307692307694,6567,2010-02-24 10:15:00,2011-12-05 11:39:00,650,Recently Active
15291,United Kingdom,Main,2,26,39,13472.76,345.4553846153846,4904,2009-12-03 11:09:00,2011-11-14 11:02:00,712,Recently Active
15292,United Kingdom,General,1,202,1,178.39,178.39,55,2011-05-22 15:00:00,2011-05-22 15:00:00,1,Inactive >90 Days
15293,United Kingdom,General,1,666,1,247.5,247.5,178,2010-02-12 11:54:00,2010-02-12 11:54:00,1,Inactive >90 Days
15294,United Kingdom,General,1,411,1,233.35,233.35,97,2010-10-25 11:45:00,2010-10-25 11:45:00,1,Inactive >90 Days
15295,United Kingdom,General,1,655,1,207.04,207.04,139,2010-02-23 13:03:00,2010-02-23 13:03:00,1,Inactive >90 Days
15296,United Kingdom,Potential,4,51,12,10323.03,860.2525,5452,2010-01-21 13:48:00,2011-10-20 11:47:00,638,Recently Active
15297,United Kingdom,Prospective,0,11,3,641.94,213.98000000000002,292,2011-10-07 09:42:00,2011-11-29 16:32:00,54,Recently Active
15298,United Kingdom,Main,2,3,23,9061.77,393.99,6000,2009-12-08 17:04:00,2011-12-07 17:17:00,730,Recently Active
15299,United Kingdom,Potential,4,68,9,5556.53,617.3922222222222,3355,2010-01-12 11:34:00,2011-10-03 14:19:00,630,Recently Active
15300,United Kingdom,Prospective,0,65,1,496.44,496.44,292,2011-10-06 17:08:00,2011-10-06 17:08:00,1,Recently Active
15301,United Kingdom,Potential,4,51,17,6909.67,406.4511764705882,3763,2010-09-15 15:41:00,2011-10-20 09:57:00,401,Recently Active
15302,United Kingdom,General,1,731,1,308.0,308.0,102,2009-12-09 13:11:00,2009-12-09 13:11:00,1,Inactive >90 Days
15303,United Kingdom,Minimum,3,291,3,1224.18,408.06,514,2010-01-25 09:42:00,2011-02-22 13:59:00,394,Inactive >90 Days
15304,United Kingdom,Potential,4,61,9,796.4,88.48888888888888,112,2010-10-14 10:24:00,2011-10-10 10:23:00,362,Recently Active
15305,United Kingdom,General,1,556,1,93.6,93.6,40,2010-06-02 13:50:00,2010-06-02 13:50:00,1,Inactive >90 Days
15306,United Kingdom,Potential,4,65,9,3484.73,387.1922222222222,3074,2010-02-18 17:12:00,2011-10-06 12:56:00,596,Recently Active
15307,United Kingdom,General,1,96,1,205.3,205.3,37,2011-09-05 11:38:00,2011-09-05 11:38:00,1,Inactive >90 Days
15308,United Kingdom,General,1,275,1,310.47,310.47,175,2011-03-10 13:08:00,2011-03-10 13:08:00,1,Inactive >90 Days
15309,United Kingdom,Minimum,3,611,4,797.96,199.49,440,2009-12-04 13:01:00,2010-04-08 11:11:00,126,Inactive >90 Days
15310,United Kingdom,Minimum,3,479,1,1634.64,1634.64,1476,2010-08-18 11:38:00,2010-08-18 11:38:00,1,Inactive >90 Days
15311,United Kingdom,Main,2,1,207,114671.42,553.9682125603865,69908,2009-12-01 11:21:00,2011-12-09 12:00:00,739,Recently Active
15312,United Kingdom,Potential,4,76,12,2930.19,244.1825,1693,2009-12-16 09:23:00,2011-09-25 13:10:00,649,Recently Active
15313,United Kingdom,General,1,111,1,52.0,52.0,25,2011-08-21 16:02:00,2011-08-21 16:02:00,1,Inactive >90 Days
15314,United Kingdom,Minimum,3,200,3,820.45,273.48333333333335,750,2010-10-07 15:41:00,2011-05-24 14:39:00,230,Inactive >90 Days
15315,United Kingdom,Prospective,0,65,2,570.5,285.25,862,2011-08-15 15:17:00,2011-10-06 12:51:00,53,Recently Active
15316,United Kingdom,General,1,327,1,165.0,165.0,100,2011-01-17 11:34:00,2011-01-17 11:34:00,1,Inactive >90 Days
15317,United Kingdom,General,1,678,1,129.75,129.75,45,2010-01-31 15:55:00,2010-01-31 15:55:00,1,Inactive >90 Days
15318,United Kingdom,Prospective,0,4,1,312.62,312.62,642,2011-12-06 11:30:00,2011-12-06 11:30:00,1,Recently Active
15319,United Kingdom,General,1,284,1,204.5,204.5,175,2011-03-01 12:48:00,2011-03-01 12:48:00,1,Inactive >90 Days
15320,United Kingdom,Prospective,0,45,1,267.13,267.13,326,2011-10-26 13:27:00,2011-10-26 13:27:00,1,Recently Active
15321,United Kingdom,Potential,4,71,12,6709.7300000000005,559.1441666666667,3653,2010-02-03 09:47:00,2011-09-30 09:40:00,605,Recently Active
15322,United Kingdom,Minimum,3,86,2,1390.86,695.43,971,2010-08-20 13:10:00,2011-09-15 09:34:00,392,Recently Active
15323,United Kingdom,General,1,563,3,434.6,144.86666666666667,188,2010-02-16 09:21:00,2010-05-26 10:01:00,100,Inactive >90 Days
15324,United Kingdom,General,1,702,1,140.22000000000003,140.22000000000003,74,2010-01-07 14:37:00,2010-01-07 14:37:00,1,Inactive >90 Days
15325,United Kingdom,Potential,4,104,8,1601.46,200.1825,1382,2010-02-16 13:30:00,2011-08-28 11:55:00,559,Inactive >90 Days
15326,United Kingdom,Minimum,3,334,5,1700.52,340.104,1351,2009-12-01 13:19:00,2011-01-10 11:38:00,406,Inactive >90 Days
15327,United Kingdom,Prospective,0,53,1,208.75,208.75,116,2011-10-18 11:55:00,2011-10-18 11:55:00,1,Recently Active
15328,United Kingdom,General,1,408,1,107.24,107.24,88,2010-10-28 09:05:00,2010-10-28 09:05:00,1,Inactive >90 Days
15329,United Kingdom,Potential,4,40,11,2958.83,268.98454545454547,1217,2009-12-14 12:18:00,2011-10-31 15:36:00,687,Recently Active
15330,United Kingdom,Prospective,0,33,2,714.9599999999999,357.47999999999996,1312,2011-10-10 12:30:00,2011-11-07 17:50:00,29,Recently Active
15331,United Kingdom,Minimum,3,500,3,767.91,255.97,701,2010-04-09 14:26:00,2010-07-28 09:42:00,111,Inactive >90 Days
15332,Lithuania,Minimum,3,367,6,4892.68,815.4466666666667,2306,2010-07-14 13:01:00,2010-12-08 14:43:00,148,Inactive >90 Days
15333,United Kingdom,Minimum,3,209,1,1028.56,1028.56,344,2011-05-15 13:27:00,2011-05-15 13:27:00,1,Inactive >90 Days
15334,United Kingdom,Minimum,3,157,3,347.87,115.95666666666666,272,2011-06-19 13:51:00,2011-07-06 11:22:00,18,Inactive >90 Days
15335,United Kingdom,Prospective,0,54,1,170.22,170.22,79,2011-10-17 12:50:00,2011-10-17 12:50:00,1,Recently Active
15336,United Kingdom,General,1,402,1,240.5,240.5,84,2010-11-03 12:39:00,2010-11-03 12:39:00,1,Inactive >90 Days
15337,United Kingdom,General,1,412,1,373.02,373.02,200,2010-10-24 15:29:00,2010-10-24 15:29:00,1,Inactive >90 Days
15338,United Kingdom,General,1,678,1,277.93,277.93,148,2010-01-31 14:25:00,2010-01-31 14:25:00,1,Inactive >90 Days
15339,United Kingdom,Potential,4,67,7,1821.02,260.1457142857143,1138,2010-02-08 13:38:00,2011-10-04 12:51:00,604,Recently Active
15340,United Kingdom,General,1,562,1,105.5,105.5,76,2010-05-27 10:27:00,2010-05-27 10:27:00,1,Inactive >90 Days
15341,United Kingdom,Minimum,3,81,2,2402.72,1201.36,1008,2010-09-16 16:41:00,2011-09-20 09:40:00,370,Recently Active
15342,United Kingdom,General,1,130,1,406.09000000000003,406.09000000000003,283,2011-08-02 10:19:00,2011-08-02 10:19:00,1,Inactive >90 Days
15343,United Kingdom,Prospective,0,88,1,364.5,364.5,84,2011-09-13 13:55:00,2011-09-13 13:55:00,1,Recently Active
15344,United Kingdom,Prospective,0,1,3,563.94,187.98000000000002,116,2011-09-26 14:48:00,2011-12-09 10:45:00,75,Recently Active
15345,United Kingdom,Prospective,0,46,1,393.54,393.54,81,2011-10-25 11:28:00,2011-10-25 11:28:00,1,Recently Active
15346,United Kingdom,Minimum,3,333,3,596.12,198.70666666666668,260,2010-10-04 15:11:00,2011-01-11 11:18:00,100,Inactive >90 Days
15347,United Kingdom,Minimum,3,367,4,1162.0,290.5,542,2010-09-28 12:50:00,2010-12-08 15:25:00,72,Inactive >90 Days
15348,United Kingdom,General,1,73,1,158.04,158.04,84,2011-09-28 13:17:00,2011-09-28 13:17:00,1,Recently Active
15349,United Kingdom,General,1,159,2,463.91,231.955,321,2011-06-05 15:46:00,2011-07-04 16:06:00,30,Inactive >90 Days
15350,United Kingdom,General,1,374,2,547.6,273.8,272,2010-11-21 15:14:00,2010-12-01 13:33:00,11,Inactive >90 Days
15351,United Kingdom,Potential,4,13,10,3430.22,343.022,1350,2010-10-03 12:18:00,2011-11-27 12:52:00,421,Recently Active
15352,United Kingdom,General,1,549,1,111.15,111.15,40,2010-06-09 11:28:00,2010-06-09 11:28:00,1,Inactive >90 Days
15353,United Kingdom,Minimum,3,255,7,2794.47,399.21,1391,2009-12-02 11:33:00,2011-03-30 12:15:00,484,Inactive >90 Days
15355,United Kingdom,Prospective,0,30,2,277.05,138.525,45,2011-10-17 15:22:00,2011-11-10 13:44:00,25,Recently Active
15356,United Kingdom,Potential,4,32,13,3239.57,249.1976923076923,1892,2010-10-13 13:12:00,2011-11-08 13:11:00,392,Recently Active
15358,United Kingdom,Main,2,5,42,16425.86,391.0919047619048,14902,2009-12-07 12:19:00,2011-12-05 09:04:00,729,Recently Active
15359,United Kingdom,Minimum,3,663,8,181.35,22.66875,145,2010-01-15 11:30:00,2010-02-15 10:47:00,32,Inactive >90 Days
15360,United Kingdom,Prospective,0,40,1,427.93,427.93,223,2011-10-31 09:35:00,2011-10-31 09:35:00,1,Recently Active
15361,United Kingdom,Minimum,3,362,4,689.07,172.2675,373,2010-06-14 13:27:00,2010-12-13 09:52:00,183,Inactive >90 Days
15362,United Kingdom,General,1,449,2,613.08,306.54,368,2009-12-01 09:08:00,2010-09-17 10:37:00,291,Inactive >90 Days
15363,United Kingdom,Minimum,3,373,2,678.11,339.055,383,2010-08-04 08:41:00,2010-12-02 12:28:00,121,Inactive >90 Days
15364,United Kingdom,Minimum,3,96,2,913.19,456.595,493,2011-03-30 13:39:00,2011-09-05 09:46:00,160,Inactive >90 Days
15365,United Kingdom,Potential,4,26,13,4557.13,350.54846153846154,2131,2010-02-04 16:43:00,2011-11-14 08:29:00,649,Recently Active
15366,United Kingdom,Potential,4,76,7,2389.08,341.29714285714283,2447,2010-02-26 10:10:00,2011-09-25 15:01:00,577,Recently Active
15367,United Kingdom,Potential,4,58,11,5081.33,461.9390909090909,2944,2009-12-10 14:20:00,2011-10-13 14:13:00,673,Recently Active
15368,United Kingdom,Prospective,0,22,2,722.74,361.37,406,2010-11-10 15:52:00,2011-11-18 14:42:00,374,Recently Active
15369,United Kingdom,Minimum,3,493,11,6251.26,568.2963636363637,3288,2009-12-08 07:43:00,2010-08-04 13:54:00,240,Inactive >90 Days
15370,United Kingdom,Potential,4,41,8,3739.01,467.37625,1397,2010-10-25 12:08:00,2011-10-30 10:58:00,371,Recently Active
15371,United Kingdom,General,1,663,1,59.400000000000006,59.400000000000006,12,2010-02-15 13:14:00,2010-02-15 13:14:00,1,Inactive >90 Days
15372,United Kingdom,Potential,4,138,8,6017.0599999999995,752.1324999999999,6410,2010-02-14 11:24:00,2011-07-25 16:39:00,527,Inactive >90 Days
15373,United Kingdom,Potential,4,9,17,3084.54,181.4435294117647,726,2010-05-02 11:57:00,2011-12-01 15:05:00,579,Recently Active
15374,United Kingdom,General,1,129,2,307.32,153.66,290,2010-03-25 12:03:00,2011-08-03 09:59:00,497,Inactive >90 Days
15375,United Kingdom,General,1,691,1,60.959999999999994,60.959999999999994,84,2010-01-18 15:38:00,2010-01-18 15:38:00,1,Inactive >90 Days
15376,United Kingdom,Prospective,0,41,3,1221.56,407.18666666666667,615,2011-05-01 13:45:00,2011-10-30 15:04:00,183,Recently Active
15377,United Kingdom,Minimum,3,383,4,1211.75,302.9375,253,2010-10-20 11:42:00,2010-11-22 08:55:00,34,Inactive >90 Days
15378,United Kingdom,General,1,463,2,246.5,123.25,130,2010-07-26 08:47:00,2010-09-03 11:30:00,40,Inactive >90 Days
15379,United Kingdom,Potential,4,170,8,4877.84,609.73,3000,2010-11-04 11:59:00,2011-06-23 13:13:00,232,Inactive >90 Days
15380,United Kingdom,Potential,4,9,11,3248.96,295.36,954,2009-12-01 13:50:00,2011-12-01 12:13:00,731,Recently Active
15381,United Kingdom,Minimum,3,214,5,1890.57,378.114,802,2010-05-05 14:35:00,2011-05-10 11:55:00,371,Inactive >90 Days
15382,United Kingdom,Main,2,15,12,13733.550000000001,1144.4625,9178,2009-12-04 14:13:00,2011-11-25 10:58:00,722,Recently Active
15384,United Kingdom,Minimum,3,170,4,2027.79,506.9475,1767,2010-04-26 12:38:00,2011-06-23 10:57:00,424,Inactive >90 Days
15385,United Kingdom,Prospective,0,41,3,942.08,314.0266666666667,428,2010-01-31 13:02:00,2011-10-30 15:11:00,638,Recently Active
15386,United Kingdom,General,1,187,1,394.14,394.14,446,2011-06-06 13:47:00,2011-06-06 13:47:00,1,Inactive >90 Days
15387,United Kingdom,General,1,493,1,468.65,468.65,335,2010-08-04 16:05:00,2010-08-04 16:05:00,1,Inactive >90 Days
15388,Canada,General,1,271,1,140.54,140.54,88,2011-03-14 13:53:00,2011-03-14 13:53:00,1,Inactive >90 Days
15389,United Kingdom,Minimum,3,173,5,2733.8,546.76,3940,2010-01-27 12:44:00,2011-06-20 16:18:00,510,Inactive >90 Days
15390,Canada,Minimum,3,397,2,1216.66,608.33,894,2010-10-26 17:23:00,2010-11-08 15:19:00,14,Inactive >90 Days
15391,United Kingdom,General,1,585,1,289.87,289.87,109,2010-05-04 15:04:00,2010-05-04 15:04:00,1,Inactive >90 Days
15392,United Kingdom,Potential,4,5,7,2911.62,415.94571428571425,2144,2010-10-04 12:50:00,2011-12-05 11:01:00,428,Recently Active
15393,United Kingdom,Prospective,0,17,5,891.34,178.268,378,2009-12-15 17:56:00,2011-11-23 16:48:00,709,Recently Active
15394,United Kingdom,Potential,4,10,11,5286.8,480.6181818181818,2372,2009-12-15 19:05:00,2011-11-30 11:49:00,716,Recently Active
15395,United Kingdom,General,1,326,1,107.45,107.45,17,2011-01-18 12:40:00,2011-01-18 12:40:00,1,Inactive >90 Days
15396,United Kingdom,Minimum,3,113,2,796.38,398.19,278,2010-05-05 09:04:00,2011-08-19 10:56:00,472,Inactive >90 Days
15397,United Kingdom,General,1,290,1,94.0,94.0,20,2011-02-23 09:25:00,2011-02-23 09:25:00,1,Inactive >90 Days
15398,United Kingdom,Prospective,0,17,2,1345.53,672.765,769,2011-09-22 14:56:00,2011-11-23 16:47:00,63,Recently Active
15399,United Kingdom,Prospective,0,2,3,815.77,271.92333333333335,611,2011-09-21 15:57:00,2011-12-08 13:04:00,79,Recently Active
15400,United Kingdom,Potential,4,93,8,1302.3,162.7875,662,2010-05-28 08:33:00,2011-09-08 13:57:00,469,Inactive >90 Days
15401,United Kingdom,General,1,453,2,216.95,108.475,93,2010-05-20 10:56:00,2010-09-13 13:42:00,117,Inactive >90 Days
15402,United Kingdom,Minimum,3,149,6,1830.1200000000001,305.02000000000004,2033,2010-04-27 12:12:00,2011-07-14 12:17:00,444,Inactive >90 Days
15403,United Kingdom,General,1,492,2,170.88,85.44,492,2009-12-09 12:45:00,2010-08-05 12:21:00,240,Inactive >90 Days
15404,United Kingdom,General,1,376,1,257.06,257.06,334,2010-11-29 11:03:00,2010-11-29 11:03:00,1,Inactive >90 Days
15405,United Kingdom,Minimum,3,190,2,659.84,329.92,348,2010-05-12 15:56:00,2011-06-03 14:44:00,388,Inactive >90 Days
15406,United Kingdom,Prospective,0,32,4,975.87,243.9675,547,2010-09-12 13:06:00,2011-11-08 13:22:00,423,Recently Active
15407,United Kingdom,Prospective,0,34,4,1046.74,261.685,552,2011-02-07 13:18:00,2011-11-06 11:55:00,273,Recently Active
15408,United Kingdom,General,1,265,1,267.18,267.18,106,2011-03-20 15:02:00,2011-03-20 15:02:00,1,Inactive >90 Days
15409,United Kingdom,General,1,722,1,131.25,131.25,59,2009-12-18 15:35:00,2009-12-18 15:35:00,1,Inactive >90 Days
15410,United Kingdom,Potential,4,85,10,4685.72,468.572,1902,2010-04-19 08:57:00,2011-09-16 14:47:00,516,Recently Active
15411,United Kingdom,Prospective,0,27,4,1348.93,337.2325,529,2011-06-10 12:30:00,2011-11-13 15:19:00,157,Recently Active
15412,United Kingdom,General,1,172,1,190.53,190.53,108,2011-06-21 15:24:00,2011-06-21 15:24:00,1,Inactive >90 Days
15413,United Kingdom,Minimum,3,692,5,6798.72,1359.7440000000001,2694,2009-12-01 10:18:00,2010-01-17 11:33:00,48,Inactive >90 Days
15414,United Kingdom,Prospective,0,10,3,774.9000000000001,258.3,443,2011-04-11 13:45:00,2011-11-30 09:50:00,234,Recently Active
15415,United Kingdom,General,1,314,1,559.61,559.61,551,2011-01-30 14:13:00,2011-01-30 14:13:00,1,Inactive >90 Days
15416,United Kingdom,Potential,4,65,7,4572.82,653.26,2420,2010-02-01 11:55:00,2011-10-06 09:38:00,613,Recently Active
15417,United Kingdom,Prospective,0,86,1,508.8,508.8,284,2011-09-15 15:26:00,2011-09-15 15:26:00,1,Recently Active
15418,United Kingdom,General,1,426,2,449.42,224.71,264,2010-05-02 11:31:00,2010-10-10 13:38:00,162,Inactive >90 Days
15419,United Kingdom,Prospective,0,25,1,135.86,135.86,230,2011-11-15 09:23:00,2011-11-15 09:23:00,1,Recently Active
15420,United Kingdom,Minimum,3,435,6,743.0,123.83333333333333,844,2009-12-05 13:29:00,2010-10-01 15:46:00,301,Inactive >90 Days
15421,United Kingdom,Potential,4,59,10,3805.34,380.534,1927,2009-12-07 15:10:00,2011-10-12 09:20:00,675,Recently Active
15422,United Kingdom,Minimum,3,324,7,1619.97,231.42428571428573,710,2010-02-07 11:52:00,2011-01-20 16:17:00,348,Inactive >90 Days
15423,United Kingdom,Prospective,0,39,3,266.89,88.96333333333332,198,2010-03-28 13:42:00,2011-11-01 14:01:00,584,Recently Active
15424,United Kingdom,Minimum,3,255,3,597.78,199.26,873,2010-09-02 17:17:00,2011-03-30 13:02:00,210,Inactive >90 Days
15425,United Kingdom,Minimum,3,401,4,1941.1200000000001,485.28000000000003,1041,2010-02-14 12:36:00,2010-11-04 18:13:00,264,Inactive >90 Days
15426,United Kingdom,Potential,4,20,9,2156.35,239.59444444444443,1041,2010-05-02 15:10:00,2011-11-20 15:36:00,568,Recently Active
15427,United Kingdom,Prospective,0,34,3,1430.54,476.84666666666664,967,2011-10-23 14:47:00,2011-11-06 14:29:00,15,Recently Active
15428,United Kingdom,Prospective,0,16,4,762.75,190.6875,347,2009-12-17 17:46:00,2011-11-24 16:54:00,708,Recently Active
15429,United Kingdom,Prospective,0,27,2,397.35,198.675,380,2011-09-25 13:42:00,2011-11-13 12:28:00,50,Recently Active
15430,United Kingdom,Minimum,3,468,2,954.75,477.375,309,2010-06-29 15:04:00,2010-08-29 10:42:00,62,Inactive >90 Days
15431,United Kingdom,General,1,503,1,153.24,153.24,84,2010-07-25 12:44:00,2010-07-25 12:44:00,1,Inactive >90 Days
15432,United Kingdom,Prospective,0,24,2,320.76,160.38,92,2010-06-16 14:34:00,2011-11-16 16:30:00,519,Recently Active
15433,United Kingdom,General,1,214,2,533.3,266.65,534,2011-03-17 14:12:00,2011-05-10 10:45:00,55,Inactive >90 Days
15434,United Kingdom,Potential,4,9,11,2567.06,233.36909090909091,1423,2010-01-24 15:35:00,2011-12-01 13:33:00,677,Recently Active
15435,United Kingdom,Prospective,0,23,1,149.29,149.29,54,2011-11-17 16:39:00,2011-11-17 16:39:00,1,Recently Active
15436,United Kingdom,Prospective,0,13,3,1067.75,355.9166666666667,574,2011-04-19 16:52:00,2011-11-27 16:05:00,223,Recently Active
15437,United Kingdom,General,1,263,2,393.45,196.725,177,2010-03-09 10:45:00,2011-03-22 13:11:00,379,Inactive >90 Days
15438,United Kingdom,General,1,132,1,156.57999999999998,156.57999999999998,59,2011-07-31 14:19:00,2011-07-31 14:19:00,1,Inactive >90 Days
15439,United Kingdom,Minimum,3,405,4,1269.05,317.2625,572,2010-02-24 12:05:00,2010-10-31 10:38:00,250,Inactive >90 Days
15440,United Kingdom,Prospective,0,55,3,383.68,127.89333333333333,197,2011-05-15 11:30:00,2011-10-16 12:16:00,155,Recently Active
15441,United Kingdom,Minimum,3,397,3,1254.21,418.07,587,2009-12-09 14:55:00,2010-11-08 15:50:00,335,Inactive >90 Days
15442,United Kingdom,General,1,249,1,594.0,594.0,120,2011-04-05 12:24:00,2011-04-05 12:24:00,1,Inactive >90 Days
15443,United Kingdom,Main,2,2,14,5114.2300000000005,365.3021428571429,2699,2010-03-07 12:10:00,2011-12-08 10:40:00,642,Recently Active
15444,United Kingdom,Prospective,0,10,2,1411.21,705.605,759,2011-10-30 16:12:00,2011-11-30 17:37:00,32,Recently Active
15445,United Kingdom,General,1,265,2,284.5,142.25,118,2010-04-28 15:00:00,2011-03-20 15:06:00,327,Inactive >90 Days
15446,United Kingdom,General,1,377,3,396.75,132.25,262,2009-12-13 13:53:00,2010-11-28 11:59:00,351,Inactive >90 Days
15447,United Kingdom,Minimum,3,331,5,492.88,98.576,228,2010-03-24 14:40:00,2011-01-13 11:26:00,296,Inactive >90 Days
15448,United Kingdom,Minimum,3,313,2,788.8100000000001,394.40500000000003,487,2010-02-03 13:29:00,2011-01-31 10:42:00,363,Inactive >90 Days
15449,United Kingdom,Prospective,0,27,3,974.52,324.84,812,2011-03-23 10:43:00,2011-11-13 15:02:00,236,Recently Active
15450,United Kingdom,Prospective,0,31,1,429.84,429.84,376,2011-11-09 17:11:00,2011-11-09 17:11:00,1,Recently Active
15451,United Kingdom,General,1,435,2,226.86,113.43,76,2010-04-19 14:08:00,2010-10-01 13:40:00,166,Inactive >90 Days
15452,United Kingdom,Potential,4,30,6,1785.1100000000001,297.5183333333334,1087,2010-07-16 14:23:00,2011-11-10 12:13:00,483,Recently Active
15453,United Kingdom,Potential,4,2,7,1371.77,195.96714285714285,837,2011-06-05 12:37:00,2011-12-08 10:59:00,187,Recently Active
15454,United Kingdom,General,1,363,2,303.89,151.945,141,2010-03-31 13:15:00,2010-12-12 14:21:00,257,Inactive >90 Days
15455,United Kingdom,General,1,598,1,38.25,38.25,3,2010-04-21 12:43:00,2010-04-21 12:43:00,1,Inactive >90 Days
15456,United Kingdom,Minimum,3,284,10,2091.52,209.152,2727,2009-12-08 12:54:00,2011-03-01 13:51:00,449,Inactive >90 Days
15457,United Kingdom,General,1,263,1,237.07,237.07,132,2011-03-22 15:31:00,2011-03-22 15:31:00,1,Inactive >90 Days
15458,United Kingdom,Prospective,0,26,2,370.44,185.22,300,2010-11-02 19:50:00,2011-11-14 13:08:00,378,Recently Active
15459,United Kingdom,General,1,418,2,202.83,101.415,121,2010-07-30 14:31:00,2010-10-18 15:25:00,81,Inactive >90 Days
15460,United Kingdom,General,1,355,1,214.26,214.26,107,2010-12-20 16:08:00,2010-12-20 16:08:00,1,Inactive >90 Days
15461,United Kingdom,General,1,461,2,429.7,214.85,230,2010-03-18 12:40:00,2010-09-05 12:31:00,172,Inactive >90 Days
15462,United Kingdom,Minimum,3,95,4,737.05,184.2625,495,2010-09-20 10:23:00,2011-09-06 13:11:00,352,Inactive >90 Days
15463,United Kingdom,Prospective,0,30,1,126.14,126.14,106,2011-11-10 12:57:00,2011-11-10 12:57:00,1,Recently Active
15464,United Kingdom,Minimum,3,339,1,1044.65,1044.65,348,2011-01-05 15:56:00,2011-01-05 15:56:00,1,Inactive >90 Days
15465,United Kingdom,Main,2,20,32,12100.4,378.1375,2638,2009-12-10 09:42:00,2011-11-20 10:11:00,711,Recently Active
15466,United Kingdom,Minimum,3,86,4,1560.46,390.115,941,2009-12-03 12:28:00,2011-09-15 14:08:00,652,Recently Active
15467,United Kingdom,Prospective,0,10,3,524.88,174.96,310,2011-07-10 14:42:00,2011-11-30 14:17:00,144,Recently Active
15468,United Kingdom,Prospective,0,52,3,1430.48,476.82666666666665,1400,2010-11-12 09:39:00,2011-10-19 13:49:00,342,Recently Active
15469,United Kingdom,Prospective,0,51,3,874.25,291.4166666666667,287,2010-09-27 10:09:00,2011-10-20 16:21:00,389,Recently Active
15470,United Kingdom,General,1,576,1,63.419999999999995,63.419999999999995,232,2010-05-13 09:35:00,2010-05-13 09:35:00,1,Inactive >90 Days
15471,United Kingdom,Prospective,0,3,3,1292.01,430.67,670,2010-06-07 12:17:00,2011-12-07 14:12:00,549,Recently Active
15472,United Kingdom,General,1,114,1,371.56,371.56,251,2011-08-18 15:17:00,2011-08-18 15:17:00,1,Inactive >90 Days
15473,United Kingdom,Potential,4,15,8,2046.0,255.75,776,2010-09-21 09:14:00,2011-11-25 15:15:00,431,Recently Active
15474,United Kingdom,General,1,596,1,150.35,150.35,55,2010-04-23 11:14:00,2010-04-23 11:14:00,1,Inactive >90 Days
15475,United Kingdom,Prospective,0,78,1,454.11,454.11,319,2011-09-23 15:20:00,2011-09-23 15:20:00,1,Recently Active
15476,United Kingdom,Minimum,3,381,4,2209.98,552.495,1174,2010-09-23 14:00:00,2010-11-24 15:17:00,63,Inactive >90 Days
15477,United Kingdom,General,1,650,1,368.4,368.4,216,2010-02-28 10:37:00,2010-02-28 10:37:00,1,Inactive >90 Days
15478,United Kingdom,Prospective,0,41,3,1940.98,646.9933333333333,844,2010-05-13 18:49:00,2011-10-30 14:19:00,536,Recently Active
15479,United Kingdom,General,1,734,1,147.4,147.4,38,2009-12-06 15:08:00,2009-12-06 15:08:00,1,Inactive >90 Days
15480,Malta,Minimum,3,117,3,3592.25,1197.4166666666667,1850,2010-02-01 14:52:00,2011-08-15 14:32:00,561,Inactive >90 Days
15481,Norway,Minimum,3,402,1,1993.34,1993.34,1450,2010-11-03 14:52:00,2010-11-03 14:52:00,1,Inactive >90 Days
15482,United Kingdom,Main,2,16,18,14377.36,798.7422222222223,6515,2009-12-02 16:59:00,2011-11-24 10:46:00,723,Recently Active
15483,United Kingdom,Minimum,3,162,10,810.68,81.068,871,2010-01-24 15:42:00,2011-07-01 13:07:00,524,Inactive >90 Days
15484,United Kingdom,Potential,4,2,6,4652.1,775.35,4074,2009-12-05 15:18:00,2011-12-08 15:03:00,734,Recently Active
15485,United Kingdom,Potential,4,31,7,4810.92,687.2742857142857,2153,2009-12-01 17:31:00,2011-11-09 14:31:00,709,Recently Active
15486,United Kingdom,General,1,528,1,102.0,102.0,40,2010-06-30 13:15:00,2010-06-30 13:15:00,1,Inactive >90 Days
15487,United Kingdom,General,1,680,1,231.32,231.32,144,2010-01-29 12:07:00,2010-01-29 12:07:00,1,Inactive >90 Days
15488,United Kingdom,Minimum,3,93,5,431.92,86.384,251,2010-05-05 13:03:00,2011-09-08 10:11:00,492,Inactive >90 Days
15489,United Kingdom,Potential,4,23,8,2419.61,302.45125,1264,2010-01-15 16:58:00,2011-11-17 08:53:00,672,Recently Active
15490,United Kingdom,General,1,431,1,210.85,210.85,82,2010-10-05 13:11:00,2010-10-05 13:11:00,1,Inactive >90 Days
15491,United Kingdom,Potential,4,96,6,3100.09,516.6816666666667,1646,2011-04-18 10:04:00,2011-09-05 15:56:00,141,Inactive >90 Days
15492,United Kingdom,Prospective,0,29,2,659.46,329.73,483,2011-09-26 14:02:00,2011-11-11 14:53:00,47,Recently Active
15493,United Kingdom,Potential,4,33,9,4113.19,457.02111111111105,1205,2010-02-23 11:14:00,2011-11-07 12:04:00,623,Recently Active
15494,United Kingdom,Potential,4,22,5,3702.6,740.52,3052,2009-12-10 20:16:00,2011-11-18 14:51:00,709,Recently Active
15495,United Kingdom,General,1,380,1,246.5,246.5,194,2010-11-25 13:46:00,2010-11-25 13:46:00,1,Inactive >90 Days
15496,United Kingdom,General,1,632,1,146.14,146.14,98,2010-03-18 13:16:00,2010-03-18 13:16:00,1,Inactive >90 Days
15497,United Kingdom,Potential,4,18,9,8657.39,961.9322222222222,2937,2009-12-18 15:08:00,2011-11-22 11:51:00,705,Recently Active
15498,United Kingdom,Main,2,3,44,24972.86,567.565,12134,2009-12-16 17:27:00,2011-12-07 12:48:00,722,Recently Active
15499,United Kingdom,General,1,724,1,158.65,158.65,59,2009-12-16 12:17:00,2009-12-16 12:17:00,1,Inactive >90 Days
15500,United Kingdom,Prospective,0,9,4,1131.56,282.89,572,2011-09-19 13:47:00,2011-12-01 13:47:00,74,Recently Active
15501,United Kingdom,General,1,405,2,399.95,199.975,205,2010-10-20 12:47:00,2010-10-31 11:15:00,12,Inactive >90 Days
15502,United Kingdom,Main,2,16,12,9542.92,795.2433333333333,5555,2010-06-03 11:12:00,2011-11-24 12:48:00,540,Recently Active
15503,United Kingdom,General,1,363,2,257.3,128.65,130,2009-12-13 11:34:00,2010-12-12 10:57:00,365,Inactive >90 Days
15504,United Kingdom,Prospective,0,82,4,391.45,97.8625,138,2010-02-12 12:34:00,2011-09-19 13:45:00,585,Recently Active
15505,United Kingdom,Potential,4,53,5,3610.96,722.192,2390,2011-07-07 13:33:00,2011-10-18 07:56:00,104,Recently Active
15506,United Kingdom,Potential,4,23,6,2030.33,338.3883333333333,1637,2010-08-19 12:38:00,2011-11-17 12:11:00,456,Recently Active
15507,United Kingdom,General,1,172,1,475.86,475.86,160,2011-06-21 11:19:00,2011-06-21 11:19:00,1,Inactive >90 Days
15508,United Kingdom,Minimum,3,190,6,1000.27,166.71166666666667,440,2011-04-18 15:31:00,2011-06-03 15:43:00,47,Inactive >90 Days
15509,United Kingdom,General,1,381,1,152.41,152.41,58,2010-11-24 14:48:00,2010-11-24 14:48:00,1,Inactive >90 Days
15510,United Kingdom,General,1,331,1,250.0,250.0,2,2011-01-13 12:10:00,2011-01-13 12:10:00,1,Inactive >90 Days
15511,United Kingdom,Prospective,0,12,5,900.53,180.106,269,2011-09-15 15:05:00,2011-11-28 09:43:00,75,Recently Active
15512,United Kingdom,Minimum,3,156,4,331.58,82.895,235,2010-02-01 13:23:00,2011-07-07 10:20:00,522,Inactive >90 Days
15513,United Kingdom,Main,2,34,35,26437.05,755.3442857142857,10477,2010-01-13 14:59:00,2011-11-06 14:36:00,663,Recently Active
15514,United Kingdom,Main,2,13,18,6388.28,354.90444444444444,4069,2009-12-04 16:37:00,2011-11-27 14:40:00,724,Recently Active
15515,United Kingdom,General,1,388,1,171.81,171.81,131,2010-11-17 13:39:00,2010-11-17 13:39:00,1,Inactive >90 Days
15516,United Kingdom,Prospective,0,45,3,62.43,20.81,27,2011-10-24 11:33:00,2011-10-26 10:51:00,3,Recently Active
15517,United Kingdom,General,1,234,1,267.03,267.03,293,2011-04-20 14:02:00,2011-04-20 14:02:00,1,Inactive >90 Days
15518,United Kingdom,Potential,4,65,15,4189.99,279.3326666666666,2810,2009-12-20 12:21:00,2011-10-06 13:05:00,656,Recently Active
15519,United Kingdom,General,1,384,2,344.61,172.305,116,2010-09-19 13:57:00,2010-11-21 14:35:00,64,Inactive >90 Days
15520,United Kingdom,Prospective,0,2,1,343.5,343.5,314,2011-12-08 10:58:00,2011-12-08 10:58:00,1,Recently Active
15521,United Kingdom,Potential,4,41,16,7087.64,442.9775,4504,2010-01-05 10:19:00,2011-10-30 13:42:00,664,Recently Active
15522,United Kingdom,Prospective,0,33,2,397.99,198.995,572,2011-09-13 12:26:00,2011-11-07 11:26:00,56,Recently Active
15523,United Kingdom,Main,2,85,16,17259.19,1078.699375,15633,2009-12-02 15:16:00,2011-09-16 16:29:00,654,Recently Active
15524,United Kingdom,Prospective,0,25,2,591.4,295.7,28,2010-04-12 09:19:00,2011-11-15 12:09:00,583,Recently Active
15525,United Kingdom,Prospective,0,3,4,887.72,221.93,525,2010-11-22 12:10:00,2011-12-07 14:43:00,381,Recently Active
15526,United Kingdom,Prospective,0,34,2,148.44,74.22,24,2011-11-06 15:01:00,2011-11-06 15:04:00,1,Recently Active
15527,United Kingdom,Main,2,19,23,5554.04,241.48,2210,2009-12-15 17:31:00,2011-11-21 12:17:00,707,Recently Active
15528,United Kingdom,General,1,255,1,229.33,229.33,123,2011-03-30 16:14:00,2011-03-30 16:14:00,1,Inactive >90 Days
15529,United Kingdom,Potential,4,23,12,4781.11,398.4258333333333,4270,2010-11-10 14:26:00,2011-11-17 11:29:00,373,Recently Active
15530,United Kingdom,Potential,4,22,5,1808.68,361.736,1328,2010-07-15 11:10:00,2011-11-18 12:25:00,492,Recently Active
15531,United Kingdom,Prospective,0,9,2,1972.39,986.195,1085,2011-11-09 17:47:00,2011-12-01 18:43:00,23,Recently Active
15532,United Kingdom,Potential,4,26,10,3717.2000000000003,371.72,1328,2010-06-08 14:52:00,2011-11-14 14:51:00,525,Recently Active
15533,United Kingdom,Prospective,0,20,3,807.57,269.19,289,2011-09-11 15:41:00,2011-11-20 15:35:00,71,Recently Active
15534,United Kingdom,General,1,726,1,162.25,162.25,63,2009-12-14 12:48:00,2009-12-14 12:48:00,1,Inactive >90 Days
15535,United Kingdom,Minimum,3,174,6,1044.37,174.06166666666664,314,2010-09-16 20:04:00,2011-06-19 16:02:00,277,Inactive >90 Days
15536,United Kingdom,General,1,410,1,259.09,259.09,242,2010-10-26 16:31:00,2010-10-26 16:31:00,1,Inactive >90 Days
15537,United Kingdom,General,1,164,1,110.92,110.92,29,2011-06-29 13:10:00,2011-06-29 13:10:00,1,Inactive >90 Days
15538,United Kingdom,Minimum,3,538,6,3358.4,559.7333333333333,1016,2010-02-14 12:38:00,2010-06-20 10:49:00,127,Inactive >90 Days
15539,United Kingdom,Prospective,0,8,1,538.46,538.46,410,2011-12-02 13:36:00,2011-12-02 13:36:00,1,Recently Active
15540,United Kingdom,Prospective,0,12,2,460.68,230.34,444,2010-11-29 11:10:00,2011-11-28 13:51:00,365,Recently Active
15541,United Kingdom,General,1,115,1,85.13000000000001,85.13000000000001,49,2011-08-17 14:58:00,2011-08-17 14:58:00,1,Inactive >90 Days
15542,United Kingdom,Minimum,3,513,3,855.71,285.2366666666667,418,2009-12-02 11:53:00,2010-07-15 13:32:00,226,Inactive >90 Days
15543,United Kingdom,General,1,289,2,242.26,121.13,167,2010-09-06 11:28:00,2011-02-24 15:26:00,172,Inactive >90 Days
15544,United Kingdom,Main,2,10,20,7807.89,390.3945,6745,2010-01-28 14:39:00,2011-11-30 16:43:00,672,Recently Active
15545,United Kingdom,Prospective,0,55,2,288.96999999999997,144.48499999999999,162,2010-12-03 17:28:00,2011-10-16 13:24:00,318,Recently Active
15546,United Kingdom,Minimum,3,607,2,1079.1000000000001,539.5500000000001,198,2010-04-12 11:45:00,2010-04-12 11:51:00,1,Inactive >90 Days
15547,United Kingdom,Main,2,8,26,10002.65,384.71730769230766,7251,2009-12-06 13:40:00,2011-12-02 12:52:00,727,Recently Active
15548,United Kingdom,General,1,596,1,158.09,158.09,64,2010-04-23 12:20:00,2010-04-23 12:20:00,1,Inactive >90 Days
15549,United Kingdom,Potential,4,78,8,2330.41,291.30125,933,2010-01-11 13:16:00,2011-09-23 16:22:00,621,Recently Active
15550,United Kingdom,Potential,4,5,12,2211.05,184.2541666666667,1139,2009-12-03 15:15:00,2011-12-05 15:38:00,733,Recently Active
15551,United Kingdom,Potential,4,37,7,1679.81,239.97285714285712,796,2010-06-07 15:05:00,2011-11-03 12:37:00,515,Recently Active
15552,United Kingdom,General,1,218,2,252.52,126.26,166,2010-03-26 16:17:00,2011-05-06 14:47:00,407,Inactive >90 Days
15553,United Kingdom,Prospective,0,61,1,428.93,428.93,449,2011-10-10 14:02:00,2011-10-10 14:02:00,1,Recently Active
15554,United Kingdom,General,1,278,1,217.2,217.2,74,2011-03-07 09:00:00,2011-03-07 09:00:00,1,Inactive >90 Days
15555,United Kingdom,Main,2,13,36,11233.78,312.0494444444445,8454,2009-12-06 11:58:00,2011-11-27 16:19:00,722,Recently Active
15556,United Kingdom,Prospective,0,25,1,279.77,279.77,236,2011-11-15 16:08:00,2011-11-15 16:08:00,1,Recently Active
15557,United Kingdom,Prospective,0,29,1,468.91,468.91,213,2011-11-11 12:46:00,2011-11-11 12:46:00,1,Recently Active
15558,United Kingdom,General,1,640,1,202.68,202.68,73,2010-03-10 15:25:00,2010-03-10 15:25:00,1,Inactive >90 Days
15559,United Kingdom,General,1,569,1,1109.4,1109.4,526,2010-05-20 14:06:00,2010-05-20 14:06:00,1,Inactive >90 Days
15560,United Kingdom,General,1,398,2,153.52,76.76,72,2010-11-07 10:14:00,2010-11-07 10:15:00,1,Inactive >90 Days
15561,United Kingdom,Potential,4,12,8,1934.3899999999999,241.79874999999998,1334,2010-02-14 12:22:00,2011-11-28 11:07:00,653,Recently Active
15562,United Kingdom,Minimum,3,352,3,671.4300000000001,223.81000000000003,560,2009-12-13 15:17:00,2010-12-23 09:55:00,376,Inactive >90 Days
15563,United Kingdom,Potential,4,23,6,2820.46,470.07666666666665,2945,2010-01-28 11:36:00,2011-11-17 12:59:00,659,Recently Active
15564,United Kingdom,General,1,464,2,70.74000000000001,35.370000000000005,42,2010-02-01 15:58:00,2010-09-02 15:52:00,214,Inactive >90 Days
15565,United Kingdom,Prospective,0,51,2,173.16000000000003,86.58000000000001,60,2011-09-30 10:44:00,2011-10-20 14:33:00,21,Recently Active
15566,United Kingdom,General,1,393,2,227.87,113.935,153,2009-12-15 14:53:00,2010-11-12 12:11:00,333,Inactive >90 Days
15567,United Kingdom,Prospective,0,19,1,186.01,186.01,223,2011-11-21 10:48:00,2011-11-21 10:48:00,1,Recently Active
15568,United Kingdom,Prospective,0,3,3,758.29,252.76333333333332,461,2011-09-27 14:37:00,2011-12-07 11:27:00,72,Recently Active
15569,United Kingdom,Potential,4,104,10,3583.45,358.34499999999997,1734,2010-02-28 10:55:00,2011-08-28 10:15:00,547,Inactive >90 Days
15570,United Kingdom,Main,2,8,25,8736.49,349.45959999999997,4079,2010-03-28 14:04:00,2011-12-02 14:47:00,615,Recently Active
15571,United Kingdom,Potential,4,12,14,3892.35,278.025,2411,2009-12-06 12:10:00,2011-11-28 10:02:00,723,Recently Active
15572,United Kingdom,Potential,4,5,10,3965.2,396.52,2089,2010-04-14 14:38:00,2011-12-05 10:09:00,601,Recently Active
15573,United Kingdom,Potential,4,32,5,1180.47,236.094,769,2009-12-10 14:19:00,2011-11-08 11:38:00,699,Recently Active
15574,United Kingdom,Minimum,3,178,6,1101.44,183.57333333333335,750,2010-09-01 14:37:00,2011-06-15 12:01:00,288,Inactive >90 Days
15575,United Kingdom,General,1,620,1,30.1,30.1,6,2010-03-30 12:50:00,2010-03-30 12:50:00,1,Inactive >90 Days
15576,United Kingdom,Prospective,0,38,1,921.37,921.37,394,2011-11-02 12:03:00,2011-11-02 12:03:00,1,Recently Active
15577,United Kingdom,Minimum,3,152,5,396.03,79.20599999999999,120,2009-12-13 16:17:00,2011-07-11 17:03:00,576,Inactive >90 Days
15578,United Kingdom,General,1,163,1,127.1,127.1,52,2011-06-30 13:03:00,2011-06-30 13:03:00,1,Inactive >90 Days
15579,United Kingdom,Minimum,3,69,5,1250.63,250.12600000000003,713,2010-10-03 14:37:00,2011-10-02 12:45:00,365,Recently Active
15580,United Kingdom,Minimum,3,377,8,1375.39,171.92375,955,2010-02-07 11:21:00,2010-11-28 11:00:00,295,Inactive >90 Days
15581,United Kingdom,Main,2,157,34,4505.16,132.50470588235294,3023,2009-12-02 12:19:00,2011-07-06 14:04:00,582,Inactive >90 Days
15582,United Kingdom,Prospective,0,25,3,682.9100000000001,227.63666666666668,453,2011-05-03 13:36:00,2011-11-15 09:55:00,197,Recently Active
15583,United Kingdom,General,1,377,1,95.96,95.96,56,2010-11-28 15:04:00,2010-11-28 15:04:00,1,Inactive >90 Days
15584,United Kingdom,Potential,4,24,6,1268.2,211.36666666666667,483,2010-02-07 12:16:00,2011-11-16 10:55:00,648,Recently Active
15585,United Kingdom,General,1,177,1,455.3,455.3,320,2011-06-16 08:38:00,2011-06-16 08:38:00,1,Inactive >90 Days
15586,United Kingdom,Minimum,3,593,3,1139.1000000000001,379.70000000000005,1338,2010-01-08 10:02:00,2010-04-26 11:00:00,109,Inactive >90 Days
15587,United Kingdom,Potential,4,51,7,1522.08,217.44,528,2010-08-05 08:44:00,2011-10-20 13:37:00,442,Recently Active
15588,United Kingdom,General,1,678,1,579.6,579.6,96,2010-01-31 12:19:00,2010-01-31 12:19:00,1,Inactive >90 Days
15589,United Kingdom,Minimum,3,256,3,478.53,159.51,243,2011-02-02 10:46:00,2011-03-29 09:54:00,56,Inactive >90 Days
15590,United Kingdom,Minimum,3,383,5,1496.6,299.32,832,2010-04-12 10:09:00,2010-11-22 14:49:00,225,Inactive >90 Days
15591,United Kingdom,General,1,583,3,217.9,72.63333333333334,58,2010-02-04 09:20:00,2010-05-06 09:23:00,92,Inactive >90 Days
15592,United Kingdom,Prospective,0,47,1,388.58,388.58,354,2011-10-24 08:59:00,2011-10-24 08:59:00,1,Recently Active
15593,United Kingdom,Prospective,0,71,1,199.8,199.8,60,2011-09-30 11:46:00,2011-09-30 11:46:00,1,Recently Active
15594,United Kingdom,Potential,4,16,5,1771.78,354.356,983,2011-04-19 10:08:00,2011-11-24 08:53:00,220,Recently Active
15595,United Kingdom,General,1,488,1,357.59999999999997,357.59999999999997,144,2010-08-09 12:27:00,2010-08-09 12:27:00,1,Inactive >90 Days
15596,United Kingdom,Potential,4,101,9,2727.72,303.08,1208,2010-07-28 11:46:00,2011-08-31 10:55:00,400,Inactive >90 Days
15597,United Kingdom,Prospective,0,36,2,563.37,281.685,393,2010-05-13 13:10:00,2011-11-04 13:26:00,541,Recently Active
15598,United Kingdom,Prospective,0,54,2,548.02,274.01,404,2010-10-08 09:20:00,2011-10-17 16:04:00,375,Recently Active
15599,United Kingdom,Prospective,0,27,3,1250.06,416.68666666666667,1098,2010-09-20 10:15:00,2011-11-13 11:44:00,420,Recently Active
15600,United Kingdom,Minimum,3,429,4,1199.31,299.8275,657,2010-04-25 11:50:00,2010-10-07 14:30:00,166,Inactive >90 Days
15601,United Kingdom,Main,2,12,30,14191.74,473.058,10395,2009-12-01 14:53:00,2011-11-28 15:15:00,728,Recently Active
15602,United Kingdom,Potential,4,9,16,3137.96,196.1225,2292,2009-12-02 09:35:00,2011-12-01 14:14:00,730,Recently Active
15603,United Kingdom,General,1,79,2,88.48,44.24,128,2010-03-01 16:02:00,2011-09-22 10:04:00,571,Recently Active
15604,United Kingdom,Prospective,0,53,1,216.39000000000001,216.39000000000001,159,2011-10-18 14:47:00,2011-10-18 14:47:00,1,Recently Active
15605,United Kingdom,Potential,4,37,9,1741.95,193.55,641,2010-01-14 14:03:00,2011-11-03 14:17:00,659,Recently Active
15606,United Kingdom,Potential,4,62,17,5230.99,307.70529411764704,1615,2010-03-02 14:48:00,2011-10-09 15:47:00,587,Recently Active
15607,United Kingdom,Minimum,3,337,9,1708.97,189.88555555555556,1470,2010-01-08 12:16:00,2011-01-07 12:44:00,365,Inactive >90 Days
15608,United Kingdom,Potential,4,29,5,1785.98,357.196,1262,2010-10-20 10:10:00,2011-11-11 13:20:00,388,Recently Active
15609,United Kingdom,General,1,185,1,298.48,298.48,148,2011-06-08 13:00:00,2011-06-08 13:00:00,1,Inactive >90 Days
15610,United Kingdom,Prospective,0,52,1,112.46000000000001,112.46000000000001,66,2011-10-19 10:36:00,2011-10-19 10:36:00,1,Recently Active
15611,United Kingdom,Main,2,10,24,2976.28,124.01166666666667,745,2010-01-25 14:50:00,2011-11-30 12:36:00,675,Recently Active
15612,United Kingdom,Prospective,0,37,2,195.15,97.575,52,2011-10-09 12:49:00,2011-11-03 14:52:00,26,Recently Active
15613,United Kingdom,General,1,611,1,433.71999999999997,433.71999999999997,700,2010-04-08 12:51:00,2010-04-08 12:51:00,1,Inactive >90 Days
15614,United Kingdom,Minimum,3,438,4,3147.36,786.84,1632,2010-03-23 11:13:00,2010-09-28 10:46:00,190,Inactive >90 Days
15615,United Kingdom,Main,2,11,47,21373.97,454.7653191489362,12090,2009-12-02 15:28:00,2011-11-29 14:42:00,728,Recently Active
15616,United Kingdom,General,1,439,1,317.11,317.11,137,2010-09-27 13:10:00,2010-09-27 13:10:00,1,Inactive >90 Days
15617,United Kingdom,Minimum,3,397,3,828.5500000000001,276.18333333333334,485,2010-07-20 13:16:00,2010-11-08 16:07:00,112,Inactive >90 Days
15618,United Kingdom,Prospective,0,33,4,776.85,194.2125,453,2011-07-26 10:13:00,2011-11-07 08:34:00,105,Recently Active
15619,United Kingdom,Prospective,0,11,1,336.4,336.4,136,2011-11-29 08:14:00,2011-11-29 08:14:00,1,Recently Active
15620,United Kingdom,Potential,4,57,4,1942.36,485.59,1249,2010-10-26 11:32:00,2011-10-14 12:41:00,354,Recently Active
15621,United Kingdom,Prospective,0,5,4,1293.03,323.2575,501,2011-11-18 11:49:00,2011-12-05 14:01:00,18,Recently Active
15622,United Kingdom,Main,2,44,17,7852.610000000001,461.91823529411766,4091,2010-03-04 10:29:00,2011-10-27 16:44:00,603,Recently Active
15623,United Kingdom,Minimum,3,142,8,2437.05,304.63125,1087,2009-12-10 14:46:00,2011-07-21 17:26:00,589,Inactive >90 Days
15624,United Kingdom,Minimum,3,117,4,588.13,147.0325,357,2011-03-28 13:32:00,2011-08-15 11:38:00,141,Inactive >90 Days
15625,United Kingdom,Potential,4,104,9,3236.4,359.6,3020,2010-06-15 15:23:00,2011-08-28 10:21:00,440,Inactive >90 Days
15626,United Kingdom,Minimum,3,75,3,1067.52,355.84,1138,2010-10-14 17:16:00,2011-09-26 10:03:00,348,Recently Active
15627,United Kingdom,General,1,458,2,566.9,283.45,344,2010-07-05 11:56:00,2010-09-08 14:14:00,66,Inactive >90 Days
15628,United Kingdom,Main,2,5,17,5333.08,313.7105882352941,3569,2009-12-13 13:39:00,2011-12-05 10:24:00,723,Recently Active
15629,United Kingdom,Minimum,3,451,4,2240.9,560.225,1518,2010-06-25 11:39:00,2010-09-15 13:46:00,83,Inactive >90 Days
15630,United Kingdom,Prospective,0,46,3,1481.4,493.8,987,2010-03-05 14:30:00,2011-10-25 15:36:00,600,Recently Active
15631,United Kingdom,General,1,643,1,596.67,596.67,525,2010-03-07 14:52:00,2010-03-07 14:52:00,1,Inactive >90 Days
15632,United Kingdom,Potential,4,16,8,3285.31,410.66375,2109,2011-03-10 08:29:00,2011-11-24 09:51:00,260,Recently Active
15633,United Kingdom,Minimum,3,510,13,4335.96,333.5353846153846,2048,2009-12-08 17:51:00,2010-07-18 13:54:00,223,Inactive >90 Days
15634,United Kingdom,Prospective,0,18,2,554.65,277.325,227,2010-11-21 15:30:00,2011-11-22 16:28:00,367,Recently Active
15635,United Kingdom,General,1,396,1,100.35,100.35,5,2010-11-09 08:58:00,2010-11-09 08:58:00,1,Inactive >90 Days
15636,United Kingdom,Minimum,3,90,4,1444.58,361.145,560,2010-05-19 11:37:00,2011-09-11 11:17:00,481,Recently Active
15637,United Kingdom,Prospective,0,53,5,797.59,159.518,651,2009-12-15 17:54:00,2011-10-18 08:28:00,673,Recently Active
15638,United Kingdom,Minimum,3,379,6,2265.2,377.5333333333333,1134,2010-04-08 14:37:00,2010-11-26 11:52:00,233,Inactive >90 Days
15639,United Kingdom,Minimum,3,135,3,1065.08,355.02666666666664,849,2010-04-13 13:11:00,2011-07-28 14:30:00,472,Inactive >90 Days
15640,United Kingdom,Main,2,5,29,23459.51,808.9486206896552,12116,2009-12-14 16:36:00,2011-12-05 14:35:00,722,Recently Active
15641,United Kingdom,Potential,4,106,12,5345.55,445.46250000000003,4422,2009-12-06 15:31:00,2011-08-26 14:04:00,629,Inactive >90 Days
15642,United Kingdom,General,1,730,1,105.78,105.78,270,2009-12-10 11:51:00,2009-12-10 11:51:00,1,Inactive >90 Days
15643,United Kingdom,Minimum,3,192,3,664.0,221.33333333333334,246,2011-03-02 14:34:00,2011-06-01 07:38:00,92,Inactive >90 Days
15644,United Kingdom,Minimum,3,167,4,803.54,200.885,550,2011-03-23 15:37:00,2011-06-26 14:54:00,96,Inactive >90 Days
15645,United Kingdom,Prospective,0,19,3,1054.75,351.5833333333333,395,2010-10-10 12:51:00,2011-11-21 11:55:00,408,Recently Active
15646,United Kingdom,Minimum,3,158,5,784.8100000000001,156.96200000000002,821,2010-10-25 13:06:00,2011-07-05 09:53:00,254,Inactive >90 Days
15647,United Kingdom,General,1,416,1,169.0,169.0,124,2010-10-20 15:09:00,2010-10-20 15:09:00,1,Inactive >90 Days
15648,United Kingdom,Minimum,3,205,2,639.5,319.75,218,2011-03-17 18:59:00,2011-05-19 15:53:00,64,Inactive >90 Days
15649,United Kingdom,Minimum,3,337,4,1660.35,415.0875,365,2010-11-17 16:22:00,2011-01-07 13:34:00,52,Inactive >90 Days
15650,United Kingdom,General,1,522,2,553.88,276.94,210,2010-03-21 11:46:00,2010-07-06 10:41:00,108,Inactive >90 Days
15651,United Kingdom,Potential,4,37,5,1259.06,251.81199999999998,871,2010-04-22 13:26:00,2011-11-03 08:41:00,561,Recently Active
15652,United Kingdom,Minimum,3,92,5,1405.94,281.188,657,2010-08-11 16:58:00,2011-09-09 14:22:00,395,Inactive >90 Days
15653,United Kingdom,Minimum,3,93,2,877.44,438.72,1200,2011-08-16 09:50:00,2011-09-08 10:49:00,24,Inactive >90 Days
15654,United Kingdom,Prospective,0,10,2,922.53,461.265,475,2011-11-13 15:15:00,2011-11-30 13:08:00,18,Recently Active
15655,United Kingdom,General,1,244,1,560.6700000000001,560.6700000000001,324,2011-04-10 15:25:00,2011-04-10 15:25:00,1,Inactive >90 Days
15656,United Kingdom,Prospective,0,46,4,748.5,187.125,343,2011-02-28 15:32:00,2011-10-25 14:56:00,240,Recently Active
15657,United Kingdom,Prospective,0,23,1,30.0,30.0,24,2011-11-17 12:19:00,2011-11-17 12:19:00,1,Recently Active
15658,United Kingdom,Minimum,3,191,8,2117.27,264.65875,627,2009-12-03 11:19:00,2011-06-02 15:22:00,547,Inactive >90 Days
15659,United Kingdom,Prospective,0,44,3,532.49,177.49666666666667,161,2010-02-24 13:32:00,2011-10-27 09:23:00,611,Recently Active
15660,United Kingdom,Potential,4,26,15,2603.69,173.57933333333332,1783,2010-02-05 16:01:00,2011-11-14 16:58:00,648,Recently Active
15661,United Kingdom,Minimum,3,318,8,1215.95,151.99375,779,2010-05-10 07:59:00,2011-01-26 13:56:00,262,Inactive >90 Days
15662,United Kingdom,General,1,662,2,283.73,141.865,145,2009-12-01 13:49:00,2010-02-16 16:47:00,78,Inactive >90 Days
15663,United Kingdom,General,1,107,1,138.14,138.14,106,2011-08-25 15:50:00,2011-08-25 15:50:00,1,Inactive >90 Days
15664,United Kingdom,Prospective,0,51,4,1231.53,307.8825,524,2010-02-28 12:50:00,2011-10-20 10:57:00,600,Recently Active
15665,United Kingdom,Minimum,3,169,5,3987.07,797.414,2777,2010-03-14 15:07:00,2011-06-24 14:57:00,468,Inactive >90 Days
15666,United Kingdom,General,1,473,2,632.94,316.47,469,2010-08-01 15:41:00,2010-08-24 16:14:00,24,Inactive >90 Days
15667,United Kingdom,Prospective,0,40,1,301.32000000000005,301.32000000000005,240,2011-10-31 10:56:00,2011-10-31 10:56:00,1,Recently Active
15668,United Kingdom,General,1,218,1,76.32000000000001,76.32000000000001,72,2011-05-06 10:39:00,2011-05-06 10:39:00,1,Inactive >90 Days
15669,United Kingdom,Prospective,0,41,4,684.34,171.085,342,2011-03-21 09:13:00,2011-10-30 16:03:00,224,Recently Active
15670,United Kingdom,General,1,297,2,325.2,162.6,132,2010-06-01 15:34:00,2011-02-16 10:50:00,261,Inactive >90 Days
15671,United Kingdom,Potential,4,19,7,2657.13,379.59000000000003,1699,2011-03-14 09:37:00,2011-11-21 12:43:00,253,Recently Active
15672,United Kingdom,General,1,726,1,45.300000000000004,45.300000000000004,10,2009-12-14 16:52:00,2009-12-14 16:52:00,1,Inactive >90 Days
15673,United Kingdom,Potential,4,89,9,6204.32,689.3688888888888,3274,2010-02-22 14:28:00,2011-09-12 16:12:00,568,Recently Active
15674,United Kingdom,Potential,4,74,12,6613.52,551.1266666666667,3647,2009-12-08 17:08:00,2011-09-27 15:17:00,659,Recently Active
15675,United Kingdom,Minimum,3,82,4,542.04,135.51,624,2010-10-31 14:14:00,2011-09-19 13:48:00,324,Recently Active
15676,United Kingdom,Potential,4,19,3,3435.76,1145.2533333333333,2252,2011-03-01 10:19:00,2011-11-21 12:40:00,266,Recently Active
15677,United Kingdom,Prospective,0,50,3,1305.6299999999999,435.21,675,2010-09-02 12:08:00,2011-10-21 15:36:00,415,Recently Active
15678,United Kingdom,Minimum,3,53,3,1825.94,608.6466666666666,1022,2010-07-05 12:49:00,2011-10-18 09:25:00,471,Recently Active
15679,United Kingdom,Prospective,0,25,4,781.28,195.32,1170,2011-06-10 08:24:00,2011-11-15 16:19:00,159,Recently Active
15680,United Kingdom,Potential,4,10,10,4028.69,402.869,2743,2009-12-02 12:15:00,2011-11-30 13:46:00,729,Recently Active
15681,United Kingdom,Potential,4,26,14,2989.7000000000003,213.55,1392,2010-05-24 14:18:00,2011-11-14 16:30:00,540,Recently Active
15682,United Kingdom,General,1,600,2,318.24,159.12,222,2010-01-21 14:37:00,2010-04-19 15:30:00,89,Inactive >90 Days
15683,United Kingdom,Minimum,3,118,2,524.54,262.27,332,2010-08-23 12:01:00,2011-08-14 12:56:00,357,Inactive >90 Days
15684,United Kingdom,General,1,548,3,173.95,57.98333333333333,77,2009-12-04 16:13:00,2010-06-10 18:51:00,189,Inactive >90 Days
15685,United Kingdom,General,1,451,1,55.980000000000004,55.980000000000004,36,2010-09-15 13:43:00,2010-09-15 13:43:00,1,Inactive >90 Days
15686,United Kingdom,General,1,421,1,90.0,90.0,72,2010-10-15 13:50:00,2010-10-15 13:50:00,1,Inactive >90 Days
15687,United Kingdom,Potential,4,9,9,2993.1,332.56666666666666,1310,2011-01-13 15:13:00,2011-12-01 08:33:00,323,Recently Active
15688,United Kingdom,General,1,419,1,190.57,190.57,95,2010-10-17 12:06:00,2010-10-17 12:06:00,1,Inactive >90 Days
15689,United Kingdom,Minimum,3,120,3,521.03,173.67666666666665,207,2010-04-01 09:53:00,2011-08-12 09:37:00,499,Inactive >90 Days
15690,United Kingdom,Prospective,0,5,2,239.76,119.88,408,2011-08-31 11:40:00,2011-12-05 15:59:00,97,Recently Active
15691,United Kingdom,Minimum,3,253,4,571.3,142.825,212,2009-12-06 16:01:00,2011-04-01 15:13:00,482,Inactive >90 Days
15692,United Kingdom,Prospective,0,29,1,191.04,191.04,138,2011-11-11 14:12:00,2011-11-11 14:12:00,1,Recently Active
15693,United Kingdom,General,1,660,1,37.5,37.5,30,2010-02-18 14:37:00,2010-02-18 14:37:00,1,Inactive >90 Days
15694,United Kingdom,Main,2,1,23,9963.48,433.1947826086956,2466,2009-12-07 15:43:00,2011-12-09 09:44:00,733,Recently Active
15695,United Kingdom,Minimum,3,267,4,1131.04,282.76,484,2010-01-27 10:56:00,2011-03-18 08:32:00,416,Inactive >90 Days
15696,United Kingdom,Potential,4,34,13,3881.2200000000003,298.55538461538464,1386,2010-01-24 14:36:00,2011-11-06 14:02:00,652,Recently Active
15697,United Kingdom,General,1,690,1,246.75,246.75,127,2010-01-19 09:10:00,2010-01-19 09:10:00,1,Inactive >90 Days
15698,United Kingdom,General,1,625,1,46.2,46.2,60,2010-03-25 17:38:00,2010-03-25 17:38:00,1,Inactive >90 Days
15699,United Kingdom,Prospective,0,18,1,309.65,309.65,113,2011-11-22 08:26:00,2011-11-22 08:26:00,1,Recently Active
15700,United Kingdom,Minimum,3,173,2,696.68,348.34,357,2011-06-19 15:36:00,2011-06-20 16:53:00,2,Inactive >90 Days
15701,United Kingdom,Potential,4,3,4,1529.0,382.25,912,2011-08-21 12:36:00,2011-12-07 14:39:00,109,Recently Active
15702,Nigeria,General,1,477,1,112.57,112.57,102,2010-08-20 14:50:00,2010-08-20 14:50:00,1,Inactive >90 Days
15703,United Kingdom,General,1,265,1,211.5,211.5,66,2011-03-20 10:51:00,2011-03-20 10:51:00,1,Inactive >90 Days
15704,United Kingdom,Minimum,3,141,6,3734.6600000000003,622.4433333333334,1709,2010-05-05 14:51:00,2011-07-22 13:35:00,444,Inactive >90 Days
15705,United Kingdom,General,1,202,1,143.1,143.1,62,2011-05-22 15:37:00,2011-05-22 15:37:00,1,Inactive >90 Days
15706,United Kingdom,Minimum,3,64,4,1060.56,265.14,321,2011-08-15 14:32:00,2011-10-07 10:09:00,54,Recently Active
15707,United Kingdom,Prospective,0,36,4,916.98,229.245,594,2011-09-14 14:19:00,2011-11-04 14:35:00,52,Recently Active
15708,United Kingdom,Potential,4,41,9,3887.15,431.90555555555557,1465,2010-10-10 11:33:00,2011-10-30 10:54:00,386,Recently Active
15709,United Kingdom,General,1,284,2,327.85,163.925,169,2010-04-29 18:31:00,2011-03-01 10:38:00,307,Inactive >90 Days
15710,United Kingdom,General,1,418,1,898.87,898.87,641,2010-10-18 17:05:00,2010-10-18 17:05:00,1,Inactive >90 Days
15711,United Kingdom,General,1,557,2,420.25,210.125,199,2010-01-24 12:13:00,2010-06-01 12:14:00,129,Inactive >90 Days
15712,United Kingdom,Potential,4,10,12,3472.41,289.3675,1277,2009-12-01 11:17:00,2011-11-30 14:09:00,730,Recently Active
15713,United Kingdom,Minimum,3,144,4,839.64,209.91,451,2009-12-16 09:41:00,2011-07-19 13:34:00,581,Inactive >90 Days
15714,United Kingdom,Prospective,0,12,5,783.96,156.792,361,2010-06-02 12:08:00,2011-11-28 11:26:00,545,Recently Active
15715,United Kingdom,Minimum,3,556,5,658.02,131.60399999999998,246,2010-03-30 12:17:00,2010-06-02 09:56:00,65,Inactive >90 Days
15716,United Kingdom,Potential,4,146,11,2482.7400000000002,225.70363636363638,1373,2009-12-07 12:42:00,2011-07-17 11:59:00,588,Inactive >90 Days
15717,United Kingdom,Minimum,3,235,5,607.0,121.4,224,2010-04-26 10:41:00,2011-04-19 13:21:00,359,Inactive >90 Days
15718,United Kingdom,General,1,541,1,293.79,293.79,95,2010-06-17 16:20:00,2010-06-17 16:20:00,1,Inactive >90 Days
15719,United Kingdom,Main,2,33,31,10194.32,328.8490322580645,5355,2009-12-01 12:47:00,2011-11-07 12:29:00,707,Recently Active
15720,United Kingdom,Prospective,0,25,2,739.22,369.61,327,2010-06-07 15:40:00,2011-11-15 14:48:00,527,Recently Active
15721,United Kingdom,Prospective,0,12,1,471.40000000000003,471.40000000000003,388,2011-11-28 12:14:00,2011-11-28 12:14:00,1,Recently Active
15722,United Kingdom,Potential,4,36,11,5234.0,475.8181818181818,2279,2010-03-09 15:05:00,2011-11-04 11:43:00,606,Recently Active
15723,United Kingdom,Minimum,3,365,4,930.7,232.675,427,2010-05-14 12:55:00,2010-12-10 11:12:00,211,Inactive >90 Days
15724,United Kingdom,General,1,202,3,310.85,103.61666666666667,117,2010-11-04 10:22:00,2011-05-22 14:40:00,200,Inactive >90 Days
15725,United Kingdom,Prospective,0,16,1,415.25,415.25,221,2011-11-24 14:51:00,2011-11-24 14:51:00,1,Recently Active
15726,United Kingdom,General,1,391,1,321.91,321.91,123,2010-11-14 16:12:00,2010-11-14 16:12:00,1,Inactive >90 Days
15727,United Kingdom,Main,2,17,15,9371.71,624.7806666666667,5908,2010-01-24 12:12:00,2011-11-23 12:36:00,669,Recently Active
15728,United Kingdom,General,1,380,2,544.6,272.3,132,2010-09-21 14:46:00,2010-11-25 10:39:00,66,Inactive >90 Days
15729,United Kingdom,General,1,213,3,192.55,64.18333333333334,47,2010-11-01 13:44:00,2011-05-11 12:36:00,192,Inactive >90 Days
15730,United Kingdom,Potential,4,66,5,1726.58,345.316,1061,2010-10-04 14:15:00,2011-10-05 12:31:00,367,Recently Active
15731,United Kingdom,General,1,554,1,125.3,125.3,122,2010-06-04 10:10:00,2010-06-04 10:10:00,1,Inactive >90 Days
15732,United Kingdom,Minimum,3,213,10,1543.97,154.397,1264,2010-02-04 10:10:00,2011-05-11 14:24:00,462,Inactive >90 Days
15733,United Kingdom,General,1,283,1,162.3,162.3,62,2011-03-02 09:05:00,2011-03-02 09:05:00,1,Inactive >90 Days
15734,United Kingdom,Minimum,3,115,4,2263.3,565.825,516,2010-06-10 14:25:00,2011-08-17 10:50:00,434,Inactive >90 Days
15735,United Kingdom,General,1,422,1,327.68,327.68,206,2010-10-14 13:38:00,2010-10-14 13:38:00,1,Inactive >90 Days
15736,United Kingdom,Minimum,3,436,2,1767.1200000000001,883.5600000000001,1208,2010-09-30 14:19:00,2010-09-30 14:20:00,1,Inactive >90 Days
15737,United Kingdom,Potential,4,15,8,1188.1200000000001,148.51500000000001,597,2011-04-11 10:01:00,2011-11-25 11:21:00,229,Recently Active
15738,United Kingdom,Main,2,19,41,13043.32,318.12975609756097,9030,2009-12-10 15:52:00,2011-11-21 08:26:00,712,Recently Active
15739,United Kingdom,Prospective,0,67,1,449.12,449.12,472,2011-10-04 13:42:00,2011-10-04 13:42:00,1,Recently Active
15740,United Kingdom,Prospective,0,50,1,154.88,154.88,152,2011-10-21 14:29:00,2011-10-21 14:29:00,1,Recently Active
15741,United Kingdom,General,1,459,2,208.62,104.31,70,2010-03-31 11:55:00,2010-09-07 16:21:00,161,Inactive >90 Days
15742,United Kingdom,General,1,620,1,156.87,156.87,51,2010-03-30 15:25:00,2010-03-30 15:25:00,1,Inactive >90 Days
15743,United Kingdom,Prospective,0,17,4,775.96,193.99,214,2011-06-08 10:14:00,2011-11-23 17:19:00,169,Recently Active
15744,United Kingdom,General,1,78,1,34.8,34.8,120,2011-09-23 09:52:00,2011-09-23 09:52:00,1,Recently Active
15745,United Kingdom,Prospective,0,20,4,1094.5900000000001,273.64750000000004,421,2011-04-17 13:04:00,2011-11-20 13:45:00,218,Recently Active
15746,United Kingdom,General,1,135,1,196.88,196.88,178,2011-07-28 15:21:00,2011-07-28 15:21:00,1,Inactive >90 Days
15747,United Kingdom,Potential,4,13,9,2499.81,277.75666666666666,1344,2010-01-18 11:21:00,2011-11-27 12:26:00,679,Recently Active
15748,United Kingdom,Prospective,0,41,3,609.81,203.26999999999998,261,2010-09-16 16:52:00,2011-10-30 12:51:00,410,Recently Active
15749,United Kingdom,Minimum,3,236,3,44534.3,14844.766666666668,18028,2011-01-11 12:55:00,2011-04-18 13:20:00,98,Inactive >90 Days
15750,United Kingdom,Main,2,3,18,6452.99,358.4994444444444,4280,2009-12-01 17:19:00,2011-12-07 12:34:00,737,Recently Active
15751,United Kingdom,Minimum,3,461,11,1380.44,125.49454545454546,443,2009-12-06 13:08:00,2010-09-05 12:44:00,274,Inactive >90 Days
15752,United Kingdom,Potential,4,40,9,3924.91,436.1011111111111,2792,2010-09-08 11:56:00,2011-10-31 11:37:00,419,Recently Active
15753,United Kingdom,General,1,305,1,79.2,79.2,144,2011-02-08 12:41:00,2011-02-08 12:41:00,1,Inactive >90 Days
15754,United Kingdom,Potential,4,52,9,3037.61,337.51222222222225,1762,2010-02-22 13:31:00,2011-10-19 14:40:00,605,Recently Active
15755,United Kingdom,Main,2,11,17,5993.12,352.53647058823526,4034,2009-12-04 08:24:00,2011-11-29 14:57:00,726,Recently Active
15756,United Kingdom,Prospective,0,62,4,528.01,132.0025,241,2011-04-04 14:00:00,2011-10-09 13:30:00,189,Recently Active
15757,United Kingdom,Potential,4,66,6,2940.36,490.06,1757,2010-06-10 13:47:00,2011-10-05 12:14:00,483,Recently Active
15758,United Kingdom,Prospective,0,25,1,205.25,205.25,47,2011-11-15 10:48:00,2011-11-15 10:48:00,1,Recently Active
15759,United Kingdom,Minimum,3,219,7,830.9300000000001,118.70428571428572,523,2009-12-02 10:08:00,2011-05-05 15:13:00,520,Inactive >90 Days
15761,United Kingdom,General,1,443,1,143.05,143.05,31,2010-09-23 09:33:00,2010-09-23 09:33:00,1,Inactive >90 Days
15762,United Kingdom,Prospective,0,66,2,583.75,291.875,251,2011-09-23 15:17:00,2011-10-05 16:15:00,13,Recently Active
15763,United Kingdom,Prospective,0,32,2,1086.92,543.46,271,2011-09-23 12:10:00,2011-11-08 09:44:00,47,Recently Active
15764,United Kingdom,Potential,4,89,8,4503.08,562.885,2945,2010-08-18 13:58:00,2011-09-12 17:58:00,391,Recently Active
15765,United Kingdom,General,1,667,1,370.63,370.63,335,2010-02-11 10:25:00,2010-02-11 10:25:00,1,Inactive >90 Days
15766,United Kingdom,Prospective,0,65,3,831.0600000000001,277.02000000000004,334,2010-01-26 15:55:00,2011-10-06 17:03:00,619,Recently Active
15768,United Kingdom,Main,2,116,34,15308.89,450.2614705882353,4215,2009-12-03 12:10:00,2011-08-16 10:48:00,622,Inactive >90 Days
15769,United Kingdom,Main,2,8,46,88612.52,1926.3591304347826,49068,2009-12-11 09:58:00,2011-12-02 13:52:00,722,Recently Active
15770,United Kingdom,General,1,613,1,321.45,321.45,67,2010-04-06 11:47:00,2010-04-06 11:47:00,1,Inactive >90 Days
15771,United Kingdom,Minimum,3,605,3,1006.54,335.5133333333333,512,2010-01-15 12:14:00,2010-04-14 13:56:00,90,Inactive >90 Days
15772,United Kingdom,General,1,419,1,280.88,280.88,110,2010-10-17 13:33:00,2010-10-17 13:33:00,1,Inactive >90 Days
15773,United Kingdom,Prospective,0,6,2,774.52,387.26,410,2010-10-26 15:27:00,2011-12-04 12:48:00,405,Recently Active
15774,United Kingdom,Potential,4,69,6,1287.09,214.515,464,2010-02-21 12:57:00,2011-10-02 12:04:00,589,Recently Active
15775,United Kingdom,General,1,246,2,150.5,75.25,260,2010-03-18 07:32:00,2011-04-08 12:56:00,387,Inactive >90 Days
15776,United Kingdom,General,1,134,1,241.62,241.62,138,2011-07-29 13:46:00,2011-07-29 13:46:00,1,Inactive >90 Days
15777,United Kingdom,Minimum,3,242,7,1762.6100000000001,251.8014285714286,599,2010-05-20 10:37:00,2011-04-12 16:43:00,328,Inactive >90 Days
15778,United Kingdom,General,1,432,1,307.95000000000005,307.95000000000005,101,2010-10-04 15:10:00,2010-10-04 15:10:00,1,Inactive >90 Days
15779,United Kingdom,General,1,464,2,124.08000000000001,62.040000000000006,20,2010-06-25 15:55:00,2010-09-02 16:40:00,70,Inactive >90 Days
15780,United Kingdom,Minimum,3,184,3,475.28000000000003,158.42666666666668,220,2010-12-17 11:43:00,2011-06-09 12:01:00,175,Inactive >90 Days
15781,United Kingdom,Prospective,0,26,3,345.46000000000004,115.15333333333335,180,2011-02-07 09:15:00,2011-11-14 14:57:00,281,Recently Active
15782,United Kingdom,Potential,4,10,4,4014.1,1003.525,1844,2010-10-05 15:43:00,2011-11-30 10:49:00,422,Recently Active
15783,United Kingdom,Prospective,0,11,1,246.3,246.3,212,2011-11-29 09:50:00,2011-11-29 09:50:00,1,Recently Active
15784,United Kingdom,Minimum,3,468,2,848.33,424.165,381,2010-02-05 14:42:00,2010-08-29 10:38:00,206,Inactive >90 Days
15785,United Kingdom,Potential,4,33,16,5969.93,373.120625,4479,2009-12-15 16:28:00,2011-11-07 11:33:00,693,Recently Active
15786,United Kingdom,Potential,4,47,5,8501.62,1700.324,5957,2010-06-21 10:13:00,2011-10-24 14:13:00,491,Recently Active
15787,United Kingdom,Prospective,0,27,3,933.26,311.08666666666664,534,2011-10-09 13:11:00,2011-11-13 14:55:00,36,Recently Active
15788,United Kingdom,General,1,509,1,221.83,221.83,115,2010-07-19 12:48:00,2010-07-19 12:48:00,1,Inactive >90 Days
15789,United Kingdom,Minimum,3,359,6,1962.01,327.00166666666667,2499,2010-03-26 11:21:00,2010-12-16 14:35:00,266,Inactive >90 Days
15790,United Kingdom,Prospective,0,11,1,218.75,218.75,113,2011-11-29 14:53:00,2011-11-29 14:53:00,1,Recently Active
15791,United Kingdom,Potential,4,44,5,3608.34,721.668,1970,2010-03-08 09:41:00,2011-10-27 10:14:00,599,Recently Active
15792,United Kingdom,Minimum,3,400,2,933.84,466.92,606,2010-03-31 09:42:00,2010-11-05 08:21:00,220,Inactive >90 Days
15793,United Kingdom,Potential,4,15,8,2399.57,299.94625,1685,2009-12-01 12:54:00,2011-11-25 09:31:00,725,Recently Active
15794,United Kingdom,Minimum,3,737,2,777.0,388.5,288,2009-12-02 15:10:00,2009-12-03 13:04:00,2,Inactive >90 Days
15795,United Kingdom,Minimum,3,150,8,1979.8700000000001,247.48375000000001,1411,2010-01-18 11:31:00,2011-07-13 10:43:00,542,Inactive >90 Days
15796,United Kingdom,Main,2,2,17,5170.63,304.15470588235297,1732,2010-03-31 13:10:00,2011-12-08 19:55:00,618,Recently Active
15797,United Kingdom,Minimum,3,114,5,2806.08,561.216,1280,2010-01-27 13:12:00,2011-08-18 17:04:00,569,Inactive >90 Days
15798,United Kingdom,Minimum,3,493,3,1535.37,511.78999999999996,915,2010-01-27 11:55:00,2010-08-04 09:13:00,190,Inactive >90 Days
15799,United Kingdom,Minimum,3,76,4,1421.34,355.335,1341,2010-10-17 14:26:00,2011-09-25 12:46:00,344,Recently Active
15800,United Kingdom,Minimum,3,108,7,1227.07,175.29571428571427,575,2010-03-31 13:17:00,2011-08-24 14:23:00,512,Inactive >90 Days
15801,United Kingdom,Prospective,0,47,3,1063.95,354.65000000000003,570,2011-08-22 09:53:00,2011-10-24 13:52:00,64,Recently Active
15803,United Kingdom,Potential,4,52,4,1929.66,482.415,1030,2010-02-01 16:29:00,2011-10-19 14:56:00,626,Recently Active
15804,United Kingdom,Main,2,1,13,4206.39,323.5684615384616,2565,2011-05-25 10:12:00,2011-12-09 12:31:00,199,Recently Active
15805,United Kingdom,Main,2,24,30,10148.93,338.29766666666666,6205,2009-12-10 12:57:00,2011-11-16 16:32:00,707,Recently Active
15806,United Kingdom,Prospective,0,47,3,784.58,261.5266666666667,602,2011-03-08 09:24:00,2011-10-24 14:35:00,231,Recently Active
15807,United Kingdom,Potential,4,51,5,1817.52,363.504,1532,2010-02-11 15:32:00,2011-10-20 14:10:00,617,Recently Active
15808,United Kingdom,Main,2,307,21,17180.25,818.1071428571429,6753,2009-12-01 16:30:00,2011-02-06 14:33:00,433,Inactive >90 Days
15809,United Kingdom,Potential,4,37,7,1274.44,182.06285714285715,700,2010-06-22 14:23:00,2011-11-03 16:40:00,500,Recently Active
15810,United Kingdom,Potential,4,79,8,2999.04,374.88,1653,2010-02-04 18:18:00,2011-09-22 09:38:00,596,Recently Active
15811,United Kingdom,Potential,4,23,7,3392.55,484.65000000000003,1733,2010-11-16 16:46:00,2011-11-17 15:31:00,367,Recently Active
15812,United Kingdom,Potential,4,108,12,5201.47,433.4558333333334,3450,2009-12-15 13:40:00,2011-08-24 14:19:00,618,Inactive >90 Days
15813,United Kingdom,Minimum,3,208,2,1303.9099999999999,651.9549999999999,603,2011-04-14 09:09:00,2011-05-16 08:13:00,33,Inactive >90 Days
15814,United Kingdom,Potential,4,17,6,2634.44,439.0733333333333,1728,2010-04-15 14:31:00,2011-11-23 08:17:00,588,Recently Active
15815,United Kingdom,Potential,4,64,5,2100.6,420.12,1856,2011-03-25 08:43:00,2011-10-07 12:42:00,197,Recently Active
15816,United Kingdom,General,1,543,2,144.15,72.075,54,2010-06-15 12:54:00,2010-06-15 13:36:00,1,Inactive >90 Days
15817,United Kingdom,Minimum,3,421,3,2766.4,922.1333333333333,1596,2010-06-14 13:31:00,2010-10-15 11:07:00,124,Inactive >90 Days
15818,United Kingdom,General,1,589,1,340.5,340.5,284,2010-04-30 12:58:00,2010-04-30 12:58:00,1,Inactive >90 Days
15819,United Kingdom,Potential,4,50,10,3934.79,393.479,2928,2010-03-18 11:08:00,2011-10-21 14:50:00,583,Recently Active
15820,United Kingdom,General,1,320,1,206.98,206.98,128,2011-01-24 12:00:00,2011-01-24 12:00:00,1,Inactive >90 Days
15821,United Kingdom,Prospective,0,45,2,570.96,285.48,202,2011-10-09 13:28:00,2011-10-26 15:48:00,18,Recently Active
15822,United Kingdom,Potential,4,4,6,1840.06,306.6766666666667,950,2009-12-06 15:12:00,2011-12-06 14:50:00,731,Recently Active
15823,United Kingdom,Minimum,3,730,2,3867.17,1933.585,1773,2009-12-08 15:12:00,2009-12-10 18:03:00,3,Inactive >90 Days
15824,United Kingdom,Minimum,3,454,2,890.94,445.47,478,2010-06-25 15:10:00,2010-09-12 13:20:00,80,Inactive >90 Days
15825,United Kingdom,General,1,173,1,532.94,532.94,220,2011-06-20 13:27:00,2011-06-20 13:27:00,1,Inactive >90 Days
15826,United Kingdom,Potential,4,57,4,2598.28,649.57,1824,2010-05-20 17:00:00,2011-10-14 16:05:00,513,Recently Active
15827,United Kingdom,Main,2,74,28,3603.14,128.6835714285714,1715,2010-01-08 11:25:00,2011-09-27 15:35:00,628,Recently Active
15828,United Kingdom,Minimum,3,376,1,1108.82,1108.82,367,2010-11-29 16:41:00,2010-11-29 16:41:00,1,Inactive >90 Days
15829,United Kingdom,Prospective,0,100,2,636.14,318.07,996,2011-07-22 10:23:00,2011-09-01 16:45:00,42,Inactive >90 Days
15830,United Kingdom,Prospective,0,38,1,576.0,576.0,415,2011-11-02 10:40:00,2011-11-02 10:40:00,1,Recently Active
15831,United Kingdom,Prospective,0,59,3,794.64,264.88,1092,2011-01-19 14:52:00,2011-10-12 13:14:00,267,Recently Active
15832,United Kingdom,General,1,255,1,836.79,836.79,465,2011-03-30 15:29:00,2011-03-30 15:29:00,1,Inactive >90 Days
15833,United Kingdom,General,1,738,1,80.4,80.4,24,2009-12-02 11:59:00,2009-12-02 11:59:00,1,Inactive >90 Days
15834,United Kingdom,Potential,4,71,7,3761.89,537.4128571428571,1813,2010-10-11 14:05:00,2011-09-30 14:41:00,355,Recently Active
15835,United Kingdom,Prospective,0,45,4,954.09,238.5225,439,2011-01-13 10:35:00,2011-10-26 15:47:00,287,Recently Active
15836,United Kingdom,Prospective,0,51,1,137.37,137.37,26,2011-10-20 17:13:00,2011-10-20 17:13:00,1,Recently Active
15837,United Kingdom,Prospective,0,65,2,777.01,388.505,405,2010-08-11 10:16:00,2011-10-06 09:01:00,422,Recently Active
15838,United Kingdom,Main,2,12,34,73205.5,2153.1029411764707,64114,2009-12-15 09:51:00,2011-11-28 14:00:00,714,Recently Active
15839,United Kingdom,Prospective,0,34,3,1048.49,349.49666666666667,675,2011-07-14 16:35:00,2011-11-06 13:54:00,116,Recently Active
15840,United Kingdom,Prospective,0,59,2,355.56,177.78,396,2011-06-20 11:42:00,2011-10-12 09:08:00,115,Recently Active
15841,United Kingdom,Potential,4,73,9,2742.41,304.7122222222222,2391,2009-12-10 08:29:00,2011-09-28 12:15:00,658,Recently Active
15842,United Kingdom,General,1,394,2,548.8000000000001,274.40000000000003,296,2010-06-30 09:06:00,2010-11-11 14:08:00,135,Inactive >90 Days
15843,United Kingdom,General,1,304,1,118.95,118.95,27,2011-02-09 10:19:00,2011-02-09 10:19:00,1,Inactive >90 Days
15844,United Kingdom,Prospective,0,47,1,130.73999999999998,130.73999999999998,134,2011-10-24 15:19:00,2011-10-24 15:19:00,1,Recently Active
15845,United Kingdom,Potential,4,18,11,4426.28,402.3890909090909,2128,2010-01-26 14:44:00,2011-11-22 09:42:00,666,Recently Active
15846,United Kingdom,General,1,386,1,107.01,107.01,79,2010-11-19 14:40:00,2010-11-19 14:40:00,1,Inactive >90 Days
15847,United Kingdom,Prospective,0,39,5,822.57,164.514,643,2010-03-08 08:47:00,2011-11-01 14:41:00,604,Recently Active
15848,United Kingdom,General,1,622,1,137.99,137.99,45,2010-03-28 10:54:00,2010-03-28 10:54:00,1,Inactive >90 Days
15850,United Kingdom,Potential,4,20,6,1006.75,167.79166666666666,1334,2009-12-13 13:27:00,2011-11-20 14:14:00,708,Recently Active
15851,United Kingdom,General,1,527,1,109.73,109.73,67,2010-07-01 12:34:00,2010-07-01 12:34:00,1,Inactive >90 Days
15852,United Kingdom,General,1,187,3,257.26,85.75333333333333,60,2010-07-01 10:16:00,2011-06-06 11:22:00,341,Inactive >90 Days
15853,United Kingdom,Prospective,0,52,1,110.8,110.8,135,2011-10-19 10:38:00,2011-10-19 10:38:00,1,Recently Active
15854,United Kingdom,Main,2,5,21,5578.28,265.6323809523809,1691,2009-12-10 12:08:00,2011-12-05 13:39:00,726,Recently Active
15855,United Kingdom,Minimum,3,137,6,1052.72,175.45333333333335,712,2010-08-20 17:15:00,2011-07-26 10:20:00,341,Inactive >90 Days
15856,United Kingdom,Main,2,5,52,32274.69,620.6671153846154,19547,2009-12-03 14:02:00,2011-12-05 17:09:00,733,Recently Active
15857,United Kingdom,Prospective,0,19,2,570.48,285.24,584,2010-10-05 16:43:00,2011-11-21 12:18:00,413,Recently Active
15858,United Kingdom,Potential,4,16,13,3552.41,273.2623076923077,2715,2009-12-10 11:42:00,2011-11-24 12:48:00,715,Recently Active
15859,United Kingdom,General,1,433,1,438.46,438.46,174,2010-10-03 12:52:00,2010-10-03 12:52:00,1,Inactive >90 Days
15860,United Kingdom,Potential,4,41,17,2358.8,138.75294117647059,1258,2009-12-06 12:31:00,2011-10-30 11:25:00,694,Recently Active
15861,United Kingdom,Potential,4,13,12,4360.9,363.4083333333333,3833,2010-01-28 19:41:00,2011-11-27 15:59:00,669,Recently Active
15862,United Kingdom,Potential,4,9,13,2507.14,192.85692307692307,1515,2009-12-17 11:33:00,2011-12-01 13:28:00,715,Recently Active
15863,United Kingdom,Prospective,0,26,5,355.1,71.02000000000001,162,2009-12-17 10:20:00,2011-11-14 12:49:00,698,Recently Active
15864,United Kingdom,Potential,4,23,7,2180.76,311.5371428571429,1486,2010-11-23 15:02:00,2011-11-17 13:32:00,360,Recently Active
15865,United Kingdom,Potential,4,41,5,2241.42,448.284,1141,2010-01-05 13:58:00,2011-10-30 12:43:00,664,Recently Active
15866,United Kingdom,General,1,102,1,211.89,211.89,124,2011-08-30 14:09:00,2011-08-30 14:09:00,1,Inactive >90 Days
15867,United Kingdom,Main,2,6,31,8869.87,286.1248387096774,4969,2009-12-14 15:16:00,2011-12-04 13:32:00,721,Recently Active
15868,United Kingdom,General,1,584,1,94.53,94.53,57,2010-05-05 14:11:00,2010-05-05 14:11:00,1,Inactive >90 Days
15869,United Kingdom,General,1,278,3,321.11,107.03666666666668,273,2010-03-23 16:50:00,2011-03-07 17:23:00,350,Inactive >90 Days
15870,United Kingdom,Prospective,0,33,4,857.46,214.365,504,2010-09-19 16:22:00,2011-11-07 10:58:00,415,Recently Active
15871,United Kingdom,General,1,438,1,33.099999999999994,33.099999999999994,5,2010-09-28 14:16:00,2010-09-28 14:16:00,1,Inactive >90 Days
15872,United Kingdom,Prospective,0,15,4,729.25,182.3125,467,2010-06-07 14:53:00,2011-11-25 11:55:00,537,Recently Active
15873,United Kingdom,General,1,500,4,313.91999999999996,78.47999999999999,1152,2010-07-27 11:58:00,2010-07-28 12:41:00,2,Inactive >90 Days
15874,United Kingdom,Main,2,64,21,11284.76,537.3695238095238,5102,2010-01-07 13:56:00,2011-10-07 12:31:00,639,Recently Active
15875,United Kingdom,General,1,647,1,108.52,108.52,74,2010-03-03 16:51:00,2010-03-03 16:51:00,1,Inactive >90 Days
15876,United Kingdom,Minimum,3,410,2,1449.14,724.57,886,2010-09-17 15:26:00,2010-10-26 18:58:00,40,Inactive >90 Days
15877,United Kingdom,Prospective,0,2,2,490.33,245.165,368,2011-11-22 11:18:00,2011-12-08 11:53:00,17,Recently Active
15878,United Kingdom,General,1,562,2,330.77,165.385,243,2009-12-06 12:28:00,2010-05-27 12:17:00,173,Inactive >90 Days
15879,United Kingdom,Minimum,3,405,4,1137.8,284.45,639,2009-12-17 19:54:00,2010-10-31 16:21:00,319,Inactive >90 Days
15880,United Kingdom,General,1,370,1,329.03,329.03,202,2010-12-05 13:00:00,2010-12-05 13:00:00,1,Inactive >90 Days
15881,United Kingdom,Minimum,3,313,5,501.39,100.27799999999999,260,2010-12-10 13:32:00,2011-01-31 16:59:00,53,Inactive >90 Days
15882,United Kingdom,Minimum,3,199,8,1122.38,140.2975,638,2009-12-10 15:33:00,2011-05-25 11:35:00,532,Inactive >90 Days
15883,United Kingdom,Prospective,0,3,2,396.48,198.24,223,2011-11-06 14:50:00,2011-12-07 17:05:00,32,Recently Active
15884,United Kingdom,General,1,433,2,244.60000000000002,122.30000000000001,152,2009-12-03 18:23:00,2010-10-03 15:55:00,305,Inactive >90 Days
15885,United Kingdom,Potential,4,94,13,1921.82,147.8323076923077,620,2010-01-21 12:47:00,2011-09-07 14:56:00,595,Inactive >90 Days
15886,United Kingdom,Minimum,3,61,4,1052.8700000000001,263.21750000000003,667,2010-04-20 15:03:00,2011-10-10 14:25:00,539,Recently Active
15887,United Kingdom,Minimum,3,407,3,1027.15,342.3833333333334,605,2010-06-02 11:53:00,2010-10-29 08:36:00,150,Inactive >90 Days
15888,United Kingdom,Prospective,0,81,3,423.49,141.16333333333333,130,2010-07-01 11:51:00,2011-09-20 12:30:00,447,Recently Active
15889,United Kingdom,Minimum,3,157,8,1407.05,175.88125,793,2009-12-10 12:21:00,2011-07-06 11:10:00,574,Inactive >90 Days
15890,United Kingdom,Minimum,3,395,5,535.65,107.13,119,2010-04-14 08:43:00,2010-11-10 12:46:00,211,Inactive >90 Days
15891,United Kingdom,General,1,227,1,509.13,509.13,417,2011-04-27 12:35:00,2011-04-27 12:35:00,1,Inactive >90 Days
15892,United Kingdom,General,1,670,1,128.2,128.2,46,2010-02-08 16:23:00,2010-02-08 16:23:00,1,Inactive >90 Days
15893,United Kingdom,General,1,482,1,305.28000000000003,305.28000000000003,288,2010-08-15 11:12:00,2010-08-15 11:12:00,1,Inactive >90 Days
15894,United Kingdom,General,1,254,2,257.6,128.8,163,2010-12-05 14:06:00,2011-03-31 13:50:00,117,Inactive >90 Days
15895,United Kingdom,General,1,150,1,179.17,179.17,94,2011-07-13 10:27:00,2011-07-13 10:27:00,1,Inactive >90 Days
15897,United Kingdom,General,1,195,2,208.59,104.295,223,2011-05-29 13:32:00,2011-05-29 13:50:00,1,Inactive >90 Days
15898,United Kingdom,Main,2,2,25,4992.7,199.708,2157,2009-12-11 16:11:00,2011-12-08 15:23:00,728,Recently Active
15899,United Kingdom,General,1,369,1,56.25,56.25,39,2010-12-06 10:36:00,2010-12-06 10:36:00,1,Inactive >90 Days
15900,United Kingdom,Prospective,0,24,4,886.57,221.6425,656,2010-05-26 11:27:00,2011-11-16 12:19:00,540,Recently Active
15901,United Kingdom,Prospective,0,17,6,667.89,111.315,686,2010-06-14 12:39:00,2011-11-23 12:43:00,528,Recently Active
15902,United Kingdom,General,1,381,1,145.01,145.01,124,2010-11-24 16:57:00,2010-11-24 16:57:00,1,Inactive >90 Days
15903,United Kingdom,Main,2,10,12,8939.84,744.9866666666667,3926,2010-01-14 10:57:00,2011-11-30 08:08:00,686,Recently Active
15904,United Kingdom,Prospective,0,9,1,164.68,164.68,84,2011-12-01 14:50:00,2011-12-01 14:50:00,1,Recently Active
15905,United Kingdom,General,1,544,1,114.69,114.69,82,2010-06-14 16:00:00,2010-06-14 16:00:00,1,Inactive >90 Days
15906,United Kingdom,Potential,4,20,10,2530.19,253.019,749,2010-09-15 12:17:00,2011-11-20 12:24:00,432,Recently Active
15907,United Kingdom,Prospective,0,4,3,881.87,293.95666666666665,477,2011-05-13 13:01:00,2011-12-06 12:21:00,208,Recently Active
15908,United Kingdom,Minimum,3,491,2,758.62,379.31,173,2010-07-15 19:21:00,2010-08-06 11:56:00,23,Inactive >90 Days
15909,United Kingdom,General,1,174,1,191.94,191.94,98,2011-06-19 10:38:00,2011-06-19 10:38:00,1,Inactive >90 Days
15910,United Kingdom,Main,2,1,15,2661.17,177.41133333333335,2158,2010-01-21 11:51:00,2011-12-09 10:51:00,688,Recently Active
15911,United Kingdom,Minimum,3,624,8,1683.79,210.47375,784,2009-12-09 13:26:00,2010-03-26 12:06:00,108,Inactive >90 Days
15912,United Kingdom,Minimum,3,179,9,1074.7,119.41111111111111,759,2009-12-10 12:58:00,2011-06-14 14:29:00,552,Inactive >90 Days
15913,United Kingdom,General,1,535,1,6.300000000000001,6.300000000000001,3,2010-06-23 16:31:00,2010-06-23 16:31:00,1,Inactive >90 Days
15914,United Kingdom,General,1,379,2,205.99,102.995,149,2010-11-26 16:09:00,2010-11-26 16:10:00,1,Inactive >90 Days
15915,United Kingdom,General,1,402,1,364.24,364.24,413,2010-11-03 11:13:00,2010-11-03 11:13:00,1,Inactive >90 Days
15916,United Kingdom,Potential,4,17,13,3145.2400000000002,241.94153846153847,1618,2009-12-10 16:21:00,2011-11-23 13:46:00,714,Recently Active
15917,United Kingdom,Minimum,3,248,5,530.17,106.03399999999999,248,2009-12-02 14:55:00,2011-04-06 10:40:00,491,Inactive >90 Days
15918,United Kingdom,Minimum,3,191,3,582.88,194.29333333333332,240,2010-03-18 11:40:00,2011-06-02 11:42:00,442,Inactive >90 Days
15919,United Kingdom,Prospective,0,20,2,525.69,262.845,385,2010-12-06 11:26:00,2011-11-20 11:28:00,350,Recently Active
15920,United Kingdom,Minimum,3,155,8,565.19,70.64875,233,2009-12-14 13:09:00,2011-07-08 15:25:00,572,Inactive >90 Days
15921,United Kingdom,Minimum,3,173,4,765.61,191.4025,333,2010-03-09 11:03:00,2011-06-20 11:03:00,469,Inactive >90 Days
15922,United Kingdom,General,1,374,1,369.5,369.5,138,2010-12-01 13:51:00,2010-12-01 13:51:00,1,Inactive >90 Days
15923,United Kingdom,General,1,373,1,127.08,127.08,122,2010-12-02 12:16:00,2010-12-02 12:16:00,1,Inactive >90 Days
15924,United Kingdom,General,1,732,1,102.82,102.82,103,2009-12-08 15:00:00,2009-12-08 15:00:00,1,Inactive >90 Days
15925,United Kingdom,General,1,195,1,207.15,207.15,93,2011-05-29 15:35:00,2011-05-29 15:35:00,1,Inactive >90 Days
15926,United Kingdom,General,1,543,1,134.44,134.44,155,2010-06-15 15:23:00,2010-06-15 15:23:00,1,Inactive >90 Days
15927,United Kingdom,General,1,648,1,106.54,106.54,66,2010-03-02 13:25:00,2010-03-02 13:25:00,1,Inactive >90 Days
15928,United Kingdom,General,1,657,1,293.53,293.53,164,2010-02-21 15:16:00,2010-02-21 15:16:00,1,Inactive >90 Days
15929,United Kingdom,General,1,645,1,594.0,594.0,120,2010-03-05 14:56:00,2010-03-05 14:56:00,1,Inactive >90 Days
15930,United Kingdom,Prospective,0,68,1,426.63,426.63,139,2011-10-03 14:52:00,2011-10-03 14:52:00,1,Recently Active
15931,United Kingdom,General,1,429,1,239.9,239.9,118,2010-10-07 16:46:00,2010-10-07 16:46:00,1,Inactive >90 Days
15932,United Kingdom,Potential,4,5,8,2495.87,311.98375,2325,2011-02-23 14:50:00,2011-12-05 17:13:00,286,Recently Active
15933,United Kingdom,Prospective,0,22,3,1107.46,369.15333333333336,885,2011-09-14 12:05:00,2011-11-18 13:14:00,66,Recently Active
15934,United Kingdom,Minimum,3,418,2,2190.66,1095.33,2166,2010-10-06 12:08:00,2010-10-18 10:13:00,13,Inactive >90 Days
15935,United Kingdom,General,1,240,1,108.03999999999999,108.03999999999999,114,2011-04-14 13:27:00,2011-04-14 13:27:00,1,Inactive >90 Days
15936,United Kingdom,General,1,380,2,282.79,141.395,211,2010-08-29 11:42:00,2010-11-25 16:39:00,89,Inactive >90 Days
15937,United Kingdom,General,1,65,1,145.35000000000002,145.35000000000002,73,2011-10-06 15:48:00,2011-10-06 15:48:00,1,Recently Active
15938,United Kingdom,Minimum,3,113,9,734.8100000000001,81.64555555555556,449,2010-06-01 09:42:00,2011-08-19 12:56:00,445,Inactive >90 Days
15939,United Kingdom,Potential,4,90,15,9004.84,600.3226666666667,6227,2010-11-30 12:07:00,2011-09-11 11:30:00,286,Recently Active
15940,United Kingdom,General,1,312,1,35.8,35.8,4,2011-02-01 16:18:00,2011-02-01 16:18:00,1,Inactive >90 Days
15941,United Kingdom,General,1,638,1,405.0,405.0,60,2010-03-12 14:45:00,2010-03-12 14:45:00,1,Inactive >90 Days
15942,United Kingdom,General,1,134,1,337.44,337.44,232,2011-07-29 09:01:00,2011-07-29 09:01:00,1,Inactive >90 Days
15943,United Kingdom,General,1,650,2,271.28999999999996,135.64499999999998,183,2010-01-31 11:04:00,2010-02-28 12:49:00,29,Inactive >90 Days
15944,United Kingdom,Minimum,3,277,4,2164.24,541.06,859,2009-12-13 12:57:00,2011-03-08 10:33:00,451,Inactive >90 Days
15945,United Kingdom,Minimum,3,366,4,646.27,161.5675,345,2009-12-01 13:47:00,2010-12-09 13:14:00,374,Inactive >90 Days
15946,United Kingdom,Minimum,3,503,3,2304.18,768.06,1614,2010-03-16 10:49:00,2010-07-25 12:18:00,132,Inactive >90 Days
15947,United Kingdom,Prospective,0,83,1,1708.24,1708.24,898,2011-09-18 10:46:00,2011-09-18 10:46:00,1,Recently Active
15948,United Kingdom,Prospective,0,9,3,1509.0900000000001,503.03000000000003,852,2010-10-11 12:16:00,2011-12-01 15:32:00,417,Recently Active
15949,United Kingdom,Prospective,0,17,2,364.72,182.36,284,2011-09-29 17:34:00,2011-11-23 09:09:00,56,Recently Active
15950,United Kingdom,Potential,4,32,10,7120.91,712.091,3354,2010-01-26 11:39:00,2011-11-08 11:09:00,652,Recently Active
15951,United Kingdom,Prospective,0,9,3,1013.1700000000001,337.72333333333336,420,2010-11-23 18:20:00,2011-12-01 08:34:00,374,Recently Active
15952,United Kingdom,Prospective,0,34,4,781.91,195.4775,391,2011-04-28 12:55:00,2011-11-06 11:18:00,193,Recently Active
15953,United Kingdom,Potential,4,16,18,3440.34,191.13,1741,2009-12-03 14:00:00,2011-11-24 15:32:00,722,Recently Active
15954,United Kingdom,General,1,590,1,187.8,187.8,118,2010-04-29 13:35:00,2010-04-29 13:35:00,1,Inactive >90 Days
15955,United Kingdom,Main,2,25,22,8085.9800000000005,367.54454545454547,3967,2010-02-23 16:36:00,2011-11-15 14:15:00,631,Recently Active
15956,United Kingdom,General,1,552,2,617.6,308.8,278,2009-12-13 11:16:00,2010-06-06 13:06:00,176,Inactive >90 Days
15957,United Kingdom,Prospective,0,32,3,921.25,307.0833333333333,453,2010-10-15 12:11:00,2011-11-08 12:14:00,390,Recently Active
15958,United Kingdom,Prospective,0,75,4,462.12,115.53,154,2010-06-07 10:59:00,2011-09-26 13:41:00,477,Recently Active
15959,United Kingdom,Minimum,3,683,3,542.89,180.96333333333334,269,2010-01-26 16:19:00,2010-01-26 16:38:00,1,Inactive >90 Days
15960,United Kingdom,Minimum,3,375,4,410.95,102.7375,258,2010-09-30 15:50:00,2010-11-30 15:57:00,62,Inactive >90 Days
15961,United Kingdom,General,1,380,1,451.28999999999996,451.28999999999996,154,2010-11-25 15:59:00,2010-11-25 15:59:00,1,Inactive >90 Days
15962,United Kingdom,General,1,450,1,289.48,289.48,228,2010-09-16 13:48:00,2010-09-16 13:48:00,1,Inactive >90 Days
15963,United Kingdom,Prospective,0,20,2,470.76,235.38,298,2011-10-25 13:05:00,2011-11-20 11:33:00,27,Recently Active
15964,United Kingdom,General,1,664,1,269.21000000000004,269.21000000000004,93,2010-02-14 15:30:00,2010-02-14 15:30:00,1,Inactive >90 Days
15965,United Kingdom,Potential,4,18,13,2771.94,213.22615384615386,1313,2009-12-03 11:45:00,2011-11-22 16:44:00,720,Recently Active
15966,United Kingdom,General,1,451,1,426.53,426.53,275,2010-09-15 10:44:00,2010-09-15 10:44:00,1,Inactive >90 Days
15967,United Kingdom,Potential,4,24,12,2966.0,247.16666666666666,1183,2009-12-01 13:29:00,2011-11-16 15:41:00,716,Recently Active
15968,United Kingdom,General,1,389,1,401.8,401.8,242,2010-11-16 13:04:00,2010-11-16 13:04:00,1,Inactive >90 Days
15969,United Kingdom,Potential,4,3,5,1127.05,225.41,223,2010-07-05 13:10:00,2011-12-07 11:06:00,521,Recently Active
15970,United Kingdom,Minimum,3,304,2,1017.3199999999999,508.65999999999997,498,2010-04-20 11:30:00,2011-02-09 12:08:00,296,Inactive >90 Days
15971,United Kingdom,Main,2,18,18,5897.88,327.66,2250,2009-12-08 09:46:00,2011-11-22 12:50:00,715,Recently Active
15972,United Kingdom,Minimum,3,457,5,1769.33,353.866,468,2010-04-18 14:06:00,2010-09-09 13:20:00,145,Inactive >90 Days
15973,United Kingdom,Minimum,3,367,2,665.62,332.81,194,2010-10-07 08:33:00,2010-12-08 11:42:00,63,Inactive >90 Days
15974,United Kingdom,Potential,4,40,7,3442.15,491.7357142857143,2262,2011-02-24 10:10:00,2011-10-31 13:13:00,250,Recently Active
15975,United Kingdom,Prospective,0,85,1,371.01,371.01,243,2011-09-16 13:33:00,2011-09-16 13:33:00,1,Recently Active
15976,United Kingdom,Minimum,3,166,6,1680.31,280.0516666666667,1044,2010-06-06 14:01:00,2011-06-27 13:00:00,387,Inactive >90 Days
15977,United Kingdom,Prospective,0,18,2,1054.73,527.365,1016,2011-10-31 16:24:00,2011-11-22 13:29:00,23,Recently Active
15978,United Kingdom,Minimum,3,78,3,3279.42,1093.14,2444,2010-03-05 14:39:00,2011-09-23 15:21:00,568,Recently Active
15979,United Kingdom,General,1,603,1,329.21999999999997,329.21999999999997,450,2010-04-16 11:35:00,2010-04-16 11:35:00,1,Inactive >90 Days
15980,United Kingdom,Potential,4,89,7,6543.68,934.8114285714286,4822,2010-06-01 14:40:00,2011-09-12 09:41:00,469,Recently Active
15981,United Kingdom,Main,2,25,21,9362.77,445.8461904761905,4827,2010-03-29 10:07:00,2011-11-15 08:00:00,597,Recently Active
15982,United Kingdom,General,1,606,1,324.51,324.51,131,2010-04-13 15:47:00,2010-04-13 15:47:00,1,Inactive >90 Days
15983,United Kingdom,Potential,4,23,8,3110.37,388.79625,1872,2009-12-06 12:52:00,2011-11-17 17:34:00,712,Recently Active
15984,United Kingdom,Main,2,3,30,8393.02,279.76733333333334,5730,2009-12-01 13:38:00,2011-12-07 12:16:00,737,Recently Active
15985,United Kingdom,Minimum,3,124,7,2715.28,387.8971428571429,2750,2010-05-27 15:51:00,2011-08-08 16:31:00,439,Inactive >90 Days
15986,United Kingdom,Prospective,0,31,2,354.42,177.21,368,2010-11-23 10:02:00,2011-11-09 15:17:00,352,Recently Active
15987,United Kingdom,Potential,4,13,8,1535.99,191.99875,1599,2010-11-25 12:56:00,2011-11-27 15:38:00,368,Recently Active
15988,United Kingdom,Prospective,0,20,3,736.39,245.46333333333334,474,2010-02-21 11:36:00,2011-11-20 13:23:00,638,Recently Active
15989,United Kingdom,General,1,376,2,368.31,184.155,169,2009-12-02 15:51:00,2010-11-29 12:03:00,363,Inactive >90 Days
15990,United Kingdom,Potential,4,45,7,1997.75,285.39285714285717,1086,2010-02-28 12:30:00,2011-10-26 15:58:00,606,Recently Active
15991,United Kingdom,General,1,535,1,150.55,150.55,41,2010-06-23 15:50:00,2010-06-23 15:50:00,1,Inactive >90 Days
15992,United Kingdom,Prospective,0,4,3,896.6,298.8666666666667,514,2010-09-12 11:52:00,2011-12-06 11:00:00,451,Recently Active
15993,United Kingdom,Potential,4,9,7,2768.97,395.5671428571428,2031,2011-10-26 16:21:00,2011-12-01 10:45:00,37,Recently Active
15994,United Kingdom,Prospective,0,55,3,1175.68,391.8933333333334,462,2010-03-14 11:55:00,2011-10-16 12:28:00,582,Recently Active
15995,United Kingdom,General,1,415,1,694.54,694.54,352,2010-10-21 13:57:00,2010-10-21 13:57:00,1,Inactive >90 Days
15996,United Kingdom,Minimum,3,89,7,1386.4,198.05714285714288,643,2010-11-07 15:49:00,2011-09-12 15:14:00,310,Recently Active
15998,United Kingdom,Main,2,37,16,8274.14,517.13375,5350,2009-12-01 11:45:00,2011-11-03 12:45:00,703,Recently Active
15999,United Kingdom,General,1,736,1,20.4,20.4,24,2009-12-04 12:31:00,2009-12-04 12:31:00,1,Inactive >90 Days
16000,United Kingdom,Potential,4,3,3,12393.7,4131.233333333334,5110,2011-12-07 12:14:00,2011-12-07 12:17:00,1,Recently Active
16001,United Kingdom,General,1,382,1,583.39,583.39,337,2010-11-23 17:10:00,2010-11-23 17:10:00,1,Inactive >90 Days
16002,United Kingdom,General,1,626,1,169.21,169.21,70,2010-03-24 13:08:00,2010-03-24 13:08:00,1,Inactive >90 Days
16003,United Kingdom,Potential,4,30,10,5613.83,561.383,2210,2009-12-03 18:51:00,2011-11-10 09:57:00,708,Recently Active
16004,United Kingdom,Minimum,3,475,5,2146.39,429.27799999999996,1076,2010-01-25 13:56:00,2010-08-22 11:48:00,210,Inactive >90 Days
16005,United Kingdom,Potential,4,13,10,2365.07,236.507,1267,2010-09-15 13:21:00,2011-11-27 13:47:00,439,Recently Active
16006,United Kingdom,General,1,212,2,332.82,166.41,205,2010-11-17 12:03:00,2011-05-12 13:12:00,177,Inactive >90 Days
16007,United Kingdom,Potential,4,48,7,3053.06,436.15142857142854,2631,2010-06-14 13:18:00,2011-10-23 11:05:00,497,Recently Active
16008,United Kingdom,Potential,4,24,15,5339.13,355.942,3237,2010-03-19 11:07:00,2011-11-16 10:32:00,608,Recently Active
16009,United Kingdom,Prospective,0,23,4,972.11,243.0275,366,2011-07-03 11:26:00,2011-11-17 16:51:00,138,Recently Active
16010,United Kingdom,Minimum,3,246,11,1694.86,154.0781818181818,919,2010-10-24 10:54:00,2011-04-08 10:14:00,167,Inactive >90 Days
16011,United Kingdom,Main,2,9,29,5599.31,193.0796551724138,3321,2009-12-01 12:02:00,2011-12-01 16:31:00,731,Recently Active
16012,United Kingdom,Potential,4,36,5,2978.59,595.7180000000001,1760,2010-06-28 11:39:00,2011-11-04 13:25:00,495,Recently Active
16013,United Kingdom,Main,2,4,84,56078.44,667.6004761904762,25520,2009-12-08 10:24:00,2011-12-06 10:36:00,729,Recently Active
16014,United Kingdom,Potential,4,38,5,1100.28,220.05599999999998,462,2010-01-31 12:43:00,2011-11-02 12:04:00,641,Recently Active
16015,United Kingdom,Prospective,0,4,3,704.26,234.75333333333333,906,2011-10-21 12:56:00,2011-12-06 10:58:00,47,Recently Active
16016,United Kingdom,Potential,4,4,11,2083.4,189.4,881,2010-11-02 13:27:00,2011-12-06 14:35:00,400,Recently Active
16017,United Kingdom,Potential,4,48,5,1545.58,309.116,635,2010-01-05 12:06:00,2011-10-23 12:56:00,657,Recently Active
16018,United Kingdom,Prospective,0,40,4,698.13,174.5325,503,2009-12-07 13:57:00,2011-10-31 14:13:00,694,Recently Active
16019,United Kingdom,Main,2,47,27,17329.16,641.8207407407407,6959,2009-12-14 14:12:00,2011-10-24 11:51:00,680,Recently Active
16020,United Kingdom,Prospective,0,17,3,851.01,283.67,487,2011-10-05 13:54:00,2011-11-23 11:18:00,50,Recently Active
16021,United Kingdom,General,1,396,2,487.03,243.515,276,2010-06-13 11:05:00,2010-11-09 14:48:00,150,Inactive >90 Days
16022,United Kingdom,General,1,261,1,602.63,602.63,255,2011-03-24 13:16:00,2011-03-24 13:16:00,1,Inactive >90 Days
16023,United Kingdom,Prospective,0,47,3,719.81,239.93666666666664,358,2011-03-18 13:32:00,2011-10-24 16:34:00,221,Recently Active
16024,United Kingdom,Prospective,0,13,3,478.71,159.57,484,2010-10-24 11:40:00,2011-11-27 13:26:00,400,Recently Active
16025,United Kingdom,Prospective,0,30,1,439.65999999999997,439.65999999999997,338,2011-11-10 11:45:00,2011-11-10 11:45:00,1,Recently Active
16026,United Kingdom,Prospective,0,44,1,236.09,236.09,243,2011-10-27 13:53:00,2011-10-27 13:53:00,1,Recently Active
16027,United Kingdom,Potential,4,92,15,2048.36,136.55733333333333,2099,2010-01-08 13:21:00,2011-09-09 10:47:00,610,Inactive >90 Days
16028,United Kingdom,General,1,596,1,82.2,82.2,18,2010-04-23 11:45:00,2010-04-23 11:45:00,1,Inactive >90 Days
16029,United Kingdom,Main,2,39,106,109620.87,1034.159150943396,54449,2009-12-08 11:23:00,2011-11-01 10:27:00,694,Recently Active
16030,United Kingdom,General,1,310,1,331.24,331.24,283,2011-02-03 11:28:00,2011-02-03 11:28:00,1,Inactive >90 Days
16031,United Kingdom,Prospective,0,93,2,547.9,273.95,421,2011-04-06 14:23:00,2011-09-08 13:07:00,156,Inactive >90 Days
16032,United Kingdom,Minimum,3,457,6,1965.72,327.62,1467,2010-07-04 13:31:00,2010-09-09 18:00:00,68,Inactive >90 Days
16033,United Kingdom,Main,2,6,27,10608.81,392.9188888888889,4200,2010-08-11 16:44:00,2011-12-04 12:44:00,481,Recently Active
16034,United Kingdom,Minimum,3,197,6,911.32,151.88666666666668,585,2010-10-26 13:00:00,2011-05-27 16:17:00,214,Inactive >90 Days
16035,United Kingdom,General,1,561,1,217.73,217.73,33,2010-05-28 15:09:00,2010-05-28 15:09:00,1,Inactive >90 Days
16036,United Kingdom,Minimum,3,88,4,2556.84,639.21,1369,2010-03-29 14:47:00,2011-09-13 14:53:00,534,Recently Active
16037,United Kingdom,Minimum,3,270,5,1509.3400000000001,301.86800000000005,766,2010-03-01 12:31:00,2011-03-15 09:13:00,380,Inactive >90 Days
16038,United Kingdom,Prospective,0,8,3,471.78,157.26,244,2011-05-22 11:29:00,2011-12-02 12:40:00,195,Recently Active
16039,United Kingdom,General,1,424,2,456.4,228.2,409,2010-03-21 15:17:00,2010-10-12 10:44:00,206,Inactive >90 Days
16040,United Kingdom,Potential,4,66,7,2416.9,345.2714285714286,1185,2010-04-09 10:12:00,2011-10-05 13:47:00,545,Recently Active
16041,United Kingdom,Potential,4,31,3,3166.4,1055.4666666666667,1584,2011-07-21 16:27:00,2011-11-09 12:25:00,112,Recently Active
16042,United Kingdom,Potential,4,23,8,2245.32,280.665,1430,2010-09-12 12:00:00,2011-11-17 17:50:00,432,Recently Active
16043,United Kingdom,Potential,4,38,8,1856.5900000000001,232.07375000000002,1011,2010-08-15 11:26:00,2011-11-02 12:50:00,445,Recently Active
16044,United Kingdom,General,1,436,1,340.84000000000003,340.84000000000003,170,2010-09-30 18:12:00,2010-09-30 18:12:00,1,Inactive >90 Days
16045,United Kingdom,Potential,4,120,8,3434.93,429.36625,2108,2010-07-29 12:50:00,2011-08-12 12:41:00,380,Inactive >90 Days
16046,United Kingdom,General,1,563,1,235.78,235.78,248,2010-05-26 13:18:00,2010-05-26 13:18:00,1,Inactive >90 Days
16048,United Kingdom,Minimum,3,374,4,818.7900000000001,204.69750000000002,425,2010-06-08 12:36:00,2010-12-01 15:28:00,177,Inactive >90 Days
16049,United Kingdom,Potential,4,41,6,1852.15,308.69166666666666,1132,2010-07-11 13:53:00,2011-10-30 13:19:00,477,Recently Active
16050,United Kingdom,General,1,174,3,300.7,100.23333333333333,388,2010-11-03 15:55:00,2011-06-19 11:44:00,229,Inactive >90 Days
16051,United Kingdom,General,1,682,1,188.44,188.44,80,2010-01-27 09:38:00,2010-01-27 09:38:00,1,Inactive >90 Days
16052,United Kingdom,Prospective,0,55,1,362.06,362.06,282,2011-10-16 15:13:00,2011-10-16 15:13:00,1,Recently Active
16053,United Kingdom,Potential,4,33,6,3634.84,605.8066666666667,3067,2010-04-08 11:11:00,2011-11-07 11:21:00,579,Recently Active
16054,United Kingdom,Minimum,3,146,4,2111.88,527.97,791,2010-04-01 18:37:00,2011-07-17 13:08:00,473,Inactive >90 Days
16055,United Kingdom,General,1,221,1,134.8,134.8,22,2011-05-03 09:26:00,2011-05-03 09:26:00,1,Inactive >90 Days
16056,United Kingdom,Prospective,0,46,1,650.75,650.75,345,2011-10-25 15:19:00,2011-10-25 15:19:00,1,Recently Active
16057,United Kingdom,Potential,4,17,10,3854.85,385.485,1691,2010-01-07 17:11:00,2011-11-23 15:23:00,686,Recently Active
16058,United Kingdom,General,1,407,1,62.7,62.7,18,2010-10-29 16:48:00,2010-10-29 16:48:00,1,Inactive >90 Days
16059,United Kingdom,Potential,4,66,12,3053.57,254.46416666666667,1431,2010-05-19 13:04:00,2011-10-05 09:56:00,505,Recently Active
16060,United Kingdom,Minimum,3,401,3,541.95,180.65,243,2010-08-02 15:26:00,2010-11-04 12:10:00,95,Inactive >90 Days
16061,United Kingdom,General,1,432,1,89.65,89.65,19,2010-10-04 15:29:00,2010-10-04 15:29:00,1,Inactive >90 Days
16062,United Kingdom,Potential,4,10,8,2863.45,357.93125,2035,2010-06-21 13:32:00,2011-11-30 12:15:00,528,Recently Active
16063,United Kingdom,General,1,261,1,335.32,335.32,262,2011-03-24 14:55:00,2011-03-24 14:56:00,1,Inactive >90 Days
16064,United Kingdom,General,1,726,1,109.31,109.31,55,2009-12-14 16:11:00,2009-12-14 16:11:00,1,Inactive >90 Days
16065,United Kingdom,Minimum,3,366,8,1992.13,249.01625,1207,2010-09-02 13:27:00,2010-12-09 13:03:00,99,Inactive >90 Days
16066,United Kingdom,Potential,4,17,5,1521.04,304.20799999999997,935,2011-08-07 14:33:00,2011-11-23 11:54:00,109,Recently Active
16067,United Kingdom,Minimum,3,563,3,3269.11,1089.7033333333334,1236,2010-02-02 18:01:00,2010-05-26 12:33:00,114,Inactive >90 Days
16068,United Kingdom,General,1,594,1,115.73,115.73,48,2010-04-25 11:52:00,2010-04-25 11:52:00,1,Inactive >90 Days
16069,United Kingdom,General,1,418,1,457.7,457.7,138,2010-10-18 10:32:00,2010-10-18 10:32:00,1,Inactive >90 Days
16070,United Kingdom,Prospective,0,23,2,852.15,426.075,457,2011-11-07 16:36:00,2011-11-17 15:50:00,11,Recently Active
16071,United Kingdom,Prospective,0,45,4,1076.8,269.2,697,2010-02-22 14:48:00,2011-10-26 11:14:00,612,Recently Active
16072,United Kingdom,Minimum,3,289,4,4180.09,1045.0225,1580,2010-06-08 16:47:00,2011-02-24 14:32:00,262,Inactive >90 Days
16073,United Kingdom,General,1,298,1,122.4,122.4,48,2011-02-15 15:41:00,2011-02-15 15:41:00,1,Inactive >90 Days
16074,United Kingdom,General,1,391,1,252.5,252.5,38,2010-11-14 13:19:00,2010-11-14 13:19:00,1,Inactive >90 Days
16075,United Kingdom,Minimum,3,503,2,736.9300000000001,368.46500000000003,271,2010-05-24 15:57:00,2010-07-25 11:31:00,63,Inactive >90 Days
16076,United Kingdom,Potential,4,4,10,2234.73,223.473,1435,2011-05-15 12:31:00,2011-12-06 14:59:00,206,Recently Active
16077,United Kingdom,Minimum,3,626,1,2300.4,2300.4,840,2010-03-24 10:42:00,2010-03-24 10:42:00,1,Inactive >90 Days
16078,United Kingdom,General,1,284,2,362.99,181.495,200,2010-02-08 13:29:00,2011-03-01 09:47:00,387,Inactive >90 Days
16079,United Kingdom,Prospective,0,17,3,1352.0,450.6666666666667,864,2011-10-30 13:06:00,2011-11-23 12:48:00,25,Recently Active
16080,United Kingdom,Minimum,3,82,4,602.5600000000001,150.64000000000001,298,2010-09-15 14:19:00,2011-09-19 10:42:00,370,Recently Active
16081,United Kingdom,Potential,4,57,8,4278.96,534.87,2177,2010-02-03 12:46:00,2011-10-14 13:06:00,619,Recently Active
16082,United Kingdom,General,1,671,1,106.75,106.75,39,2010-02-07 15:16:00,2010-02-07 15:16:00,1,Inactive >90 Days
16083,United Kingdom,Minimum,3,101,4,2351.42,587.855,1514,2010-11-16 11:53:00,2011-08-31 10:47:00,289,Inactive >90 Days
16084,United Kingdom,General,1,300,1,436.18,436.18,216,2011-02-13 16:05:00,2011-02-13 16:05:00,1,Inactive >90 Days
16085,United Kingdom,Potential,4,24,12,2324.71,193.72583333333333,1379,2010-01-20 14:03:00,2011-11-16 13:24:00,666,Recently Active
16086,United Kingdom,Potential,4,60,10,2687.73,268.773,1450,2009-12-02 13:20:00,2011-10-11 13:09:00,679,Recently Active
16087,United Kingdom,Minimum,3,390,5,1739.92,347.98400000000004,664,2010-01-19 12:30:00,2010-11-15 16:44:00,301,Inactive >90 Days
16088,United Kingdom,Minimum,3,576,2,1437.43,718.715,373,2010-04-27 10:56:00,2010-05-13 10:16:00,17,Inactive >90 Days
16089,United Kingdom,General,1,387,2,263.49,131.745,119,2010-07-18 15:51:00,2010-11-18 13:51:00,124,Inactive >90 Days
16090,United Kingdom,General,1,625,1,180.56,180.56,58,2010-03-25 13:05:00,2010-03-25 13:05:00,1,Inactive >90 Days
16091,United Kingdom,General,1,155,2,315.06,157.53,154,2011-05-25 09:18:00,2011-07-08 08:45:00,45,Inactive >90 Days
16092,United Kingdom,Minimum,3,115,6,1587.94,264.6566666666667,1188,2010-05-09 16:10:00,2011-08-17 10:46:00,466,Inactive >90 Days
16093,United Kingdom,General,1,107,1,17.0,17.0,20,2011-08-25 11:09:00,2011-08-25 11:09:00,1,Inactive >90 Days
16094,United Kingdom,Potential,4,12,11,3695.56,335.96,2020,2010-04-16 14:00:00,2011-11-28 12:45:00,592,Recently Active
16095,United Kingdom,General,1,457,1,447.05,447.05,265,2010-09-09 16:54:00,2010-09-09 16:54:00,1,Inactive >90 Days
16096,United Kingdom,Minimum,3,265,4,1584.97,396.2425,700,2010-03-04 15:44:00,2011-03-20 13:38:00,382,Inactive >90 Days
16097,United Kingdom,General,1,241,1,185.04999999999998,185.04999999999998,87,2011-04-13 13:47:00,2011-04-13 13:47:00,1,Inactive >90 Days
16098,United Kingdom,Potential,4,88,14,4010.7,286.4785714285714,2008,2009-12-15 09:40:00,2011-09-13 09:59:00,638,Recently Active
16099,United Kingdom,Potential,4,51,7,1573.2,224.74285714285716,960,2010-03-03 11:13:00,2011-10-20 13:13:00,597,Recently Active
16100,United Kingdom,General,1,463,1,582.64,582.64,438,2010-09-03 11:39:00,2010-09-03 11:39:00,1,Inactive >90 Days
16101,United Kingdom,Potential,4,71,4,3229.16,807.29,1844,2010-05-27 12:50:00,2011-09-30 10:18:00,492,Recently Active
16102,United Kingdom,Prospective,0,43,3,1842.14,614.0466666666667,942,2011-08-03 12:50:00,2011-10-28 13:19:00,87,Recently Active
16103,United Kingdom,Main,2,8,22,6191.71,281.44136363636363,2639,2010-01-08 12:08:00,2011-12-02 14:16:00,694,Recently Active
16104,United Kingdom,Potential,4,62,9,2774.46,308.2733333333333,1047,2009-12-06 10:41:00,2011-10-09 10:23:00,673,Recently Active
16105,United Kingdom,Minimum,3,249,5,2386.19,477.238,2125,2010-04-14 13:27:00,2011-04-05 10:13:00,357,Inactive >90 Days
16106,United Kingdom,General,1,66,1,108.38,108.38,74,2011-10-05 10:37:00,2011-10-05 10:37:00,1,Recently Active
16107,United Kingdom,Potential,4,18,7,3204.1600000000003,457.7371428571429,1176,2011-06-09 18:42:00,2011-11-22 09:40:00,167,Recently Active
16108,United Kingdom,Minimum,3,85,4,2235.92,558.98,1473,2010-03-18 14:14:00,2011-09-16 11:48:00,548,Recently Active
16109,United Kingdom,Minimum,3,219,3,939.48,313.16,1092,2010-01-10 10:37:00,2011-05-05 09:17:00,481,Inactive >90 Days
16110,United Kingdom,Potential,4,46,4,1781.59,445.3975,880,2010-07-05 13:04:00,2011-10-25 14:35:00,478,Recently Active
16111,United Kingdom,General,1,429,1,549.33,549.33,233,2010-10-07 19:51:00,2010-10-07 19:51:00,1,Inactive >90 Days
16112,United Kingdom,General,1,144,4,195.74,48.935,574,2011-01-05 11:47:00,2011-07-19 14:28:00,196,Inactive >90 Days
16113,United Kingdom,General,1,184,1,161.38,161.38,176,2011-06-09 16:16:00,2011-06-09 16:16:00,1,Inactive >90 Days
16114,United Kingdom,General,1,171,1,135.75000000000003,135.75000000000003,43,2011-06-22 10:13:00,2011-06-22 10:13:00,1,Inactive >90 Days
16115,United Kingdom,Potential,4,10,12,2553.8,212.8166666666667,1589,2010-05-14 11:59:00,2011-11-30 11:32:00,566,Recently Active
16116,United Kingdom,General,1,212,1,612.78,612.78,248,2011-05-12 12:01:00,2011-05-12 12:01:00,1,Inactive >90 Days
16117,United Kingdom,Minimum,3,190,3,654.4,218.13333333333333,321,2010-04-27 11:50:00,2011-06-03 11:42:00,403,Inactive >90 Days
16118,United Kingdom,Minimum,3,653,1,4376.25,4376.25,2851,2010-02-25 09:40:00,2010-02-25 09:40:00,1,Inactive >90 Days
16119,United Kingdom,Potential,4,9,8,1720.81,215.10125,811,2009-12-16 11:56:00,2011-12-01 15:11:00,716,Recently Active
16120,United Kingdom,Potential,4,60,6,2967.51,494.58500000000004,2161,2010-10-13 15:07:00,2011-10-11 14:22:00,364,Recently Active
16121,United Kingdom,Potential,4,58,5,1450.04,290.008,879,2010-05-23 10:52:00,2011-10-13 12:59:00,509,Recently Active
16122,United Kingdom,Minimum,3,74,6,895.62,149.27,1280,2010-10-10 15:26:00,2011-09-27 15:34:00,353,Recently Active
16123,United Kingdom,Prospective,0,52,1,307.78000000000003,307.78000000000003,170,2011-10-19 09:18:00,2011-10-19 09:18:00,1,Recently Active
16124,United Kingdom,Minimum,3,318,4,1772.49,443.1225,797,2009-12-07 10:33:00,2011-01-26 14:45:00,416,Inactive >90 Days
16125,United Kingdom,Minimum,3,368,14,4292.35,306.5964285714286,1819,2009-12-14 15:38:00,2010-12-07 15:48:00,359,Inactive >90 Days
16126,United Kingdom,Main,2,30,15,14644.6,976.3066666666667,6140,2009-12-02 13:34:00,2011-11-10 16:03:00,709,Recently Active
16127,United Kingdom,Prospective,0,40,2,801.3100000000001,400.65500000000003,391,2009-12-13 12:19:00,2011-10-31 13:58:00,688,Recently Active
16128,United Kingdom,Potential,4,18,11,3801.05,345.55,2445,2010-07-16 16:30:00,2011-11-22 11:14:00,495,Recently Active
16129,United Kingdom,Minimum,3,408,3,1396.05,465.34999999999997,1261,2010-07-20 12:32:00,2010-10-28 14:29:00,101,Inactive >90 Days
16130,United Kingdom,Minimum,3,423,4,987.48,246.87,296,2010-04-01 13:58:00,2010-10-13 15:14:00,196,Inactive >90 Days
16131,United Kingdom,Potential,4,52,12,9957.42,829.785,4768,2009-12-02 10:09:00,2011-10-19 11:53:00,687,Recently Active
16132,United Kingdom,Minimum,3,545,2,664.1999999999999,332.09999999999997,280,2010-03-22 10:25:00,2010-06-13 13:49:00,84,Inactive >90 Days
16133,United Kingdom,Main,2,4,56,22992.26,410.5760714285714,13653,2010-03-31 12:21:00,2011-12-06 11:24:00,616,Recently Active
16134,United Kingdom,Potential,4,22,5,2145.34,429.06800000000004,1637,2010-06-17 09:48:00,2011-11-18 10:05:00,520,Recently Active
16135,United Kingdom,Minimum,3,263,2,819.45,409.725,395,2010-05-05 09:35:00,2011-03-22 12:30:00,322,Inactive >90 Days
16136,United Kingdom,Prospective,0,60,4,946.8000000000001,236.70000000000002,674,2010-02-14 12:49:00,2011-10-11 09:10:00,605,Recently Active
16137,United Kingdom,General,1,681,1,422.7,422.7,210,2010-01-28 15:04:00,2010-01-28 15:04:00,1,Inactive >90 Days
16138,United Kingdom,Minimum,3,379,3,910.35,303.45,774,2010-04-28 09:51:00,2010-11-26 12:13:00,213,Inactive >90 Days
16139,United Kingdom,Potential,4,19,5,1111.15,222.23000000000002,602,2009-12-03 13:51:00,2011-11-21 08:37:00,719,Recently Active
16140,United Kingdom,Minimum,3,66,3,1433.46,477.82,1272,2010-09-24 12:03:00,2011-10-05 12:15:00,377,Recently Active
16141,United Kingdom,Minimum,3,89,2,955.94,477.97,410,2010-10-18 14:12:00,2011-09-12 13:11:00,330,Recently Active
16142,United Kingdom,General,1,250,1,535.34,535.34,422,2011-04-04 10:16:00,2011-04-04 10:16:00,1,Inactive >90 Days
16143,United Kingdom,Main,2,4,12,4555.08,379.59,1866,2009-12-10 09:44:00,2011-12-06 14:13:00,727,Recently Active
16144,United Kingdom,General,1,247,1,175.2,175.2,16,2011-04-07 10:09:00,2011-04-07 10:09:00,1,Inactive >90 Days
16145,United Kingdom,Main,2,9,19,6805.4400000000005,358.18105263157895,5270,2010-05-04 13:31:00,2011-12-01 10:33:00,577,Recently Active
16146,United Kingdom,Minimum,3,158,4,946.38,236.595,544,2010-09-17 10:46:00,2011-07-05 14:20:00,292,Inactive >90 Days
16147,United Kingdom,Minimum,3,134,5,2398.91,479.782,1395,2010-02-05 12:26:00,2011-07-29 09:57:00,540,Inactive >90 Days
16148,United Kingdom,General,1,297,2,386.62,193.31,250,2010-09-29 10:12:00,2011-02-16 14:01:00,141,Inactive >90 Days
16149,United Kingdom,Prospective,0,5,3,422.21999999999997,140.73999999999998,598,2010-10-06 15:54:00,2011-12-05 11:29:00,426,Recently Active
16150,United Kingdom,Potential,4,43,10,4002.17,400.217,1990,2009-12-17 15:33:00,2011-10-28 12:39:00,681,Recently Active
16152,United Kingdom,Minimum,3,269,1,1829.04,1829.04,642,2011-03-16 09:47:00,2011-03-16 09:47:00,1,Inactive >90 Days
16153,United Kingdom,Potential,4,50,11,5133.49,466.6809090909091,3693,2010-05-26 12:41:00,2011-10-21 10:50:00,514,Recently Active
16155,United Kingdom,Minimum,3,382,5,796.9,159.38,495,2010-06-18 11:23:00,2010-11-23 12:03:00,159,Inactive >90 Days
16156,United Kingdom,Main,2,9,20,6188.18,309.409,3205,2009-12-02 17:06:00,2011-12-01 12:42:00,730,Recently Active
16157,United Kingdom,Prospective,0,16,3,656.69,218.89666666666668,347,2011-09-28 11:48:00,2011-11-24 11:41:00,58,Recently Active
16158,United Kingdom,Minimum,3,523,9,628.32,69.81333333333333,182,2009-12-05 15:00:00,2010-07-05 13:55:00,213,Inactive >90 Days
16159,United Kingdom,Minimum,3,282,4,1232.79,308.1975,635,2009-12-03 11:51:00,2011-03-03 12:27:00,456,Inactive >90 Days
16160,United Kingdom,Prospective,0,66,2,1025.44,512.72,1162,2011-09-15 10:53:00,2011-10-05 14:19:00,21,Recently Active
16161,United Kingdom,Main,2,2,43,12580.06,292.5595348837209,6255,2010-02-08 11:06:00,2011-12-08 12:10:00,669,Recently Active
16162,United Kingdom,General,1,253,1,37.4,37.4,4,2011-04-01 15:03:00,2011-04-01 15:03:00,1,Inactive >90 Days
16163,United Kingdom,Minimum,3,233,6,2407.98,401.33,676,2009-12-02 10:00:00,2011-04-21 15:15:00,506,Inactive >90 Days
16164,United Kingdom,Prospective,0,18,3,822.48,274.16,433,2011-10-28 09:12:00,2011-11-22 15:04:00,26,Recently Active
16165,United Kingdom,General,1,506,1,79.9,79.9,2,2010-07-22 14:17:00,2010-07-22 14:17:00,1,Inactive >90 Days
16166,United Kingdom,General,1,429,2,435.83,217.915,173,2010-01-17 14:16:00,2010-10-07 15:44:00,264,Inactive >90 Days
16167,United Kingdom,Minimum,3,415,5,1386.12,277.224,1494,2009-12-01 10:46:00,2010-10-21 15:33:00,325,Inactive >90 Days
16168,United Kingdom,Main,2,11,66,10360.67,156.97984848484847,4975,2009-12-03 12:38:00,2011-11-29 12:45:00,727,Recently Active
16169,United Kingdom,Potential,4,9,4,1822.97,455.7425,1325,2011-09-25 11:33:00,2011-12-01 15:28:00,68,Recently Active
16170,United Kingdom,Main,2,51,20,6869.0,343.45,6056,2010-02-18 13:50:00,2011-10-20 08:21:00,610,Recently Active
16171,United Kingdom,General,1,60,1,73.19999999999999,73.19999999999999,24,2011-10-11 14:51:00,2011-10-11 14:51:00,1,Recently Active
16172,United Kingdom,Potential,4,96,8,1884.55,235.56875,1419,2010-07-14 15:34:00,2011-09-05 13:22:00,419,Inactive >90 Days
16173,United Kingdom,Potential,4,16,6,1418.32,236.38666666666666,575,2011-09-02 15:23:00,2011-11-24 10:53:00,84,Recently Active
16174,United Kingdom,Minimum,3,127,7,2246.75,320.9642857142857,1431,2010-04-15 15:12:00,2011-08-05 13:26:00,478,Inactive >90 Days
16175,United Kingdom,Potential,4,95,7,1836.44,262.34857142857146,932,2010-05-25 12:01:00,2011-09-06 14:32:00,470,Inactive >90 Days
16176,United Kingdom,Minimum,3,422,4,2052.69,513.1725,952,2010-03-29 14:52:00,2010-10-14 13:54:00,200,Inactive >90 Days
16177,United Kingdom,Potential,4,51,8,2247.31,280.91375,1021,2010-03-02 14:03:00,2011-10-20 12:57:00,598,Recently Active
16178,United Kingdom,Minimum,3,139,2,612.6,306.3,304,2010-11-03 14:46:00,2011-07-24 16:05:00,264,Inactive >90 Days
16179,United Kingdom,Prospective,0,61,1,215.83,215.83,99,2011-10-10 09:41:00,2011-10-10 09:41:00,1,Recently Active
16180,United Kingdom,Potential,4,101,13,16249.87,1249.99,9813,2010-06-23 13:19:00,2011-08-31 16:28:00,435,Inactive >90 Days
16181,United Kingdom,Prospective,0,74,1,305.54,305.54,152,2011-09-27 13:38:00,2011-09-27 13:38:00,1,Recently Active
16182,United Kingdom,Potential,4,73,9,9971.65,1107.961111111111,5887,2010-03-09 09:34:00,2011-09-28 13:23:00,569,Recently Active
16183,United Kingdom,Minimum,3,68,4,1077.81,269.4525,351,2010-10-28 14:43:00,2011-10-03 14:59:00,341,Recently Active
16184,United Kingdom,Potential,4,65,6,1158.79,193.13166666666666,561,2011-05-12 13:33:00,2011-10-06 17:43:00,148,Recently Active
16185,United Kingdom,Prospective,0,17,3,644.72,214.90666666666667,321,2010-05-24 11:04:00,2011-11-23 09:41:00,549,Recently Active
16186,United Kingdom,Main,2,23,26,8718.43,335.3242307692308,6594,2009-12-09 15:36:00,2011-11-17 12:43:00,709,Recently Active
16187,United Kingdom,Potential,4,32,15,6911.4400000000005,460.7626666666667,5048,2011-02-28 13:34:00,2011-11-08 09:50:00,254,Recently Active
16188,United Kingdom,Potential,4,45,5,1087.66,217.532,838,2010-10-27 11:50:00,2011-10-26 12:19:00,365,Recently Active
16189,United Kingdom,Prospective,0,16,2,215.48,107.74,134,2011-09-15 15:21:00,2011-11-24 11:47:00,71,Recently Active
16190,United Kingdom,Potential,4,41,8,2723.55,340.44375,1231,2009-12-14 11:59:00,2011-10-30 15:59:00,686,Recently Active
16191,United Kingdom,Main,2,3,24,15677.820000000002,653.2425000000001,9348,2009-12-11 12:24:00,2011-12-07 11:26:00,727,Recently Active
16192,United Kingdom,General,1,736,1,351.3,351.3,208,2009-12-04 12:28:00,2009-12-04 12:28:00,1,Inactive >90 Days
16193,United Kingdom,Minimum,3,237,2,630.4300000000001,315.21500000000003,379,2010-10-25 10:25:00,2011-04-17 11:45:00,175,Inactive >90 Days
16194,United Kingdom,General,1,376,1,308.6,308.6,140,2010-11-29 13:28:00,2010-11-29 13:28:00,1,Inactive >90 Days
16195,United Kingdom,General,1,724,1,323.25,323.25,123,2009-12-16 14:09:00,2009-12-16 14:09:00,1,Inactive >90 Days
16196,United Kingdom,General,1,489,1,93.3,93.3,26,2010-08-08 11:40:00,2010-08-08 11:40:00,1,Inactive >90 Days
16197,United Kingdom,Minimum,3,470,9,2016.71,224.07888888888888,1420,2009-12-16 11:44:00,2010-08-27 12:56:00,255,Inactive >90 Days
16198,United Kingdom,Prospective,0,76,2,1030.04,515.02,383,2010-09-28 13:59:00,2011-09-25 14:58:00,363,Recently Active
16199,United Kingdom,Minimum,3,393,7,942.75,134.67857142857142,321,2010-03-18 18:47:00,2010-11-12 12:55:00,240,Inactive >90 Days
16200,United Kingdom,Main,2,5,12,5608.1,467.3416666666667,3068,2009-12-02 15:04:00,2011-12-05 14:40:00,734,Recently Active
16201,United Kingdom,Potential,4,4,5,2112.12,422.424,1421,2010-10-20 12:00:00,2011-12-06 16:02:00,413,Recently Active
16202,United Kingdom,Minimum,3,361,9,2501.9900000000002,277.9988888888889,1307,2009-12-02 10:48:00,2010-12-14 10:43:00,378,Inactive >90 Days
16203,United Kingdom,Potential,4,59,6,943.84,157.30666666666667,537,2010-07-23 13:09:00,2011-10-12 12:31:00,447,Recently Active
16204,United Kingdom,Prospective,0,24,3,918.71,306.2366666666667,671,2009-12-08 17:44:00,2011-11-16 13:40:00,709,Recently Active
16205,United Kingdom,Potential,4,31,7,1813.51,259.0728571428571,1448,2010-06-15 11:58:00,2011-11-09 09:32:00,513,Recently Active
16206,United Kingdom,Potential,4,55,13,2577.12,198.23999999999998,1378,2010-01-24 15:25:00,2011-10-16 10:41:00,631,Recently Active
16207,United Kingdom,Prospective,0,26,1,394.38,394.38,140,2011-11-14 13:51:00,2011-11-14 13:51:00,1,Recently Active
16208,United Kingdom,Potential,4,45,10,3440.4500000000003,344.045,1541,2010-02-24 14:24:00,2011-10-26 11:36:00,610,Recently Active
16209,United Kingdom,Potential,4,89,9,4146.78,460.75333333333333,1895,2010-06-11 11:58:00,2011-09-12 11:58:00,459,Recently Active
16210,United Kingdom,Main,2,2,33,33730.97,1022.1506060606062,12395,2009-12-02 12:54:00,2011-12-08 12:36:00,737,Recently Active
16211,United Kingdom,Minimum,3,89,3,1090.59,363.53,519,2010-09-27 15:24:00,2011-09-12 12:11:00,351,Recently Active
16212,United Kingdom,Prospective,0,20,4,1293.71,323.4275,571,2010-02-07 15:26:00,2011-11-20 13:00:00,652,Recently Active
16213,United Kingdom,General,1,79,1,159.0,159.0,48,2011-09-22 10:03:00,2011-09-22 10:03:00,1,Recently Active
16214,United Kingdom,Minimum,3,171,4,2038.25,509.5625,1308,2010-09-30 13:57:00,2011-06-22 11:30:00,266,Inactive >90 Days
16215,United Kingdom,General,1,81,1,242.35,242.35,104,2011-09-20 10:18:00,2011-09-20 10:18:00,1,Recently Active
16216,United Kingdom,General,1,268,1,914.9300000000001,914.9300000000001,254,2011-03-17 15:34:00,2011-03-17 15:34:00,1,Inactive >90 Days
16217,United Kingdom,General,1,236,2,304.25,152.125,91,2011-03-02 15:28:00,2011-04-18 13:31:00,48,Inactive >90 Days
16218,United Kingdom,Potential,4,30,13,3968.67,305.2823076923077,2799,2010-05-27 16:09:00,2011-11-10 09:59:00,533,Recently Active
16219,United Kingdom,General,1,501,1,40.8,40.8,48,2010-07-27 11:44:00,2010-07-27 11:44:00,1,Inactive >90 Days
16221,United Kingdom,Potential,4,37,9,2018.47,224.27444444444444,1448,2010-08-10 13:32:00,2011-11-03 11:43:00,451,Recently Active
16222,United Kingdom,Minimum,3,319,2,1272.05,636.025,463,2009-12-18 14:31:00,2011-01-25 13:38:00,404,Inactive >90 Days
16223,United Kingdom,Minimum,3,375,2,1087.05,543.525,643,2010-11-09 12:07:00,2010-11-30 11:50:00,22,Inactive >90 Days
16224,United Kingdom,Potential,4,58,5,1616.54,323.308,1555,2010-11-17 13:14:00,2011-10-13 17:51:00,331,Recently Active
16225,United Kingdom,Potential,4,45,15,2859.31,190.62066666666666,1281,2010-02-07 12:41:00,2011-10-26 08:30:00,627,Recently Active
16226,United Kingdom,Minimum,3,204,5,672.17,134.434,521,2010-10-22 11:19:00,2011-05-20 14:41:00,211,Inactive >90 Days
16227,United Kingdom,Minimum,3,226,3,1027.22,342.4066666666667,436,2010-06-22 13:28:00,2011-04-28 13:33:00,311,Inactive >90 Days
16228,United Kingdom,Minimum,3,386,3,885.71,295.2366666666667,555,2010-11-04 18:54:00,2010-11-19 14:20:00,16,Inactive >90 Days
16229,United Kingdom,Potential,4,88,6,2867.86,477.9766666666667,1292,2010-05-24 12:59:00,2011-09-13 17:16:00,478,Recently Active
16230,United Kingdom,Minimum,3,190,2,542.03,271.015,365,2011-05-03 15:12:00,2011-06-03 10:06:00,32,Inactive >90 Days
16231,United Kingdom,Minimum,3,380,4,1074.47,268.6175,563,2010-04-21 12:06:00,2010-11-25 15:00:00,219,Inactive >90 Days
16232,United Kingdom,Potential,4,44,7,2712.97,387.5671428571428,1849,2010-06-07 14:04:00,2011-10-27 12:16:00,508,Recently Active
16233,United Kingdom,Potential,4,72,9,1818.31,202.03444444444443,677,2009-12-02 13:23:00,2011-09-29 17:27:00,667,Recently Active
16234,United Kingdom,General,1,477,3,333.18,111.06,170,2010-05-27 10:39:00,2010-08-20 14:33:00,86,Inactive >90 Days
16235,United Kingdom,Potential,4,41,8,2043.71,255.46375,787,2010-08-26 12:10:00,2011-10-30 10:56:00,431,Recently Active
16236,United Kingdom,Prospective,0,79,1,432.2,432.2,184,2011-09-22 14:10:00,2011-09-22 14:10:00,1,Recently Active
16237,United Kingdom,General,1,438,1,136.65,136.65,57,2010-09-28 17:02:00,2010-09-28 17:02:00,1,Inactive >90 Days
16238,United Kingdom,General,1,423,1,63.66,63.66,85,2010-10-13 12:36:00,2010-10-13 12:36:00,1,Inactive >90 Days
16239,United Kingdom,Potential,4,57,6,1492.2,248.70000000000002,692,2010-09-02 19:17:00,2011-10-14 08:29:00,408,Recently Active
16240,United Kingdom,Potential,4,25,2,3718.8,1859.4,1641,2011-09-23 13:44:00,2011-11-15 14:30:00,54,Recently Active
16241,United Kingdom,Main,2,10,16,3989.81,249.363125,2250,2010-10-25 13:40:00,2011-11-30 11:08:00,402,Recently Active
16242,United Kingdom,Main,2,9,14,7404.650000000001,528.9035714285715,3921,2010-03-15 16:02:00,2011-12-01 15:12:00,627,Recently Active
16243,United Kingdom,Prospective,0,34,2,409.1,204.55,110,2011-10-16 12:09:00,2011-11-06 12:32:00,22,Recently Active
16244,United Kingdom,Minimum,3,212,2,1522.75,761.375,855,2010-12-02 11:41:00,2011-05-12 10:18:00,162,Inactive >90 Days
16245,United Kingdom,Prospective,0,24,3,1413.66,471.22,1014,2011-03-28 09:30:00,2011-11-16 10:14:00,234,Recently Active
16246,United Kingdom,Minimum,3,460,2,821.35,410.675,336,2010-02-08 12:32:00,2010-09-06 12:04:00,211,Inactive >90 Days
16247,United Kingdom,General,1,171,1,114.56,114.56,182,2011-06-22 14:23:00,2011-06-22 14:23:00,1,Inactive >90 Days
16248,United Kingdom,Prospective,0,62,1,152.94,152.94,78,2011-10-09 11:32:00,2011-10-09 11:32:00,1,Recently Active
16249,United Kingdom,Potential,4,53,5,1800.07,360.014,950,2011-04-14 13:50:00,2011-10-18 10:07:00,188,Recently Active
16250,United Kingdom,Minimum,3,262,3,565.24,188.41333333333333,268,2010-11-18 10:43:00,2011-03-23 15:07:00,126,Inactive >90 Days
16251,United Kingdom,General,1,513,1,128.31,128.31,44,2010-07-15 14:55:00,2010-07-15 14:55:00,1,Inactive >90 Days
16252,United Kingdom,General,1,383,1,295.09000000000003,295.09000000000003,158,2010-11-22 11:57:00,2010-11-22 11:57:00,1,Inactive >90 Days
16253,United Kingdom,Potential,4,67,7,7222.2,1031.742857142857,6029,2009-12-08 17:24:00,2011-10-04 09:09:00,666,Recently Active
16254,United Kingdom,Minimum,3,379,3,967.44,322.48,543,2010-03-17 15:43:00,2010-11-26 13:22:00,255,Inactive >90 Days
16255,United Kingdom,Potential,4,17,15,4530.0,302.0,2876,2010-01-24 12:21:00,2011-11-23 12:40:00,669,Recently Active
16256,United Kingdom,Minimum,3,267,3,1579.37,526.4566666666666,1589,2010-04-21 10:34:00,2011-03-18 12:18:00,332,Inactive >90 Days
16257,United Kingdom,General,1,177,1,21.95,21.95,1,2011-06-16 10:11:00,2011-06-16 10:11:00,1,Inactive >90 Days
16258,United Kingdom,Main,2,46,15,11942.52,796.168,7200,2010-03-10 14:19:00,2011-10-25 13:30:00,595,Recently Active
16259,United Kingdom,General,1,411,3,340.94,113.64666666666666,143,2010-04-13 16:57:00,2010-10-25 14:27:00,196,Inactive >90 Days
16260,United Kingdom,Prospective,0,51,1,1035.45,1035.45,311,2011-10-20 09:40:00,2011-10-20 09:40:00,1,Recently Active
16261,United Kingdom,Potential,4,18,6,1041.16,173.52666666666667,454,2010-09-23 16:40:00,2011-11-22 17:23:00,426,Recently Active
16262,United Kingdom,General,1,379,1,755.15,755.15,446,2010-11-26 13:22:00,2010-11-26 13:22:00,1,Inactive >90 Days
16263,United Kingdom,General,1,424,1,348.16,348.16,197,2010-10-12 14:52:00,2010-10-12 14:52:00,1,Inactive >90 Days
16264,United Kingdom,Minimum,3,439,2,823.53,411.765,616,2010-09-19 16:14:00,2010-09-27 15:00:00,9,Inactive >90 Days
16265,United Kingdom,Potential,4,10,12,6685.17,557.0975,3209,2010-10-28 15:18:00,2011-11-30 16:41:00,399,Recently Active
16266,United Kingdom,Potential,4,74,14,1757.95,125.56785714285715,791,2010-02-04 16:21:00,2011-09-27 12:08:00,601,Recently Active
16267,United Kingdom,General,1,592,1,186.66,186.66,198,2010-04-27 14:10:00,2010-04-27 14:10:00,1,Inactive >90 Days
16268,United Kingdom,Prospective,0,72,2,617.65,308.825,532,2011-09-29 18:30:00,2011-09-29 18:30:00,1,Recently Active
16269,United Kingdom,General,1,438,1,717.57,717.57,579,2010-09-28 11:50:00,2010-09-28 11:50:00,1,Inactive >90 Days
16270,United Kingdom,Minimum,3,354,1,1141.24,1141.24,688,2010-12-21 14:26:00,2010-12-21 14:26:00,1,Inactive >90 Days
16271,United Kingdom,Potential,4,16,8,3367.82,420.9775,2357,2010-03-07 12:03:00,2011-11-24 12:12:00,628,Recently Active
16272,United Kingdom,General,1,117,1,411.7,411.7,224,2011-08-15 10:53:00,2011-08-15 10:54:00,1,Inactive >90 Days
16273,United Kingdom,General,1,649,2,318.34000000000003,159.17000000000002,40,2010-02-21 16:02:00,2010-03-01 13:24:00,9,Inactive >90 Days
16274,United Kingdom,General,1,374,1,331.55,331.55,151,2010-12-01 15:35:00,2010-12-01 15:35:00,1,Inactive >90 Days
16275,United Kingdom,Minimum,3,197,3,2151.11,717.0366666666667,1268,2010-03-08 14:41:00,2011-05-27 12:41:00,446,Inactive >90 Days
16276,United Kingdom,Minimum,3,177,3,2629.3900000000003,876.4633333333335,1467,2010-04-11 12:02:00,2011-06-16 09:34:00,432,Inactive >90 Days
16277,United Kingdom,General,1,734,1,188.69,188.69,33,2009-12-06 11:27:00,2009-12-06 11:27:00,1,Inactive >90 Days
16278,United Kingdom,Minimum,3,101,3,1117.84,372.6133333333333,342,2010-07-28 15:40:00,2011-08-31 17:12:00,400,Inactive >90 Days
16279,United Kingdom,Potential,4,22,9,5698.28,633.1422222222222,3683,2010-04-22 14:09:00,2011-11-18 15:00:00,576,Recently Active
16280,United Kingdom,General,1,726,1,238.05,238.05,101,2009-12-14 15:49:00,2009-12-14 15:49:00,1,Inactive >90 Days
16281,United Kingdom,Minimum,3,73,3,3424.02,1141.34,1570,2010-01-26 13:41:00,2011-09-28 14:57:00,611,Recently Active
16282,United Kingdom,Minimum,3,340,3,1307.5800000000002,435.86000000000007,790,2009-12-21 11:52:00,2011-01-04 11:42:00,380,Inactive >90 Days
16283,United Kingdom,Potential,4,6,8,4348.62,543.5775,2865,2010-02-28 14:12:00,2011-12-04 12:08:00,645,Recently Active
16284,United Kingdom,Prospective,0,32,3,1018.48,339.49333333333334,674,2010-11-11 13:27:00,2011-11-08 16:12:00,363,Recently Active
16285,United Kingdom,General,1,647,1,176.9,176.9,60,2010-03-03 16:03:00,2010-03-03 16:03:00,1,Inactive >90 Days
16286,United Kingdom,General,1,478,2,328.95,164.475,101,2010-03-26 09:58:00,2010-08-19 14:48:00,147,Inactive >90 Days
16287,United Kingdom,Minimum,3,170,5,1006.98,201.39600000000002,1426,2010-01-19 09:46:00,2011-06-23 09:08:00,521,Inactive >90 Days
16288,United Kingdom,General,1,471,1,129.85,129.85,19,2010-08-26 14:45:00,2010-08-26 14:45:00,1,Inactive >90 Days
16289,United Kingdom,General,1,463,1,136.31,136.31,97,2010-09-03 14:02:00,2010-09-03 14:02:00,1,Inactive >90 Days
16290,United Kingdom,Minimum,3,465,4,1957.7,489.425,957,2010-05-23 11:46:00,2010-09-01 11:52:00,102,Inactive >90 Days
16292,United Kingdom,Minimum,3,122,5,1253.76,250.752,688,2010-04-14 13:29:00,2011-08-10 12:24:00,484,Inactive >90 Days
16293,United Kingdom,Potential,4,22,15,4279.2,285.28,1833,2009-12-11 09:58:00,2011-11-18 09:58:00,708,Recently Active
16294,United Kingdom,General,1,477,1,126.05000000000001,126.05000000000001,54,2010-08-20 12:01:00,2010-08-20 12:01:00,1,Inactive >90 Days
16295,United Kingdom,Prospective,0,10,4,1328.55,332.1375,841,2011-10-06 10:45:00,2011-11-30 08:17:00,56,Recently Active
16296,United Kingdom,Minimum,3,627,4,1313.67,328.4175,645,2009-12-18 12:03:00,2010-03-23 13:11:00,96,Inactive >90 Days
16297,United Kingdom,General,1,269,1,301.9,301.9,206,2011-03-16 08:29:00,2011-03-16 08:29:00,1,Inactive >90 Days
16298,United Kingdom,Potential,4,23,7,1085.7,155.1,308,2010-09-23 15:23:00,2011-11-17 11:59:00,421,Recently Active
16299,United Kingdom,General,1,478,1,193.65,193.65,107,2010-08-19 17:46:00,2010-08-19 17:46:00,1,Inactive >90 Days
16300,United Kingdom,Minimum,3,431,3,1367.32,455.7733333333333,643,2010-02-02 11:40:00,2010-10-05 13:14:00,246,Inactive >90 Days
16301,United Kingdom,General,1,737,1,107.33,107.33,41,2009-12-03 10:20:00,2009-12-03 10:20:00,1,Inactive >90 Days
16302,United Kingdom,General,1,127,1,233.22,233.22,158,2011-08-05 09:44:00,2011-08-05 09:44:00,1,Inactive >90 Days
16303,United Kingdom,Potential,4,26,7,7928.27,1132.6100000000001,3859,2010-03-18 14:12:00,2011-11-14 10:49:00,607,Recently Active
16304,United Kingdom,General,1,695,1,381.66,381.66,228,2010-01-14 08:30:00,2010-01-14 08:30:00,1,Inactive >90 Days
16305,United Kingdom,General,1,139,1,361.22,361.22,256,2011-07-24 12:18:00,2011-07-24 12:18:00,1,Inactive >90 Days
16306,United Kingdom,Minimum,3,214,7,1124.72,160.67428571428573,712,2010-10-01 09:36:00,2011-05-10 12:12:00,222,Inactive >90 Days
16307,United Kingdom,Minimum,3,430,3,1194.92,398.3066666666667,1123,2010-05-11 14:40:00,2010-10-06 14:31:00,149,Inactive >90 Days
16308,United Kingdom,Potential,4,38,7,5120.0,731.4285714285714,16000,2009-12-15 15:48:00,2011-11-02 11:24:00,688,Recently Active
16309,United Kingdom,Minimum,3,107,2,706.57,353.285,467,2011-04-13 11:46:00,2011-08-25 15:35:00,135,Inactive >90 Days
16310,United Kingdom,General,1,415,2,460.08,230.04,270,2010-03-07 15:41:00,2010-10-21 14:47:00,229,Inactive >90 Days
16311,United Kingdom,Prospective,0,18,2,616.26,308.13,394,2011-10-21 13:13:00,2011-11-22 08:54:00,33,Recently Active
16312,United Kingdom,General,1,433,1,171.15,171.15,53,2010-10-03 14:15:00,2010-10-03 14:15:00,1,Inactive >90 Days
16313,United Kingdom,Prospective,0,4,2,274.15000000000003,137.07500000000002,165,2011-10-21 09:04:00,2011-12-06 13:02:00,47,Recently Active
16314,United Kingdom,Minimum,3,390,3,1491.4,497.1333333333334,636,2010-08-24 11:52:00,2010-11-15 12:06:00,84,Inactive >90 Days
16315,United Kingdom,General,1,331,2,402.71,201.355,143,2010-06-21 13:53:00,2011-01-13 11:57:00,207,Inactive >90 Days
16316,United Kingdom,Potential,4,65,13,5744.91,441.91615384615386,3057,2010-08-03 14:38:00,2011-10-06 13:48:00,430,Recently Active
16317,United Kingdom,Minimum,3,120,5,2192.51,438.50200000000007,1236,2010-05-04 10:17:00,2011-08-12 12:46:00,466,Inactive >90 Days
16318,United Kingdom,Prospective,0,36,1,328.15000000000003,328.15000000000003,199,2011-11-04 13:05:00,2011-11-04 13:05:00,1,Recently Active
16319,United Kingdom,General,1,218,1,404.40000000000003,404.40000000000003,72,2011-05-06 11:27:00,2011-05-06 11:27:00,1,Inactive >90 Days
16320,Unspecified,Minimum,3,173,6,5628.99,938.165,3319,2010-01-27 13:29:00,2011-06-20 15:25:00,510,Inactive >90 Days
16321,Australia,Minimum,3,73,7,604.5500000000001,86.36428571428573,259,2009-12-01 10:36:00,2011-09-28 14:55:00,667,Recently Active
16322,United Kingdom,Prospective,0,2,2,326.75,163.375,231,2011-11-03 14:33:00,2011-12-08 15:41:00,36,Recently Active
16323,United Kingdom,General,1,197,2,353.66,176.83,146,2010-05-11 09:48:00,2011-05-27 14:48:00,382,Inactive >90 Days
16324,United Kingdom,Minimum,3,129,3,408.59000000000003,136.1966666666667,270,2011-06-15 14:26:00,2011-08-03 12:58:00,50,Inactive >90 Days
16325,United Kingdom,Potential,4,47,12,3597.5,299.7916666666667,2464,2009-12-04 13:21:00,2011-10-24 08:48:00,690,Recently Active
16326,United Kingdom,Main,2,6,24,4626.25,192.76041666666666,1082,2010-01-28 13:23:00,2011-12-04 10:11:00,676,Recently Active
16327,United Kingdom,Main,2,15,16,10129.04,633.065,8088,2009-12-14 13:06:00,2011-11-25 13:23:00,712,Recently Active
16328,United Kingdom,General,1,564,1,310.83,310.83,141,2010-05-25 14:02:00,2010-05-25 14:02:00,1,Inactive >90 Days
16329,United Kingdom,Minimum,3,428,4,1664.92,416.23,797,2009-12-01 11:34:00,2010-10-08 12:44:00,312,Inactive >90 Days
16330,United Kingdom,Potential,4,18,7,625.38,89.34,326,2010-02-15 12:36:00,2011-11-22 12:24:00,646,Recently Active
16331,United Kingdom,Minimum,3,433,6,2037.7,339.6166666666667,756,2010-03-07 10:55:00,2010-10-03 13:47:00,211,Inactive >90 Days
16332,United Kingdom,Potential,4,29,11,1997.49,181.59,1122,2010-04-29 13:41:00,2011-11-11 14:22:00,562,Recently Active
16333,United Kingdom,Main,2,8,22,26626.8,1210.3090909090909,32184,2011-02-03 10:50:00,2011-12-02 12:19:00,303,Recently Active
16334,United Kingdom,General,1,493,1,263.73,263.73,206,2010-08-04 16:38:00,2010-08-04 16:38:00,1,Inactive >90 Days
16335,United Kingdom,Minimum,3,552,7,2753.52,393.36,1004,2009-12-04 10:18:00,2010-06-06 11:35:00,185,Inactive >90 Days
16336,United Kingdom,Minimum,3,421,4,3517.69,879.4225,1473,2010-03-18 08:05:00,2010-10-15 12:32:00,212,Inactive >90 Days
16337,United Kingdom,Prospective,0,37,1,151.05,151.05,87,2011-11-03 10:03:00,2011-11-03 10:03:00,1,Recently Active
16338,United Kingdom,General,1,158,1,214.8,214.8,94,2011-07-05 13:56:00,2011-07-05 13:56:00,1,Inactive >90 Days
16339,United Kingdom,General,1,285,1,94.05,94.05,21,2011-02-28 13:41:00,2011-02-28 13:41:00,1,Inactive >90 Days
16340,United Kingdom,Minimum,3,108,3,1496.24,498.74666666666667,1319,2010-06-06 13:26:00,2011-08-24 14:53:00,445,Inactive >90 Days
16341,United Kingdom,Potential,4,25,7,3850.79,550.1128571428571,3022,2010-04-09 10:30:00,2011-11-15 09:12:00,586,Recently Active
16342,United Kingdom,Prospective,0,76,4,322.41,80.6025,157,2011-06-13 10:10:00,2011-09-25 14:36:00,105,Recently Active
16343,United Kingdom,Prospective,0,17,3,614.12,204.70666666666668,345,2010-10-28 14:15:00,2011-11-23 17:45:00,392,Recently Active
16344,United Kingdom,Minimum,3,159,4,842.42,210.605,706,2010-02-09 12:16:00,2011-07-04 15:50:00,511,Inactive >90 Days
16345,United Kingdom,Prospective,0,45,2,1178.79,589.395,611,2010-08-13 17:13:00,2011-10-26 16:03:00,440,Recently Active
16346,United Kingdom,General,1,386,1,224.51,224.51,289,2010-11-19 15:55:00,2010-11-19 15:55:00,1,Inactive >90 Days
16347,United Kingdom,Potential,4,12,11,3442.96,312.99636363636364,1715,2010-03-12 12:41:00,2011-11-28 13:14:00,627,Recently Active
16348,United Kingdom,Potential,4,33,8,1742.08,217.76,1158,2010-10-05 13:57:00,2011-11-07 15:44:00,399,Recently Active
16349,United Kingdom,General,1,291,1,53.5,53.5,9,2011-02-22 12:40:00,2011-02-22 12:40:00,1,Inactive >90 Days
16350,United Kingdom,Potential,4,22,9,2253.89,250.4322222222222,1077,2010-10-07 16:33:00,2011-11-18 15:53:00,408,Recently Active
16351,United Kingdom,Minimum,3,333,13,3330.03,256.15615384615387,2165,2009-12-04 16:12:00,2011-01-11 10:26:00,404,Inactive >90 Days
16352,United Kingdom,Prospective,0,18,2,494.44,247.22,300,2011-11-02 08:44:00,2011-11-22 10:32:00,21,Recently Active
16353,United Kingdom,Main,2,4,38,9795.460000000001,257.77526315789476,3483,2009-12-07 13:55:00,2011-12-06 12:23:00,730,Recently Active
16354,United Kingdom,Minimum,3,64,5,1119.46,223.892,592,2010-04-27 13:33:00,2011-10-07 14:28:00,529,Recently Active
16355,United Kingdom,General,1,376,1,416.35,416.35,179,2010-11-29 14:21:00,2010-11-29 14:21:00,1,Inactive >90 Days
16356,United Kingdom,Minimum,3,198,6,415.87,69.31166666666667,190,2010-06-06 11:26:00,2011-05-26 11:51:00,355,Inactive >90 Days
16357,United Kingdom,Prospective,0,34,4,868.37,217.0925,389,2010-11-23 18:52:00,2011-11-06 16:04:00,349,Recently Active
16358,United Kingdom,Potential,4,2,5,2919.65,583.9300000000001,2065,2010-11-10 11:36:00,2011-12-08 15:09:00,394,Recently Active
16359,United Kingdom,Potential,4,8,16,2697.75,168.609375,1764,2010-02-16 10:39:00,2011-12-02 17:04:00,655,Recently Active
16360,United Kingdom,Potential,4,5,6,3450.41,575.0683333333333,2110,2011-09-12 13:50:00,2011-12-05 12:16:00,85,Recently Active
16361,United Kingdom,Prospective,0,10,4,891.21,222.8025,418,2011-09-29 13:13:00,2011-11-30 12:32:00,63,Recently Active
16362,United Kingdom,Potential,4,33,6,922.16,153.69333333333333,467,2010-09-28 09:24:00,2011-11-07 13:01:00,406,Recently Active
16363,United Kingdom,Prospective,0,54,1,109.36000000000001,109.36000000000001,52,2011-10-17 14:14:00,2011-10-17 14:14:00,1,Recently Active
16364,United Kingdom,Prospective,0,12,2,705.79,352.895,279,2011-07-25 14:35:00,2011-11-28 11:27:00,127,Recently Active
16365,United Kingdom,Potential,4,18,15,3167.34,211.156,1034,2009-12-11 12:41:00,2011-11-22 11:24:00,712,Recently Active
16366,United Kingdom,Potential,4,19,4,1548.13,387.0325,882,2009-12-16 10:39:00,2011-11-21 08:19:00,706,Recently Active
16367,United Kingdom,Prospective,0,38,3,1350.48,450.16,1103,2010-11-21 13:23:00,2011-11-02 13:13:00,347,Recently Active
16368,United Kingdom,Prospective,0,3,3,621.44,207.14666666666668,307,2010-09-30 11:30:00,2011-12-07 13:12:00,434,Recently Active
16369,United Kingdom,Potential,4,19,7,2654.48,379.2114285714286,1585,2010-04-07 16:52:00,2011-11-21 16:25:00,594,Recently Active
16370,United Kingdom,Minimum,3,83,4,1301.91,325.4775,640,2011-04-28 16:40:00,2011-09-18 15:55:00,144,Recently Active
16371,United Kingdom,General,1,449,1,157.2,157.2,108,2010-09-17 12:09:00,2010-09-17 12:09:00,1,Inactive >90 Days
16372,United Kingdom,Potential,4,34,5,1290.31,258.062,722,2010-04-11 15:20:00,2011-11-06 13:08:00,575,Recently Active
16373,United Kingdom,General,1,383,2,309.49,154.745,119,2010-10-24 13:10:00,2010-11-22 15:50:00,30,Inactive >90 Days
16374,United Kingdom,Potential,4,67,5,1709.55,341.90999999999997,768,2010-04-30 13:10:00,2011-10-04 15:21:00,523,Recently Active
16375,United Kingdom,General,1,471,2,104.0,52.0,74,2010-08-26 14:12:00,2010-08-26 14:25:00,1,Inactive >90 Days
16376,United Kingdom,Prospective,0,9,2,974.96,487.48,691,2011-11-22 16:47:00,2011-12-01 11:38:00,10,Recently Active
16377,United Kingdom,Minimum,3,268,2,1308.48,654.24,2928,2010-04-01 10:36:00,2011-03-17 15:41:00,351,Inactive >90 Days
16378,United Kingdom,General,1,248,3,362.95,120.98333333333333,267,2011-02-02 12:42:00,2011-04-06 15:07:00,64,Inactive >90 Days
16379,United Kingdom,Potential,4,5,4,2157.4,539.35,1410,2011-09-22 09:33:00,2011-12-05 15:38:00,75,Recently Active
16380,United Kingdom,Prospective,0,62,1,1743.1499999999999,1743.1499999999999,1428,2011-10-09 15:40:00,2011-10-09 15:40:00,1,Recently Active
16381,United Kingdom,General,1,396,2,247.85,123.925,108,2010-10-17 13:06:00,2010-11-09 09:56:00,24,Inactive >90 Days
16382,United Kingdom,General,1,409,2,353.1,176.55,167,2010-06-07 12:42:00,2010-10-27 16:23:00,143,Inactive >90 Days
16383,United Kingdom,Potential,4,75,7,2887.99,412.57,1590,2010-02-04 13:18:00,2011-09-26 12:45:00,600,Recently Active
16384,United Kingdom,Minimum,3,90,4,1358.95,339.7375,861,2010-04-28 14:01:00,2011-09-11 11:19:00,502,Recently Active
16385,United Kingdom,Minimum,3,61,5,881.35,176.27,476,2010-03-18 12:45:00,2011-10-10 13:12:00,572,Recently Active
16386,United Kingdom,Prospective,0,29,3,1068.16,356.05333333333334,700,2010-11-17 11:19:00,2011-11-11 12:28:00,360,Recently Active
16387,United Kingdom,Minimum,3,323,5,882.46,176.49200000000002,448,2010-03-11 12:22:00,2011-01-21 11:34:00,317,Inactive >90 Days
16388,United Kingdom,General,1,654,1,186.05,186.05,83,2010-02-24 10:20:00,2010-02-24 10:20:00,1,Inactive >90 Days
16389,United Kingdom,Minimum,3,54,4,1382.0700000000002,345.51750000000004,1242,2011-03-01 15:47:00,2011-10-17 14:41:00,231,Recently Active
16390,United Kingdom,Minimum,3,537,3,467.5,155.83333333333334,122,2010-01-29 15:25:00,2010-06-21 10:11:00,144,Inactive >90 Days
16391,United Kingdom,Minimum,3,401,4,1048.86,262.215,713,2010-05-27 11:27:00,2010-11-04 12:27:00,162,Inactive >90 Days
16392,United Kingdom,Minimum,3,270,3,755.45,251.8166666666667,603,2010-05-27 11:17:00,2011-03-15 12:11:00,293,Inactive >90 Days
16393,United Kingdom,Main,2,3,23,5297.77,230.33782608695654,3001,2009-12-01 12:13:00,2011-12-07 12:51:00,737,Recently Active
16394,United Kingdom,Potential,4,57,5,1555.34,311.068,2604,2011-02-23 10:58:00,2011-10-14 09:48:00,234,Recently Active
16395,United Kingdom,Potential,4,61,14,3517.56,251.25428571428571,2900,2009-12-06 12:26:00,2011-10-10 12:50:00,674,Recently Active
16396,United Kingdom,General,1,477,1,137.8,137.8,80,2010-08-20 14:17:00,2010-08-20 14:17:00,1,Inactive >90 Days
16397,United Kingdom,General,1,629,1,123.13,123.13,43,2010-03-21 15:36:00,2010-03-21 15:36:00,1,Inactive >90 Days
16398,United Kingdom,Minimum,3,155,2,1705.8,852.9,758,2011-03-31 09:38:00,2011-07-08 15:16:00,100,Inactive >90 Days
16399,United Kingdom,Prospective,0,20,3,628.42,209.47333333333333,434,2010-11-15 15:03:00,2011-11-20 16:12:00,371,Recently Active
16400,United Kingdom,Potential,4,95,9,3059.85,339.98333333333335,2066,2009-12-08 12:38:00,2011-09-06 12:27:00,638,Inactive >90 Days
16401,United Kingdom,Main,2,2,23,6847.45,297.71521739130435,6033,2010-06-02 13:13:00,2011-12-08 18:15:00,555,Recently Active
16402,United Kingdom,General,1,265,2,293.45,146.725,146,2010-12-05 13:42:00,2011-03-20 12:25:00,106,Inactive >90 Days
16403,United Kingdom,General,1,313,1,177.5,177.5,114,2011-01-31 13:39:00,2011-01-31 13:39:00,1,Inactive >90 Days
16404,United Kingdom,Prospective,0,71,1,443.05,443.05,157,2011-09-30 14:55:00,2011-09-30 14:55:00,1,Recently Active
16405,United Kingdom,General,1,303,2,167.25,83.625,187,2011-02-02 17:08:00,2011-02-10 15:24:00,9,Inactive >90 Days
16406,United Kingdom,Prospective,0,19,3,528.36,176.12,257,2010-02-24 11:51:00,2011-11-21 11:57:00,636,Recently Active
16407,United Kingdom,Potential,4,13,14,2761.65,197.2607142857143,1448,2010-10-03 13:56:00,2011-11-27 11:05:00,421,Recently Active
16408,United Kingdom,General,1,592,1,231.93,231.93,227,2010-04-27 14:08:00,2010-04-27 14:08:00,1,Inactive >90 Days
16409,United Kingdom,Potential,4,37,12,5652.74,471.06166666666667,3664,2009-12-13 15:38:00,2011-11-03 16:45:00,691,Recently Active
16410,United Kingdom,General,1,735,1,130.32,130.32,348,2009-12-05 14:51:00,2009-12-05 14:51:00,1,Inactive >90 Days
16411,United Kingdom,Prospective,0,20,4,756.39,189.0975,461,2010-10-07 15:09:00,2011-11-20 13:23:00,410,Recently Active
16412,United Kingdom,Prospective,0,54,5,593.19,118.638,288,2010-02-04 13:46:00,2011-10-17 12:35:00,621,Recently Active
16413,United Kingdom,Prospective,0,57,2,522.03,261.015,283,2010-11-29 12:49:00,2011-10-14 12:08:00,320,Recently Active
16414,United Kingdom,Prospective,0,22,5,551.21,110.242,201,2010-01-14 10:21:00,2011-11-18 09:42:00,674,Recently Active
16415,United Kingdom,Prospective,0,45,3,696.76,232.25333333333333,508,2010-02-01 12:30:00,2011-10-26 13:35:00,633,Recently Active
16416,United Kingdom,Potential,4,27,9,2957.88,328.65333333333336,2198,2010-02-23 12:00:00,2011-11-13 12:50:00,629,Recently Active
16417,United Kingdom,General,1,493,1,35.7,35.7,6,2010-08-04 09:08:00,2010-08-04 09:08:00,1,Inactive >90 Days
16418,United Kingdom,Potential,4,45,5,1028.74,205.748,564,2010-10-13 12:31:00,2011-10-26 12:39:00,379,Recently Active
16419,United Kingdom,Minimum,3,113,8,1463.7,182.9625,701,2010-02-09 13:26:00,2011-08-19 12:33:00,557,Inactive >90 Days
16420,United Kingdom,General,1,397,1,75.0,75.0,120,2010-11-08 15:15:00,2010-11-08 15:15:00,1,Inactive >90 Days
16421,United Kingdom,Minimum,3,377,3,526.27,175.42333333333332,123,2010-08-27 12:02:00,2010-11-28 13:31:00,94,Inactive >90 Days
16422,United Kingdom,Main,2,18,107,61656.42,576.2282242990655,64032,2010-01-12 11:57:00,2011-11-22 14:00:00,680,Recently Active
16423,United Kingdom,Prospective,0,25,1,346.12,346.12,230,2011-11-15 09:21:00,2011-11-15 09:21:00,1,Recently Active
16424,United Kingdom,General,1,192,2,443.06,221.53,212,2010-11-22 11:24:00,2011-06-01 13:40:00,192,Inactive >90 Days
16425,United Kingdom,General,1,303,1,302.7,302.7,199,2011-02-10 14:30:00,2011-02-10 14:30:00,1,Inactive >90 Days
16426,United Kingdom,Potential,4,3,10,1863.76,186.376,1215,2011-03-08 15:45:00,2011-12-07 14:01:00,275,Recently Active
16427,United Kingdom,General,1,264,2,241.06,120.53,156,2011-02-28 15:18:00,2011-03-21 17:10:00,22,Inactive >90 Days
16428,United Kingdom,Minimum,3,414,3,638.49,212.83,575,2010-07-30 12:10:00,2010-10-22 12:22:00,85,Inactive >90 Days
16429,United Kingdom,General,1,107,1,284.55,284.55,9,2011-08-25 13:54:00,2011-08-25 13:54:00,1,Inactive >90 Days
16430,United Kingdom,Potential,4,58,6,1102.94,183.82333333333335,306,2010-01-27 12:45:00,2011-10-13 14:47:00,625,Recently Active
16431,United Kingdom,Minimum,3,214,3,623.28,207.76,442,2011-02-15 14:02:00,2011-05-10 14:09:00,85,Inactive >90 Days
16432,United Kingdom,Prospective,0,65,1,287.40000000000003,287.40000000000003,276,2011-10-06 13:59:00,2011-10-06 13:59:00,1,Recently Active
16433,United Kingdom,Prospective,0,29,2,384.52,192.26,214,2010-10-27 12:26:00,2011-11-11 14:09:00,381,Recently Active
16434,United Kingdom,Potential,4,30,12,2673.69,222.8075,1310,2010-01-17 14:51:00,2011-11-10 14:28:00,663,Recently Active
16435,United Kingdom,Minimum,3,513,3,1003.0699999999999,334.3566666666666,608,2010-07-13 13:29:00,2010-07-15 18:22:00,3,Inactive >90 Days
16436,United Kingdom,General,1,669,3,319.14,106.38,227,2009-12-06 16:02:00,2010-02-09 13:19:00,66,Inactive >90 Days
16437,United Kingdom,General,1,382,2,301.25,150.625,197,2010-10-06 12:34:00,2010-11-23 16:59:00,49,Inactive >90 Days
16438,United Kingdom,Prospective,0,6,5,798.35,159.67000000000002,463,2011-09-18 13:31:00,2011-12-04 10:51:00,78,Recently Active
16439,United Kingdom,General,1,723,1,310.70000000000005,310.70000000000005,74,2009-12-17 14:22:00,2009-12-17 14:22:00,1,Inactive >90 Days
16440,United Kingdom,Potential,4,8,6,3856.97,642.8283333333333,2108,2010-08-03 11:32:00,2011-12-02 12:02:00,487,Recently Active
16441,United Kingdom,Minimum,3,68,5,1013.1800000000001,202.63600000000002,477,2010-03-22 18:00:00,2011-10-03 17:48:00,561,Recently Active
16442,United Kingdom,Prospective,0,2,5,891.98,178.39600000000002,580,2009-12-13 11:05:00,2011-12-08 11:43:00,726,Recently Active
16443,United Kingdom,General,1,521,1,162.24,162.24,96,2010-07-07 11:57:00,2010-07-07 11:57:00,1,Inactive >90 Days
16444,United Kingdom,Potential,4,47,17,3625.88,213.2870588235294,1945,2010-03-24 14:06:00,2011-10-24 13:50:00,580,Recently Active
16445,United Kingdom,Prospective,0,34,4,583.16,145.79,287,2010-10-24 12:39:00,2011-11-06 12:32:00,379,Recently Active
16446,United Kingdom,Main,2,1,2,168472.5,84236.25,80997,2011-05-18 09:52:00,2011-12-09 09:15:00,206,Recently Active
16447,United Kingdom,Minimum,3,136,3,727.1,242.36666666666667,315,2010-02-17 14:09:00,2011-07-27 12:45:00,526,Inactive >90 Days
16448,United Kingdom,General,1,199,2,361.12,180.56,176,2010-08-25 16:58:00,2011-05-25 16:28:00,274,Inactive >90 Days
16449,United Kingdom,Minimum,3,198,2,707.69,353.845,367,2011-03-04 12:15:00,2011-05-26 10:25:00,84,Inactive >90 Days
16450,United Kingdom,Minimum,3,150,3,1505.73,501.91,681,2010-02-21 15:46:00,2011-07-13 11:47:00,508,Inactive >90 Days
16451,United Kingdom,Minimum,3,88,3,1013.15,337.71666666666664,524,2009-12-04 15:11:00,2011-09-13 09:17:00,649,Recently Active
16452,United Kingdom,General,1,631,2,332.17,166.085,199,2010-01-15 12:22:00,2010-03-19 12:39:00,64,Inactive >90 Days
16453,United Kingdom,General,1,531,2,251.71,125.855,139,2010-06-09 13:15:00,2010-06-27 12:46:00,19,Inactive >90 Days
16454,United Kingdom,General,1,65,2,7.45,3.725,3,2010-04-07 15:54:00,2011-10-06 16:57:00,548,Recently Active
16455,United Kingdom,Potential,4,64,11,3995.57,363.2336363636364,2851,2010-03-30 10:31:00,2011-10-07 12:17:00,557,Recently Active
16456,United Kingdom,Potential,4,100,13,6000.94,461.6107692307692,3296,2010-03-29 11:16:00,2011-09-01 13:50:00,522,Inactive >90 Days
16457,United Kingdom,General,1,219,1,208.36,208.36,140,2011-05-05 13:19:00,2011-05-05 13:19:00,1,Inactive >90 Days
16458,United Kingdom,Main,2,3,30,5690.89,189.69633333333334,3395,2010-05-26 14:38:00,2011-12-07 09:34:00,561,Recently Active
16459,United Kingdom,General,1,730,1,71.78999999999999,71.78999999999999,59,2009-12-10 12:42:00,2009-12-10 12:42:00,1,Inactive >90 Days
16460,United Kingdom,Prospective,0,29,3,811.23,270.41,876,2011-09-19 10:15:00,2011-11-11 13:46:00,54,Recently Active
16461,United Kingdom,Minimum,3,178,3,1539.83,513.2766666666666,927,2010-03-03 13:57:00,2011-06-15 12:07:00,470,Inactive >90 Days
16462,United Kingdom,Prospective,0,74,3,136.0,45.333333333333336,16,2011-03-01 08:58:00,2011-09-27 10:24:00,211,Recently Active
16463,United Kingdom,Potential,4,22,4,1422.4,355.6,1163,2011-05-19 14:45:00,2011-11-18 14:01:00,184,Recently Active
16464,United Kingdom,Prospective,0,20,3,1298.66,432.8866666666667,952,2011-07-20 13:53:00,2011-11-20 12:11:00,124,Recently Active
16465,United Kingdom,Minimum,3,421,2,746.24,373.12,504,2010-09-21 10:46:00,2010-10-15 09:27:00,25,Inactive >90 Days
16466,United Kingdom,Potential,4,34,15,3767.09,251.13933333333335,1777,2010-03-07 14:31:00,2011-11-06 11:35:00,610,Recently Active
16467,United Kingdom,Minimum,3,509,7,2869.16,409.88,7384,2009-12-02 11:59:00,2010-07-19 11:49:00,230,Inactive >90 Days
16468,United Kingdom,Prospective,0,75,3,787.52,262.50666666666666,371,2010-08-15 13:10:00,2011-09-26 14:13:00,408,Recently Active
16469,United Kingdom,Prospective,0,24,5,803.9,160.78,332,2010-07-13 13:17:00,2011-11-16 12:25:00,492,Recently Active
16470,United Kingdom,Potential,4,52,11,2416.85,219.71363636363637,1335,2009-12-11 12:21:00,2011-10-19 12:11:00,678,Recently Active
16471,United Kingdom,Minimum,3,275,4,1189.98,297.495,670,2010-02-25 10:07:00,2011-03-10 09:41:00,379,Inactive >90 Days
16472,United Kingdom,Minimum,3,435,2,789.6,394.8,252,2010-04-21 11:48:00,2010-10-01 13:56:00,164,Inactive >90 Days
16473,United Kingdom,Minimum,3,165,4,470.83,117.7075,296,2010-11-30 16:29:00,2011-06-28 09:10:00,211,Inactive >90 Days
16474,United Kingdom,Potential,4,8,7,1810.49,258.64142857142855,907,2011-07-17 14:51:00,2011-12-02 13:02:00,139,Recently Active
16475,United Kingdom,Minimum,3,89,4,544.3,136.075,319,2011-03-11 09:39:00,2011-09-12 14:37:00,186,Recently Active
16476,United Kingdom,General,1,432,1,350.35,350.35,187,2010-10-04 10:29:00,2010-10-04 10:29:00,1,Inactive >90 Days
16477,United Kingdom,Potential,4,64,11,4094.37,372.2154545454545,2507,2010-08-12 09:43:00,2011-10-07 09:44:00,422,Recently Active
16478,United Kingdom,Prospective,0,26,3,331.0,110.33333333333333,224,2011-10-05 12:02:00,2011-11-14 15:51:00,41,Recently Active
16479,United Kingdom,Prospective,0,11,2,300.83,150.415,102,2011-11-29 13:04:00,2011-11-29 13:40:00,1,Recently Active
16480,United Kingdom,Prospective,0,76,1,769.29,769.29,455,2011-09-25 11:40:00,2011-09-25 11:40:00,1,Recently Active
16481,United Kingdom,General,1,683,1,453.38,453.38,201,2010-01-26 13:09:00,2010-01-26 13:09:00,1,Inactive >90 Days
16482,United Kingdom,Prospective,0,16,1,220.62,220.62,346,2011-11-24 12:33:00,2011-11-24 12:33:00,1,Recently Active
16483,United Kingdom,General,1,193,1,139.35,139.35,44,2011-05-31 13:08:00,2011-05-31 13:08:00,1,Inactive >90 Days
16484,United Kingdom,General,1,174,2,404.3,202.15,200,2011-06-02 10:39:00,2011-06-19 12:06:00,18,Inactive >90 Days
16485,United Kingdom,Potential,4,78,5,2287.19,457.438,1153,2009-12-06 12:28:00,2011-09-23 15:50:00,657,Recently Active
16486,United Kingdom,General,1,538,1,134.36,134.36,24,2010-06-20 12:16:00,2010-06-20 12:16:00,1,Inactive >90 Days
16487,United Kingdom,General,1,578,2,209.4,104.7,163,2010-02-18 17:36:00,2010-05-11 13:38:00,83,Inactive >90 Days
16488,United Kingdom,Prospective,0,34,3,498.8,166.26666666666668,728,2011-07-14 11:46:00,2011-11-06 13:42:00,116,Recently Active
16489,United Kingdom,General,1,381,2,303.7,151.85,38,2010-09-29 15:02:00,2010-11-24 14:40:00,57,Inactive >90 Days
16490,United Kingdom,General,1,437,1,205.41000000000003,205.41000000000003,113,2010-09-29 16:30:00,2010-09-29 16:30:00,1,Inactive >90 Days
16491,United Kingdom,Prospective,0,47,2,1533.16,766.58,1060,2010-10-22 15:42:00,2011-10-24 10:18:00,368,Recently Active
16492,United Kingdom,General,1,541,1,385.56,385.56,235,2010-06-17 08:20:00,2010-06-17 08:20:00,1,Inactive >90 Days
16493,United Kingdom,Potential,4,80,7,2132.09,304.5842857142857,1988,2010-03-26 13:05:00,2011-09-21 11:10:00,545,Recently Active
16494,United Kingdom,General,1,297,1,826.53,826.53,675,2011-02-16 12:49:00,2011-02-16 12:49:00,1,Inactive >90 Days
16495,United Kingdom,Prospective,0,4,3,648.26,216.08666666666667,328,2011-03-08 16:38:00,2011-12-06 13:20:00,274,Recently Active
16496,United Kingdom,Potential,4,9,6,2330.77,388.46166666666664,1764,2010-07-18 13:42:00,2011-12-01 10:31:00,502,Recently Active
16497,United Kingdom,Main,2,50,23,6695.28,291.0991304347826,3050,2009-12-03 14:11:00,2011-10-21 10:55:00,688,Recently Active
16498,United Kingdom,General,1,162,2,100.97,50.485,45,2011-06-30 19:52:00,2011-07-01 15:07:00,2,Inactive >90 Days
16499,United Kingdom,Minimum,3,361,8,2578.34,322.2925,1364,2010-06-11 12:22:00,2010-12-14 13:31:00,187,Inactive >90 Days
16500,United Kingdom,Potential,4,5,9,843.9100000000001,93.76777777777778,386,2010-06-14 14:54:00,2011-12-05 12:04:00,540,Recently Active
16501,United Kingdom,Minimum,3,384,1,1191.23,1191.23,628,2010-11-21 14:10:00,2010-11-21 14:10:00,1,Inactive >90 Days
16502,United Kingdom,General,1,621,2,258.55,129.275,220,2010-03-29 13:39:00,2010-03-29 13:44:00,1,Inactive >90 Days
16503,United Kingdom,Potential,4,107,11,3614.34,328.5763636363636,1535,2010-06-21 14:07:00,2011-08-25 11:46:00,431,Inactive >90 Days
16504,United Kingdom,Prospective,0,26,1,465.88,465.88,510,2011-11-14 15:18:00,2011-11-14 15:18:00,1,Recently Active
16505,United Kingdom,Prospective,0,32,1,777.6,777.6,576,2011-11-08 12:14:00,2011-11-08 12:14:00,1,Recently Active
16506,United Kingdom,Prospective,0,20,2,90.30000000000001,45.150000000000006,42,2011-10-30 15:50:00,2011-11-20 12:17:00,22,Recently Active
16507,United Kingdom,General,1,573,1,142.71,142.71,111,2010-05-16 12:56:00,2010-05-16 12:56:00,1,Inactive >90 Days
16508,United Kingdom,General,1,631,1,240.95,240.95,103,2010-03-19 13:41:00,2010-03-19 13:41:00,1,Inactive >90 Days
16509,United Kingdom,General,1,297,1,363.70000000000005,363.70000000000005,64,2011-02-16 09:25:00,2011-02-16 09:25:00,1,Inactive >90 Days
16510,United Kingdom,Minimum,3,373,6,1757.25,292.875,927,2010-01-17 12:30:00,2010-12-02 13:39:00,320,Inactive >90 Days
16511,United Kingdom,Potential,4,22,6,1758.49,293.08166666666665,765,2010-03-01 12:21:00,2011-11-18 10:41:00,628,Recently Active
16513,United Kingdom,Prospective,0,5,4,874.59,218.6475,407,2011-10-27 14:56:00,2011-12-05 10:18:00,40,Recently Active
16515,United Kingdom,Potential,4,53,10,3179.06,317.906,1573,2010-06-17 12:17:00,2011-10-18 13:10:00,489,Recently Active
16516,United Kingdom,Prospective,0,31,1,101.69999999999999,101.69999999999999,58,2011-11-09 14:59:00,2011-11-09 14:59:00,1,Recently Active
16517,United Kingdom,General,1,278,1,162.70000000000002,162.70000000000002,96,2011-03-07 13:50:00,2011-03-07 13:50:00,1,Inactive >90 Days
16518,United Kingdom,Minimum,3,62,4,959.37,239.8425,524,2010-06-01 13:31:00,2011-10-09 15:04:00,496,Recently Active
16519,United Kingdom,Prospective,0,26,4,436.96,109.24,149,2010-03-01 13:51:00,2011-11-14 15:41:00,624,Recently Active
16520,United Kingdom,Minimum,3,187,6,2148.38,358.06333333333333,1045,2010-03-02 16:50:00,2011-06-06 13:24:00,462,Inactive >90 Days
16521,United Kingdom,Minimum,3,416,3,1136.36,378.78666666666663,1013,2010-03-01 13:22:00,2010-10-20 13:09:00,234,Inactive >90 Days
16522,United Kingdom,General,1,436,2,433.36,216.68,212,2010-09-15 13:32:00,2010-09-30 10:54:00,16,Inactive >90 Days
16523,United Kingdom,Main,2,2,28,11916.33,425.5832142857143,4979,2010-01-24 13:14:00,2011-12-08 09:06:00,684,Recently Active
16524,United Kingdom,General,1,447,2,306.19,153.095,259,2010-01-17 13:16:00,2010-09-19 13:37:00,246,Inactive >90 Days
16525,United Kingdom,Main,2,3,48,24151.3,503.15208333333334,14430,2009-12-02 13:53:00,2011-12-07 15:07:00,736,Recently Active
16526,United Kingdom,Minimum,3,172,2,717.21,358.605,279,2010-05-04 16:34:00,2011-06-21 12:02:00,414,Inactive >90 Days
16527,United Kingdom,Minimum,3,82,2,1232.94,616.47,708,2010-10-11 13:25:00,2011-09-19 16:21:00,344,Recently Active
16528,United Kingdom,Prospective,0,4,1,244.41,244.41,171,2011-12-06 12:45:00,2011-12-06 12:45:00,1,Recently Active
16529,United Kingdom,Minimum,3,191,4,1986.8,496.7,739,2010-06-27 13:29:00,2011-06-02 17:23:00,341,Inactive >90 Days
16530,United Kingdom,General,1,669,1,48.35,48.35,17,2010-02-09 15:30:00,2010-02-09 15:30:00,1,Inactive >90 Days
16531,United Kingdom,Potential,4,23,11,2298.33,208.9390909090909,1863,2010-09-24 09:49:00,2011-11-17 16:29:00,420,Recently Active
16532,United Kingdom,Potential,4,18,5,8756.64,1751.328,2544,2010-03-29 10:26:00,2011-11-22 11:08:00,604,Recently Active
16533,United Kingdom,Prospective,0,20,3,1082.81,360.93666666666667,611,2011-10-02 15:07:00,2011-11-20 13:08:00,50,Recently Active
16534,United Kingdom,General,1,643,1,635.9,635.9,168,2010-03-07 15:47:00,2010-03-07 15:47:00,1,Inactive >90 Days
16535,United Kingdom,Prospective,0,6,2,952.04,476.02,663,2010-11-19 13:01:00,2011-12-04 15:18:00,381,Recently Active
16536,United Kingdom,General,1,111,1,548.12,548.12,250,2011-08-21 15:54:00,2011-08-21 15:54:00,1,Inactive >90 Days
16537,United Kingdom,General,1,642,1,10.55,10.55,19,2010-03-08 13:41:00,2010-03-08 13:41:00,1,Inactive >90 Days
16538,United Kingdom,General,1,542,3,395.07,131.69,254,2010-04-23 16:25:00,2010-06-16 16:59:00,55,Inactive >90 Days
16539,United Kingdom,Potential,4,3,10,3289.66,328.966,1014,2010-06-25 15:24:00,2011-12-07 08:41:00,531,Recently Active
16540,United Kingdom,General,1,415,1,205.75,205.75,105,2010-10-21 17:22:00,2010-10-21 17:22:00,1,Inactive >90 Days
16541,United Kingdom,General,1,736,1,424.03,424.03,173,2009-12-04 13:22:00,2009-12-04 13:22:00,1,Inactive >90 Days
16542,United Kingdom,Prospective,0,54,2,257.32,128.66,142,2010-11-03 14:44:00,2011-10-17 10:47:00,349,Recently Active
16543,United Kingdom,General,1,592,1,292.21,292.21,317,2010-04-27 11:38:00,2010-04-27 11:38:00,1,Inactive >90 Days
16544,United Kingdom,Minimum,3,520,4,376.70000000000005,94.17500000000001,150,2010-02-15 13:20:00,2010-07-08 11:11:00,144,Inactive >90 Days
16545,United Kingdom,Minimum,3,165,2,689.8199999999999,344.90999999999997,322,2010-11-29 10:39:00,2011-06-28 10:37:00,212,Inactive >90 Days
16546,United Kingdom,Minimum,3,291,5,5307.07,1061.414,4211,2010-09-23 15:43:00,2011-02-22 11:20:00,153,Inactive >90 Days
16547,United Kingdom,General,1,547,1,104.25999999999999,104.25999999999999,108,2010-06-11 13:02:00,2010-06-11 13:02:00,1,Inactive >90 Days
16548,United Kingdom,General,1,600,1,30.15,30.15,6,2010-04-19 16:15:00,2010-04-19 16:15:00,1,Inactive >90 Days
16549,United Kingdom,Main,2,11,34,12781.8,375.93529411764706,7087,2010-03-28 15:45:00,2011-11-29 15:06:00,612,Recently Active
16550,United Kingdom,Potential,4,109,18,8807.68,489.3155555555556,5403,2009-12-02 11:24:00,2011-08-23 11:12:00,630,Inactive >90 Days
16551,United Kingdom,Potential,4,96,7,2237.12,319.5885714285714,2076,2009-12-13 16:12:00,2011-09-05 09:38:00,632,Inactive >90 Days
16552,United Kingdom,General,1,243,2,379.73,189.865,219,2010-12-01 12:36:00,2011-04-11 10:04:00,132,Inactive >90 Days
16553,United Kingdom,Main,2,164,33,16584.01,502.54575757575753,16427,2010-02-11 18:46:00,2011-06-29 15:42:00,504,Inactive >90 Days
16554,United Kingdom,Potential,4,43,8,2841.7200000000003,355.21500000000003,1346,2009-12-15 09:42:00,2011-10-28 14:51:00,683,Recently Active
16555,United Kingdom,Potential,4,36,6,1915.68,319.28000000000003,1816,2010-07-22 13:39:00,2011-11-04 14:31:00,471,Recently Active
16556,United Kingdom,Potential,4,67,17,8012.58,471.32823529411763,4353,2009-12-07 10:51:00,2011-10-04 11:36:00,667,Recently Active
16557,United Kingdom,Prospective,0,25,2,281.85,140.925,111,2011-07-25 13:28:00,2011-11-15 14:04:00,114,Recently Active
16558,United Kingdom,Main,2,1,38,13304.11,350.10815789473685,7813,2009-12-03 18:11:00,2011-12-09 10:20:00,737,Recently Active
16559,United Kingdom,General,1,398,1,175.0,175.0,61,2010-11-07 13:52:00,2010-11-07 13:52:00,1,Inactive >90 Days
16560,United Kingdom,Potential,4,27,8,3048.38,381.0475,1603,2009-12-08 12:05:00,2011-11-13 10:35:00,706,Recently Active
16561,United Kingdom,Prospective,0,6,2,511.12,255.56,244,2011-10-11 09:53:00,2011-12-04 11:50:00,55,Recently Active
16562,United Kingdom,General,1,477,1,223.86,223.86,264,2010-08-20 11:45:00,2010-08-20 11:45:00,1,Inactive >90 Days
16563,United Kingdom,Potential,4,54,6,4412.56,735.4266666666667,2584,2009-12-01 18:35:00,2011-10-17 11:51:00,686,Recently Active
16564,United Kingdom,General,1,570,1,87.80000000000001,87.80000000000001,40,2010-05-19 14:41:00,2010-05-19 14:41:00,1,Inactive >90 Days
16565,United Kingdom,Minimum,3,365,4,773.05,193.2625,211,2010-06-02 12:47:00,2010-12-10 15:21:00,192,Inactive >90 Days
16566,United Kingdom,Prospective,0,16,5,614.66,122.93199999999999,362,2011-02-20 10:29:00,2011-11-24 16:34:00,278,Recently Active
16567,United Kingdom,Minimum,3,195,2,865.6,432.8,996,2011-01-07 09:31:00,2011-05-29 13:57:00,143,Inactive >90 Days
16568,United Kingdom,Minimum,3,428,2,1020.9,510.45,366,2010-03-08 14:51:00,2010-10-08 10:54:00,215,Inactive >90 Days
16569,United Kingdom,Potential,4,4,5,1455.23,291.046,988,2009-12-16 15:05:00,2011-12-06 15:32:00,721,Recently Active
16570,United Kingdom,Main,2,16,20,7434.31,371.7155,4292,2010-03-30 09:32:00,2011-11-24 17:02:00,605,Recently Active
16571,United Kingdom,Potential,4,27,10,4248.74,424.87399999999997,3703,2010-03-18 09:12:00,2011-11-13 11:46:00,606,Recently Active
16572,United Kingdom,Minimum,3,128,3,1009.6,336.53333333333336,532,2011-03-09 12:04:00,2011-08-04 16:34:00,149,Inactive >90 Days
16573,United Kingdom,Prospective,0,85,2,663.61,331.805,360,2011-02-22 15:14:00,2011-09-16 09:13:00,207,Recently Active
16574,United Kingdom,Minimum,3,72,3,1301.78,433.9266666666667,1002,2010-02-19 11:46:00,2011-09-29 13:39:00,588,Recently Active
16576,United Kingdom,General,1,421,2,540.87,270.435,323,2010-07-06 10:42:00,2010-10-15 13:37:00,102,Inactive >90 Days
16577,United Kingdom,General,1,667,1,380.0,380.0,142,2010-02-11 09:45:00,2010-02-11 09:45:00,1,Inactive >90 Days
16578,United Kingdom,General,1,627,1,156.6,156.6,108,2010-03-23 15:11:00,2010-03-23 15:11:00,1,Inactive >90 Days
16579,United Kingdom,General,1,426,1,295.05,295.05,119,2010-10-10 11:58:00,2010-10-10 11:58:00,1,Inactive >90 Days
16581,United Kingdom,General,1,183,1,105.84,105.84,134,2011-06-10 10:05:00,2011-06-10 10:05:00,1,Inactive >90 Days
16582,United Kingdom,General,1,114,1,313.62,313.62,164,2011-08-18 17:02:00,2011-08-18 17:02:00,1,Inactive >90 Days
16583,United Kingdom,General,1,374,2,297.95,148.975,153,2010-02-04 12:18:00,2010-12-01 12:03:00,301,Inactive >90 Days
16584,United Kingdom,Potential,4,81,5,3156.17,631.234,1913,2010-02-16 10:41:00,2011-09-20 13:45:00,582,Recently Active
16585,United Kingdom,General,1,594,2,341.59000000000003,170.79500000000002,151,2010-01-13 13:31:00,2010-04-25 10:34:00,103,Inactive >90 Days
16586,United Kingdom,Minimum,3,249,3,1462.78,487.5933333333333,348,2010-03-14 11:24:00,2011-04-05 09:32:00,388,Inactive >90 Days
16587,United Kingdom,General,1,233,1,225.15,225.15,71,2011-04-21 15:51:00,2011-04-21 15:51:00,1,Inactive >90 Days
16588,United Kingdom,Minimum,3,387,4,1361.28,340.32,882,2010-05-14 13:43:00,2010-11-18 17:56:00,189,Inactive >90 Days
16589,United Kingdom,Prospective,0,72,4,612.36,153.09,536,2010-09-15 14:56:00,2011-09-29 14:50:00,380,Recently Active
16590,United Kingdom,General,1,401,2,605.9,302.95,240,2010-10-21 12:09:00,2010-11-04 09:06:00,15,Inactive >90 Days
16591,United Kingdom,Prospective,0,69,1,213.5,213.5,41,2011-10-02 10:43:00,2011-10-02 10:43:00,1,Recently Active
16592,United Kingdom,Main,2,5,28,7807.91,278.8539285714286,5504,2009-12-18 15:57:00,2011-12-05 13:49:00,718,Recently Active
16593,United Kingdom,Potential,4,51,8,1071.14,133.8925,377,2009-12-05 10:44:00,2011-10-20 12:41:00,685,Recently Active
16594,United Kingdom,General,1,76,1,181.09,181.09,64,2011-09-25 14:08:00,2011-09-25 14:08:00,1,Recently Active
16595,United Kingdom,Potential,4,62,5,1757.75,351.55,1331,2010-01-17 12:12:00,2011-10-09 13:15:00,631,Recently Active
16596,United Kingdom,Prospective,0,16,4,458.98,114.745,180,2009-12-10 13:09:00,2011-11-24 10:02:00,715,Recently Active
16597,United Kingdom,Prospective,0,5,1,90.04,90.04,184,2011-12-05 15:44:00,2011-12-05 15:44:00,1,Recently Active
16598,United Kingdom,General,1,286,1,145.05,145.05,73,2011-02-27 11:42:00,2011-02-27 11:42:00,1,Inactive >90 Days
16599,United Kingdom,General,1,386,1,172.8,172.8,159,2010-11-19 12:45:00,2010-11-19 12:45:00,1,Inactive >90 Days
16600,United Kingdom,Potential,4,5,13,2153.41,165.64692307692306,2420,2009-12-18 12:59:00,2011-12-05 16:00:00,718,Recently Active
16601,United Kingdom,Prospective,0,41,3,675.83,225.27666666666667,388,2010-03-26 13:39:00,2011-10-30 11:09:00,584,Recently Active
16602,United Kingdom,Prospective,0,37,2,763.33,381.665,429,2010-11-16 09:13:00,2011-11-03 15:54:00,353,Recently Active
16603,United Kingdom,Prospective,0,75,2,482.47,241.235,480,2011-09-09 13:02:00,2011-09-26 10:06:00,18,Recently Active
16604,United Kingdom,General,1,563,2,432.45000000000005,216.22500000000002,175,2010-05-20 16:34:00,2010-05-26 09:10:00,7,Inactive >90 Days
16605,United Kingdom,General,1,725,1,60.48,60.48,144,2009-12-15 19:03:00,2009-12-15 19:03:00,1,Inactive >90 Days
16606,United Kingdom,General,1,405,2,357.66,178.83,148,2010-10-01 13:21:00,2010-10-31 13:57:00,31,Inactive >90 Days
16607,United Kingdom,Main,2,18,25,5706.87,228.2748,4436,2010-04-29 14:01:00,2011-11-22 10:24:00,573,Recently Active
16608,United Kingdom,Minimum,3,454,2,1286.6200000000001,643.3100000000001,612,2010-02-14 11:57:00,2010-09-12 11:44:00,211,Inactive >90 Days
16609,United Kingdom,Potential,4,16,7,5493.46,784.78,2420,2011-04-01 10:11:00,2011-11-24 13:32:00,238,Recently Active
16610,United Kingdom,General,1,220,1,75.66,75.66,66,2011-05-04 13:13:00,2011-05-04 13:13:00,1,Inactive >90 Days
16611,United Kingdom,Minimum,3,187,6,1785.13,297.5216666666667,874,2010-03-10 16:07:00,2011-06-06 15:46:00,454,Inactive >90 Days
16612,United Kingdom,Potential,4,33,9,3245.4300000000003,360.60333333333335,1419,2009-12-03 15:54:00,2011-11-07 07:38:00,705,Recently Active
16613,United Kingdom,Prospective,0,71,1,618.59,618.59,293,2011-09-30 15:52:00,2011-09-30 15:52:00,1,Recently Active
16614,United Kingdom,Minimum,3,183,3,1179.79,393.2633333333333,349,2010-05-10 15:18:00,2011-06-10 11:36:00,397,Inactive >90 Days
16615,United Kingdom,General,1,627,1,291.5,291.5,211,2010-03-23 15:13:00,2010-03-23 15:13:00,1,Inactive >90 Days
16616,United Kingdom,Prospective,0,16,2,500.42,250.21,370,2011-07-05 13:38:00,2011-11-24 16:31:00,143,Recently Active
16617,United Kingdom,General,1,236,1,151.85,151.85,91,2011-04-18 10:35:00,2011-04-18 10:35:00,1,Inactive >90 Days
16618,United Kingdom,Potential,4,32,5,2647.59,529.518,1363,2011-01-21 11:55:00,2011-11-08 13:52:00,292,Recently Active
16619,United Kingdom,Minimum,3,264,4,1938.3300000000002,484.58250000000004,1055,2010-02-22 12:05:00,2011-03-21 08:18:00,393,Inactive >90 Days
16620,United Kingdom,Potential,4,4,6,1758.93,293.15500000000003,1146,2009-12-01 14:35:00,2011-12-06 12:19:00,736,Recently Active
16621,United Kingdom,Prospective,0,52,4,813.48,203.37,302,2011-03-07 11:32:00,2011-10-19 11:38:00,227,Recently Active
16622,United Kingdom,General,1,544,1,225.4,225.4,44,2010-06-14 10:44:00,2010-06-14 10:44:00,1,Inactive >90 Days
16623,United Kingdom,Minimum,3,246,4,1015.24,253.81,442,2010-04-26 14:04:00,2011-04-08 10:09:00,348,Inactive >90 Days
16624,United Kingdom,Prospective,0,81,2,810.57,405.285,488,2011-05-26 14:20:00,2011-09-20 12:39:00,118,Recently Active
16625,United Kingdom,Minimum,3,275,5,1654.03,330.806,1057,2010-06-14 11:56:00,2011-03-10 12:50:00,270,Inactive >90 Days
16626,United Kingdom,Main,2,1,17,4413.1,259.59411764705885,2690,2011-03-18 12:27:00,2011-12-09 11:56:00,267,Recently Active
16627,United Kingdom,Prospective,0,80,1,322.8,322.8,162,2011-09-21 14:38:00,2011-09-21 14:38:00,1,Recently Active
16628,United Kingdom,Potential,4,30,7,2318.1,331.15714285714284,1260,2010-03-08 12:24:00,2011-11-10 12:45:00,613,Recently Active
16629,United Kingdom,Prospective,0,74,2,408.63,204.315,489,2011-09-04 16:12:00,2011-09-27 10:34:00,24,Recently Active
16630,United Kingdom,General,1,408,1,106.80000000000001,106.80000000000001,72,2010-10-28 14:30:00,2010-10-28 14:30:00,1,Inactive >90 Days
16631,United Kingdom,Minimum,3,482,7,1892.52,270.36,775,2010-02-26 10:49:00,2010-08-15 11:20:00,171,Inactive >90 Days
16632,United Kingdom,General,1,486,2,406.4,203.2,256,2010-05-07 16:46:00,2010-08-11 11:39:00,97,Inactive >90 Days
16633,United Kingdom,Potential,4,18,6,2883.1,480.51666666666665,1138,2011-04-19 14:36:00,2011-11-22 13:41:00,218,Recently Active
16634,United Kingdom,Minimum,3,223,6,1649.81,274.9683333333333,1257,2010-01-21 09:30:00,2011-05-01 12:09:00,466,Inactive >90 Days
16635,United Kingdom,General,1,407,1,473.0,473.0,277,2010-10-29 09:41:00,2010-10-29 09:41:00,1,Inactive >90 Days
16636,United Kingdom,Minimum,3,439,4,3802.04,950.51,2186,2010-03-03 14:06:00,2010-09-27 13:13:00,209,Inactive >90 Days
16637,United Kingdom,Prospective,0,33,4,1154.47,288.6175,927,2011-04-28 10:20:00,2011-11-07 13:17:00,194,Recently Active
16638,United Kingdom,Potential,4,23,15,2380.13,158.67533333333333,1627,2010-08-18 13:33:00,2011-11-17 11:09:00,457,Recently Active
16639,United Kingdom,Potential,4,32,4,1747.98,436.995,751,2010-10-26 18:23:00,2011-11-08 13:20:00,379,Recently Active
16640,United Kingdom,General,1,398,1,179.4,179.4,146,2010-11-07 10:48:00,2010-11-07 10:48:00,1,Inactive >90 Days
16641,United Kingdom,Prospective,0,106,2,554.5,277.25,454,2010-01-07 12:22:00,2011-08-26 12:49:00,597,Inactive >90 Days
16642,United Kingdom,Prospective,0,5,3,1077.45,359.15000000000003,775,2010-10-20 14:22:00,2011-12-05 11:31:00,412,Recently Active
16643,United Kingdom,Minimum,3,246,2,923.11,461.555,553,2010-10-13 09:47:00,2011-04-08 08:24:00,178,Inactive >90 Days
16644,United Kingdom,Minimum,3,178,2,833.78,416.89,826,2011-05-11 12:53:00,2011-06-15 12:39:00,36,Inactive >90 Days
16645,United Kingdom,General,1,736,1,160.39,160.39,117,2009-12-04 09:49:00,2009-12-04 09:49:00,1,Inactive >90 Days
16646,United Kingdom,General,1,450,1,678.8,678.8,1072,2010-09-16 13:28:00,2010-09-16 13:28:00,1,Inactive >90 Days
16647,United Kingdom,Minimum,3,170,4,541.9,135.475,396,2010-06-13 15:52:00,2011-06-23 11:47:00,376,Inactive >90 Days
16648,United Kingdom,Prospective,0,43,3,672.8,224.26666666666665,503,2010-04-28 14:58:00,2011-10-28 08:58:00,549,Recently Active
16649,United Kingdom,General,1,521,1,306.58,306.58,82,2010-07-07 15:41:00,2010-07-07 15:41:00,1,Inactive >90 Days
16650,United Kingdom,Potential,4,72,7,1916.11,273.72999999999996,1511,2010-07-08 14:18:00,2011-09-29 09:51:00,449,Recently Active
16651,United Kingdom,General,1,587,1,136.2,136.2,60,2010-05-02 11:46:00,2010-05-02 11:46:00,1,Inactive >90 Days
16652,United Kingdom,Main,2,59,16,17550.39,1096.899375,7477,2010-03-17 10:22:00,2011-10-12 09:38:00,575,Recently Active
16653,United Kingdom,Prospective,0,17,2,1212.66,606.33,733,2011-09-29 13:38:00,2011-11-23 14:51:00,56,Recently Active
16654,United Kingdom,Minimum,3,142,8,1484.07,185.50875,640,2010-04-06 13:29:00,2011-07-21 15:23:00,472,Inactive >90 Days
16655,United Kingdom,Potential,4,18,13,6423.26,494.0969230769231,3938,2010-01-31 15:40:00,2011-11-22 11:25:00,661,Recently Active
16656,United Kingdom,Main,2,23,30,16833.170000000002,561.1056666666667,15433,2009-12-04 12:59:00,2011-11-17 14:43:00,714,Recently Active
16657,United Kingdom,Prospective,0,10,4,874.43,218.6075,1130,2011-03-30 12:02:00,2011-11-30 11:48:00,246,Recently Active
16658,United Kingdom,Minimum,3,369,5,680.83,136.166,269,2010-03-30 16:24:00,2010-12-06 13:47:00,252,Inactive >90 Days
16659,United Kingdom,General,1,190,1,39.12,39.12,72,2011-06-03 15:03:00,2011-06-03 15:03:00,1,Inactive >90 Days
16660,United Kingdom,Potential,4,17,7,1879.55,268.50714285714287,991,2010-01-14 11:09:00,2011-11-23 14:53:00,679,Recently Active
16661,United Kingdom,Minimum,3,541,4,932.76,233.19,364,2009-12-17 15:39:00,2010-06-17 15:24:00,183,Inactive >90 Days
16662,United Kingdom,General,1,395,1,151.05,151.05,35,2010-11-10 16:56:00,2010-11-10 16:56:00,1,Inactive >90 Days
16663,United Kingdom,General,1,730,1,165.0,165.0,100,2009-12-10 13:12:00,2009-12-10 13:12:00,1,Inactive >90 Days
16664,United Kingdom,General,1,570,1,109.2,109.2,24,2010-05-19 17:11:00,2010-05-19 17:11:00,1,Inactive >90 Days
16665,United Kingdom,General,1,363,1,135.4,135.4,59,2010-12-12 14:03:00,2010-12-12 14:03:00,1,Inactive >90 Days
16666,United Kingdom,Prospective,0,20,2,217.71,108.855,354,2010-03-28 15:13:00,2011-11-20 14:01:00,603,Recently Active
16667,United Kingdom,Prospective,0,69,2,567.1800000000001,283.59000000000003,236,2011-02-28 12:57:00,2011-10-02 15:26:00,217,Recently Active
16668,United Kingdom,Potential,4,16,13,862.42,66.34,773,2010-03-18 18:25:00,2011-11-24 17:43:00,617,Recently Active
16669,United Kingdom,Prospective,0,24,2,1344.48,672.24,871,2011-09-22 14:13:00,2011-11-16 12:26:00,56,Recently Active
16670,United Kingdom,Main,2,17,20,8030.150000000001,401.50750000000005,4534,2009-12-10 15:28:00,2011-11-23 09:34:00,714,Recently Active
16671,United Kingdom,Prospective,0,29,3,1692.27,564.09,875,2011-06-28 11:20:00,2011-11-11 13:40:00,137,Recently Active
16672,United Kingdom,Main,2,3,20,8134.9400000000005,406.747,2832,2011-03-18 10:15:00,2011-12-07 16:29:00,265,Recently Active
16673,United Kingdom,General,1,680,1,171.13,171.13,95,2010-01-29 14:22:00,2010-01-29 14:22:00,1,Inactive >90 Days
16674,United Kingdom,Prospective,0,55,2,304.24,152.12,181,2011-09-02 13:59:00,2011-10-16 11:31:00,45,Recently Active
16675,United Kingdom,General,1,442,2,608.86,304.43,296,2010-08-18 13:11:00,2010-09-24 12:15:00,38,Inactive >90 Days
16676,United Kingdom,Potential,4,34,6,2361.9,393.65000000000003,927,2010-10-17 13:07:00,2011-11-06 12:01:00,386,Recently Active
16677,United Kingdom,Minimum,3,412,2,880.62,440.31,457,2010-02-25 16:11:00,2010-10-24 14:53:00,242,Inactive >90 Days
16678,United Kingdom,Potential,4,3,12,3109.99,259.1658333333333,2397,2011-03-02 09:24:00,2011-12-07 12:17:00,281,Recently Active
16679,United Kingdom,Minimum,3,367,3,663.31,221.10333333333332,247,2010-06-10 18:35:00,2010-12-08 13:51:00,182,Inactive >90 Days
16680,United Kingdom,Prospective,0,44,3,821.45,273.81666666666666,377,2010-06-23 09:30:00,2011-10-27 17:35:00,492,Recently Active
16681,United Kingdom,Potential,4,73,7,1921.8400000000001,274.54857142857145,1492,2010-03-08 14:10:00,2011-09-28 11:11:00,570,Recently Active
16682,United Kingdom,Potential,4,5,5,1028.0,205.6,1040,2011-06-05 11:02:00,2011-12-05 12:13:00,184,Recently Active
16683,United Kingdom,General,1,534,1,320.25,320.25,190,2010-06-24 10:36:00,2010-06-24 10:36:00,1,Inactive >90 Days
16684,United Kingdom,Main,2,5,55,147142.77,2675.3230909090908,104810,2009-12-07 12:56:00,2011-12-05 14:06:00,729,Recently Active
16685,United Kingdom,Prospective,0,62,2,324.24,162.12,396,2011-10-09 13:44:00,2011-10-09 13:58:00,1,Recently Active
16686,United Kingdom,Potential,4,48,16,4881.07,305.066875,3419,2009-12-06 15:48:00,2011-10-23 13:49:00,687,Recently Active
16687,United Kingdom,General,1,391,1,157.63,157.63,141,2010-11-14 11:46:00,2010-11-14 11:46:00,1,Inactive >90 Days
16688,United Kingdom,Prospective,0,2,4,1260.8600000000001,315.21500000000003,804,2011-10-10 12:23:00,2011-12-08 15:24:00,60,Recently Active
16689,United Kingdom,Prospective,0,76,2,422.6,211.3,330,2011-09-18 13:29:00,2011-09-25 11:39:00,8,Recently Active
16690,United Kingdom,Prospective,0,73,4,353.03000000000003,88.25750000000001,209,2010-09-14 15:00:00,2011-09-28 15:02:00,380,Recently Active
16691,United Kingdom,General,1,419,2,178.83,89.415,92,2010-05-27 14:55:00,2010-10-17 15:03:00,144,Inactive >90 Days
16692,United Kingdom,Minimum,3,257,4,1764.6999999999998,441.17499999999995,877,2010-09-24 11:31:00,2011-03-28 14:46:00,186,Inactive >90 Days
16693,United Kingdom,Minimum,3,69,5,1179.48,235.89600000000002,658,2010-02-21 12:42:00,2011-10-02 11:10:00,589,Recently Active
16694,United Kingdom,General,1,724,1,98.30000000000001,98.30000000000001,26,2009-12-16 15:45:00,2009-12-16 15:45:00,1,Inactive >90 Days
16695,United Kingdom,General,1,562,2,191.9,95.95,184,2010-05-27 12:24:00,2010-05-27 12:36:00,1,Inactive >90 Days
16696,United Kingdom,Minimum,3,136,4,657.9,164.475,146,2011-04-05 15:20:00,2011-07-27 14:23:00,114,Inactive >90 Days
16697,United Kingdom,General,1,242,1,112.75,112.75,27,2011-04-12 17:12:00,2011-04-12 17:12:00,1,Inactive >90 Days
16698,United Kingdom,Minimum,3,227,2,1998.0,999.0,840,2011-03-31 13:33:00,2011-04-27 10:52:00,28,Inactive >90 Days
16699,United Kingdom,Minimum,3,381,7,994.6,142.0857142857143,640,2009-12-04 13:31:00,2010-11-24 14:38:00,356,Inactive >90 Days
16700,United Kingdom,Main,2,9,25,8830.77,353.23080000000004,6644,2009-12-02 10:51:00,2011-12-01 11:00:00,730,Recently Active
16701,United Kingdom,Main,2,9,26,9916.73,381.4126923076923,11046,2009-12-01 19:19:00,2011-12-01 11:10:00,731,Recently Active
16702,United Kingdom,Minimum,3,416,4,1109.53,277.3825,690,2009-12-07 16:40:00,2010-10-20 14:10:00,318,Inactive >90 Days
16704,United Kingdom,General,1,619,2,664.16,332.08,433,2010-02-05 14:14:00,2010-03-31 14:02:00,55,Inactive >90 Days
16705,United Kingdom,Main,2,1,42,43515.05,1036.0726190476191,22301,2009-12-09 13:34:00,2011-12-09 12:08:00,731,Recently Active
16706,United Kingdom,Prospective,0,38,3,531.35,177.11666666666667,249,2011-08-17 15:53:00,2011-11-02 13:50:00,78,Recently Active
16707,United Kingdom,Minimum,3,401,4,533.41,133.3525,396,2010-03-09 15:16:00,2010-11-04 14:39:00,241,Inactive >90 Days
16708,United Kingdom,Prospective,0,46,1,656.63,656.63,285,2011-10-25 12:20:00,2011-10-25 12:20:00,1,Recently Active
16709,United Kingdom,Potential,4,85,14,9056.01,646.8578571428571,3261,2009-12-09 13:16:00,2011-09-16 10:56:00,647,Recently Active
16710,United Kingdom,Main,2,20,22,5921.35,269.15227272727276,4174,2009-12-04 13:41:00,2011-11-20 14:50:00,717,Recently Active
16711,United Kingdom,Potential,4,4,9,2868.48,318.72,1212,2009-12-02 13:22:00,2011-12-06 16:32:00,735,Recently Active
16712,United Kingdom,Potential,4,10,13,4225.22,325.0169230769231,2071,2010-11-03 15:45:00,2011-11-30 13:48:00,393,Recently Active
16713,United Kingdom,Main,2,19,32,14115.56,441.11125,8482,2009-12-15 12:49:00,2011-11-21 12:36:00,707,Recently Active
16714,United Kingdom,Minimum,3,318,3,1482.33,494.10999999999996,827,2010-02-07 11:17:00,2011-01-26 13:46:00,354,Inactive >90 Days
16715,United Kingdom,Prospective,0,79,2,625.52,312.76,1174,2010-05-26 12:35:00,2011-09-22 18:15:00,485,Recently Active
16716,United Kingdom,Minimum,3,267,3,2149.6800000000003,716.5600000000001,912,2010-03-19 11:05:00,2011-03-18 10:03:00,365,Inactive >90 Days
16717,United Kingdom,Potential,4,24,14,6663.68,475.9771428571429,3145,2009-12-07 15:55:00,2011-11-16 12:16:00,710,Recently Active
16718,United Kingdom,Minimum,3,370,5,3006.08,601.216,1924,2009-12-06 13:07:00,2010-12-05 13:03:00,365,Inactive >90 Days
16719,United Kingdom,Potential,4,15,14,3508.62,250.6157142857143,2306,2009-12-13 10:59:00,2011-11-25 09:27:00,713,Recently Active
16720,United Kingdom,Prospective,0,27,3,566.74,188.91333333333333,454,2009-12-17 17:54:00,2011-11-13 16:22:00,697,Recently Active
16721,United Kingdom,General,1,263,1,292.47,292.47,172,2011-03-22 16:08:00,2011-03-22 16:08:00,1,Inactive >90 Days
16722,United Kingdom,Main,2,18,22,8189.56,372.25272727272727,7986,2009-12-03 19:23:00,2011-11-22 13:28:00,720,Recently Active
16723,United Kingdom,Minimum,3,92,4,1231.3600000000001,307.84000000000003,958,2009-12-04 13:23:00,2011-09-09 13:01:00,645,Inactive >90 Days
16724,United Kingdom,General,1,405,1,147.35,147.35,69,2010-10-31 11:40:00,2010-10-31 11:40:00,1,Inactive >90 Days
16725,United Kingdom,Minimum,3,303,13,1686.81,129.7546153846154,699,2009-12-13 15:54:00,2011-02-10 16:52:00,425,Inactive >90 Days
16726,United Kingdom,Potential,4,27,7,2063.88,294.84000000000003,1323,2010-10-24 16:09:00,2011-11-13 14:53:00,386,Recently Active
16727,United Kingdom,Minimum,3,365,4,1377.77,344.4425,1066,2010-01-20 10:48:00,2010-12-10 13:48:00,325,Inactive >90 Days
16728,United Kingdom,Prospective,0,47,4,1048.28,262.07,671,2011-03-20 13:28:00,2011-10-24 14:36:00,219,Recently Active
16729,United Kingdom,Main,2,39,21,7202.01,342.95285714285717,5718,2011-04-12 14:22:00,2011-11-01 14:29:00,204,Recently Active
16730,United Kingdom,Prospective,0,53,3,743.11,247.70333333333335,994,2011-01-24 14:01:00,2011-10-18 14:11:00,268,Recently Active
16731,United Kingdom,General,1,649,1,170.3,170.3,124,2010-03-01 15:05:00,2010-03-01 15:05:00,1,Inactive >90 Days
16732,United Kingdom,Potential,4,32,4,4387.64,1096.91,2414,2009-12-08 13:04:00,2011-11-08 09:54:00,701,Recently Active
16733,United Kingdom,General,1,530,1,259.68,259.68,112,2010-06-28 10:12:00,2010-06-28 10:12:00,1,Inactive >90 Days
16734,United Kingdom,Prospective,0,53,3,646.76,215.58666666666667,345,2011-08-17 15:00:00,2011-10-18 13:44:00,63,Recently Active
16735,United Kingdom,Potential,4,79,14,6217.41,444.1007142857143,4240,2009-12-08 09:24:00,2011-09-22 11:49:00,654,Recently Active
16736,United Kingdom,Minimum,3,506,5,2956.56,591.312,1050,2009-12-03 16:12:00,2010-07-22 10:09:00,232,Inactive >90 Days
16737,United Kingdom,Prospective,0,54,2,835.2,417.6,576,2010-05-11 09:53:00,2011-10-17 13:03:00,525,Recently Active
16738,United Kingdom,General,1,298,1,3.75,3.75,3,2011-02-15 09:46:00,2011-02-15 09:46:00,1,Inactive >90 Days
16739,United Kingdom,Minimum,3,177,2,786.4300000000001,393.21500000000003,391,2010-06-21 09:38:00,2011-06-16 09:17:00,361,Inactive >90 Days
16740,United Kingdom,General,1,396,1,226.91,226.91,110,2010-11-09 13:34:00,2010-11-09 13:34:00,1,Inactive >90 Days
16741,United Kingdom,General,1,626,1,173.06,173.06,81,2010-03-24 15:15:00,2010-03-24 15:15:00,1,Inactive >90 Days
16742,United Kingdom,Minimum,3,493,13,2334.9700000000003,179.61307692307693,2557,2009-12-16 17:22:00,2010-08-04 10:52:00,232,Inactive >90 Days
16743,United Kingdom,Potential,4,30,14,4212.15,300.86785714285713,3707,2010-04-22 13:21:00,2011-11-10 13:13:00,568,Recently Active
16744,United Kingdom,Potential,4,12,7,1291.91,184.55857142857144,798,2011-06-19 15:13:00,2011-11-28 13:06:00,163,Recently Active
16745,United Kingdom,Potential,4,87,17,7180.7,422.3941176470588,6719,2011-02-01 11:31:00,2011-09-14 11:58:00,226,Recently Active
16746,United Kingdom,Main,2,5,42,18045.05,429.6440476190476,11898,2009-12-04 13:00:00,2011-12-05 12:33:00,732,Recently Active
16747,United Kingdom,Prospective,0,38,2,836.0600000000001,418.03000000000003,583,2011-10-03 10:18:00,2011-11-02 11:37:00,31,Recently Active
16748,United Kingdom,Potential,4,18,14,3637.33,259.8092857142857,2127,2009-12-10 12:28:00,2011-11-22 10:17:00,713,Recently Active
16749,United Kingdom,Minimum,3,592,2,4157.88,2078.94,1910,2009-12-15 14:05:00,2010-04-27 13:06:00,134,Inactive >90 Days
16750,United Kingdom,Prospective,0,45,5,623.93,124.78599999999999,214,2011-04-21 16:53:00,2011-10-26 12:48:00,189,Recently Active
16751,United Kingdom,Prospective,0,31,1,1764.72,1764.72,1031,2011-11-09 10:48:00,2011-11-09 10:48:00,1,Recently Active
16752,United Kingdom,General,1,373,1,207.5,207.5,54,2010-12-02 12:18:00,2010-12-02 12:18:00,1,Inactive >90 Days
16753,United Kingdom,Prospective,0,59,1,223.92000000000002,223.92000000000002,189,2011-10-12 13:14:00,2011-10-12 13:14:00,1,Recently Active
16754,United Kingdom,Main,2,373,29,65500.07,2258.6231034482757,63551,2010-03-08 11:32:00,2010-12-02 17:38:00,270,Inactive >90 Days
16755,United Kingdom,Potential,4,115,7,2864.68,409.23999999999995,1985,2009-12-09 14:25:00,2011-08-17 13:21:00,617,Inactive >90 Days
16756,United Kingdom,Minimum,3,215,7,1312.3700000000001,187.48142857142858,707,2010-03-09 15:56:00,2011-05-09 09:33:00,427,Inactive >90 Days
16757,United Kingdom,General,1,319,2,270.48,135.24,180,2010-10-26 15:09:00,2011-01-25 11:59:00,92,Inactive >90 Days
16758,United Kingdom,Prospective,0,66,1,369.34000000000003,369.34000000000003,203,2011-10-05 14:47:00,2011-10-05 14:47:00,1,Recently Active
16759,United Kingdom,Prospective,0,8,3,789.79,263.2633333333333,609,2011-11-09 09:06:00,2011-12-02 12:42:00,24,Recently Active
16760,United Kingdom,General,1,431,1,228.0,228.0,168,2010-10-05 15:55:00,2010-10-05 15:55:00,1,Inactive >90 Days
16761,United Kingdom,General,1,97,1,316.62,316.62,341,2011-09-04 11:15:00,2011-09-04 11:15:00,1,Inactive >90 Days
16762,United Kingdom,Prospective,0,20,3,1207.24,402.41333333333336,480,2011-07-18 12:52:00,2011-11-20 11:43:00,126,Recently Active
16763,United Kingdom,Minimum,3,199,2,964.6999999999999,482.34999999999997,492,2009-12-01 15:26:00,2011-05-25 11:52:00,541,Inactive >90 Days
16764,United Kingdom,Potential,4,4,13,2790.9500000000003,214.68846153846155,1253,2011-07-19 17:17:00,2011-12-06 11:41:00,141,Recently Active
16765,United Kingdom,General,1,295,2,454.75,227.375,311,2010-11-22 13:42:00,2011-02-18 15:41:00,89,Inactive >90 Days
16766,United Kingdom,Minimum,3,274,2,1145.6,572.8,536,2011-03-11 13:34:00,2011-03-11 15:22:00,1,Inactive >90 Days
16767,United Kingdom,Main,2,31,15,8052.41,536.8273333333333,7099,2010-04-28 16:49:00,2011-11-09 09:42:00,561,Recently Active
16768,United Kingdom,Potential,4,48,9,1698.57,188.73,774,2009-12-07 11:47:00,2011-10-23 10:38:00,686,Recently Active
16769,United Kingdom,Minimum,3,261,4,1117.05,279.2625,295,2009-12-14 11:10:00,2011-03-24 13:41:00,466,Inactive >90 Days
16770,United Kingdom,Potential,4,58,9,1778.93,197.6588888888889,1052,2010-08-22 16:08:00,2011-10-13 12:21:00,418,Recently Active
16771,United Kingdom,Potential,4,34,10,3921.1,392.11,2290,2009-12-09 11:52:00,2011-11-06 13:28:00,698,Recently Active
16772,United Kingdom,Minimum,3,424,3,3698.05,1232.6833333333334,687,2009-12-18 10:50:00,2010-10-12 13:19:00,299,Inactive >90 Days
16773,United Kingdom,Prospective,0,58,3,421.24,140.41333333333333,252,2009-12-06 15:01:00,2011-10-13 14:37:00,677,Recently Active
16774,United Kingdom,Potential,4,68,8,1567.48,195.935,774,2010-02-16 16:53:00,2011-10-03 12:41:00,595,Recently Active
16775,United Kingdom,Potential,4,11,16,2820.84,176.3025,957,2010-09-23 17:34:00,2011-11-29 15:22:00,433,Recently Active
16776,United Kingdom,Prospective,0,61,2,592.51,296.255,435,2010-10-20 12:13:00,2011-10-10 13:04:00,356,Recently Active
16777,United Kingdom,Minimum,3,81,5,1292.18,258.43600000000004,470,2010-03-17 12:42:00,2011-09-20 13:41:00,553,Recently Active
16778,United Kingdom,Prospective,0,75,2,245.94,122.97,194,2011-03-10 15:21:00,2011-09-26 13:48:00,201,Recently Active
16779,United Kingdom,Main,2,3,53,32809.03,619.0383018867924,19411,2009-12-03 13:03:00,2011-12-07 14:54:00,735,Recently Active
16780,United Kingdom,Minimum,3,101,3,596.4,198.79999999999998,352,2010-10-28 19:41:00,2011-08-31 16:09:00,308,Inactive >90 Days
16781,United Kingdom,Minimum,3,373,2,623.0,311.5,192,2010-02-08 13:56:00,2010-12-02 14:26:00,298,Inactive >90 Days
16782,United Kingdom,Main,2,11,38,9636.12,253.58210526315793,4027,2009-12-09 11:58:00,2011-11-29 13:20:00,721,Recently Active
16783,United Kingdom,General,1,437,1,391.95,391.95,163,2010-09-29 11:53:00,2010-09-29 11:53:00,1,Inactive >90 Days
16784,United Kingdom,Prospective,0,20,5,892.33,178.466,494,2010-03-28 12:55:00,2011-11-20 12:20:00,603,Recently Active
16785,United Kingdom,General,1,410,1,533.78,533.78,313,2010-10-26 10:36:00,2010-10-26 10:36:00,1,Inactive >90 Days
16786,United Kingdom,General,1,394,1,51.84,51.84,72,2010-11-11 08:25:00,2010-11-11 08:25:00,1,Inactive >90 Days
16787,United Kingdom,Minimum,3,398,4,1017.53,254.3825,472,2010-01-10 11:12:00,2010-11-07 11:01:00,302,Inactive >90 Days
16788,United Kingdom,Minimum,3,124,5,1927.28,385.456,964,2010-02-07 12:40:00,2011-08-08 14:53:00,548,Inactive >90 Days
16789,United Kingdom,Prospective,0,9,1,80.80000000000001,80.80000000000001,32,2011-12-01 15:12:00,2011-12-01 15:12:00,1,Recently Active
16790,United Kingdom,Potential,4,4,6,1545.6200000000001,257.60333333333335,898,2011-11-02 11:23:00,2011-12-06 11:53:00,35,Recently Active
16791,United Kingdom,Potential,4,30,15,3944.88,262.992,1853,2009-12-03 18:08:00,2011-11-10 19:12:00,708,Recently Active
16792,United Kingdom,Minimum,3,283,5,623.46,124.69200000000001,324,2010-01-04 13:47:00,2011-03-02 14:41:00,423,Inactive >90 Days
16793,United Kingdom,Prospective,0,58,1,243.84,243.84,146,2011-10-13 15:08:00,2011-10-13 15:08:00,1,Recently Active
16794,United Kingdom,Potential,4,2,15,2050.68,136.712,1575,2010-03-25 15:17:00,2011-12-08 17:54:00,624,Recently Active
16795,United Kingdom,Minimum,3,366,3,2062.41,687.4699999999999,1214,2010-01-25 13:14:00,2010-12-09 14:08:00,319,Inactive >90 Days
16796,United Kingdom,General,1,90,1,305.62,305.62,186,2011-09-11 14:01:00,2011-09-11 14:01:00,1,Recently Active
16797,United Kingdom,Minimum,3,394,5,1802.02,360.404,898,2009-12-02 13:33:00,2010-11-11 19:14:00,345,Inactive >90 Days
16798,United Kingdom,Minimum,3,555,3,841.16,280.38666666666666,205,2009-12-10 19:35:00,2010-06-03 19:01:00,176,Inactive >90 Days
16799,United Kingdom,General,1,433,2,452.78000000000003,226.39000000000001,162,2010-09-12 12:46:00,2010-10-03 14:28:00,22,Inactive >90 Days
16800,United Kingdom,Prospective,0,12,1,1162.65,1162.65,524,2011-11-28 14:06:00,2011-11-28 14:06:00,1,Recently Active
16801,United Kingdom,Minimum,3,164,4,1594.23,398.5575,493,2011-03-11 13:56:00,2011-06-29 15:33:00,111,Inactive >90 Days
16802,United Kingdom,General,1,680,2,582.61,291.305,369,2009-12-09 13:00:00,2010-01-29 13:44:00,52,Inactive >90 Days
16803,United Kingdom,Prospective,0,66,1,332.3,332.3,245,2011-10-05 14:28:00,2011-10-05 14:28:00,1,Recently Active
16804,United Kingdom,Prospective,0,24,3,536.99,178.99666666666667,246,2011-03-14 15:48:00,2011-11-16 16:43:00,248,Recently Active
16805,United Kingdom,Minimum,3,174,4,1076.34,269.085,1119,2009-12-14 15:17:00,2011-06-19 11:23:00,553,Inactive >90 Days
16806,United Kingdom,Minimum,3,104,4,736.21,184.0525,355,2011-04-14 19:59:00,2011-08-28 15:27:00,137,Inactive >90 Days
16807,United Kingdom,Minimum,3,143,6,2123.88,353.98,1433,2010-03-26 14:38:00,2011-07-20 12:00:00,482,Inactive >90 Days
16808,United Kingdom,Prospective,0,100,2,288.42,144.21,196,2011-03-10 19:05:00,2011-09-01 19:34:00,176,Inactive >90 Days
16809,United Kingdom,Potential,4,24,9,1727.43,191.93666666666667,1093,2010-04-13 15:34:00,2011-11-16 15:45:00,583,Recently Active
16810,United Kingdom,Minimum,3,193,2,842.04,421.02,372,2010-10-15 15:32:00,2011-05-31 15:32:00,229,Inactive >90 Days
16811,United Kingdom,Prospective,0,5,2,547.07,273.535,477,2011-11-22 17:19:00,2011-12-05 11:39:00,14,Recently Active
16812,United Kingdom,Minimum,3,361,4,2392.0,598.0,1116,2010-11-22 14:36:00,2010-12-14 12:35:00,23,Inactive >90 Days
16813,United Kingdom,Potential,4,9,10,1652.18,165.21800000000002,1501,2011-05-19 13:28:00,2011-12-01 14:03:00,197,Recently Active
16814,United Kingdom,Main,2,15,36,11914.95,330.97083333333336,4838,2010-04-11 12:45:00,2011-11-25 13:27:00,594,Recently Active
16815,United Kingdom,General,1,454,2,406.02,203.01,237,2010-06-21 12:05:00,2010-09-12 10:59:00,84,Inactive >90 Days
16816,United Kingdom,Minimum,3,104,4,417.06,104.265,274,2010-12-16 17:01:00,2011-08-28 14:16:00,256,Inactive >90 Days
16817,United Kingdom,Potential,4,3,13,2560.7000000000003,196.9769230769231,1401,2010-10-04 09:06:00,2011-12-07 11:03:00,430,Recently Active
16818,United Kingdom,Potential,4,11,11,3349.57,304.50636363636363,2164,2011-05-18 11:42:00,2011-11-29 10:41:00,196,Recently Active
16819,United Kingdom,General,1,466,2,182.59,91.295,253,2010-08-31 17:31:00,2010-08-31 17:37:00,1,Inactive >90 Days
16820,United Kingdom,Prospective,0,96,1,497.61,497.61,307,2011-09-05 12:06:00,2011-09-05 12:06:00,1,Inactive >90 Days
16821,United Kingdom,General,1,382,1,113.35,113.35,13,2010-11-23 10:04:00,2010-11-23 10:04:00,1,Inactive >90 Days
16822,United Kingdom,General,1,687,1,181.39,181.39,171,2010-01-22 14:22:00,2010-01-22 14:22:00,1,Inactive >90 Days
16823,United Kingdom,Minimum,3,228,7,2243.09,320.4414285714286,1166,2009-12-02 09:57:00,2011-04-26 15:00:00,511,Inactive >90 Days
16824,United Kingdom,Prospective,0,16,3,686.24,228.74666666666667,390,2010-11-11 12:21:00,2011-11-24 12:38:00,379,Recently Active
16825,United Kingdom,Potential,4,39,5,1826.89,365.37800000000004,1297,2010-06-23 13:14:00,2011-11-01 11:51:00,497,Recently Active
16826,United Kingdom,Prospective,0,52,1,341.7,341.7,158,2011-10-19 14:05:00,2011-10-19 14:05:00,1,Recently Active
16827,United Kingdom,Minimum,3,394,5,387.18,77.436,124,2010-04-29 19:07:00,2010-11-11 14:04:00,197,Inactive >90 Days
16828,United Kingdom,General,1,113,1,113.5,113.5,58,2011-08-19 13:24:00,2011-08-19 13:24:00,1,Inactive >90 Days
16829,United Kingdom,Minimum,3,157,2,513.32,256.66,215,2010-11-16 18:11:00,2011-07-06 10:48:00,233,Inactive >90 Days
16830,United Kingdom,Prospective,0,39,4,1207.5,301.875,699,2009-12-13 12:11:00,2011-11-01 11:35:00,689,Recently Active
16831,United Kingdom,General,1,565,1,91.8,91.8,48,2010-05-24 09:08:00,2010-05-24 09:08:00,1,Inactive >90 Days
16832,United Kingdom,Minimum,3,185,5,417.61,83.522,179,2010-09-07 12:35:00,2011-06-08 15:36:00,275,Inactive >90 Days
16833,United Kingdom,Potential,4,2,6,2409.04,401.50666666666666,878,2010-03-26 15:31:00,2011-12-08 14:39:00,623,Recently Active
16834,United Kingdom,Minimum,3,228,2,898.96,449.48,760,2010-02-03 14:24:00,2011-04-26 09:37:00,448,Inactive >90 Days
16835,United Kingdom,Minimum,3,129,6,1456.66,242.77666666666667,496,2010-05-19 08:41:00,2011-08-03 13:50:00,442,Inactive >90 Days
16836,United Kingdom,Prospective,0,40,4,782.37,195.5925,539,2010-05-14 12:52:00,2011-10-31 10:05:00,536,Recently Active
16837,United Kingdom,Potential,4,32,11,3170.98,288.2709090909091,1563,2011-04-08 08:48:00,2011-11-08 14:27:00,215,Recently Active
16838,United Kingdom,Minimum,3,198,4,1159.6100000000001,289.90250000000003,509,2010-02-14 15:27:00,2011-05-26 13:13:00,467,Inactive >90 Days
16839,United Kingdom,Main,2,9,44,21758.25,494.5056818181818,11295,2010-02-11 15:02:00,2011-12-01 09:03:00,659,Recently Active
16840,United Kingdom,General,1,604,2,139.85,69.925,117,2010-02-03 12:42:00,2010-04-15 15:48:00,72,Inactive >90 Days
16841,United Kingdom,Potential,4,37,12,4006.06,333.8383333333333,3478,2010-01-12 11:32:00,2011-11-03 11:51:00,661,Recently Active
16842,United Kingdom,Minimum,3,101,3,1264.19,421.3966666666667,693,2011-02-10 14:51:00,2011-08-31 10:42:00,203,Inactive >90 Days
16843,United Kingdom,Main,2,43,35,19571.43,559.1837142857142,18502,2009-12-10 11:40:00,2011-10-28 09:06:00,688,Recently Active
16844,United Kingdom,General,1,563,2,614.34,307.17,281,2010-05-06 09:16:00,2010-05-26 10:29:00,21,Inactive >90 Days
16845,United Kingdom,General,1,619,1,253.88,253.88,167,2010-03-31 13:09:00,2010-03-31 13:09:00,1,Inactive >90 Days
16846,United Kingdom,Prospective,0,51,3,842.41,280.80333333333334,517,2010-03-10 12:03:00,2011-10-20 13:55:00,590,Recently Active
16847,United Kingdom,Prospective,0,44,2,614.89,307.445,255,2010-03-31 13:32:00,2011-10-27 13:29:00,576,Recently Active
16848,United Kingdom,Minimum,3,53,4,1411.62,352.905,780,2010-10-03 11:01:00,2011-10-18 08:42:00,381,Recently Active
16849,United Kingdom,General,1,187,1,124.57,124.57,33,2011-06-06 09:16:00,2011-06-06 09:16:00,1,Inactive >90 Days
16850,United Kingdom,General,1,334,1,332.41,332.41,249,2011-01-10 11:09:00,2011-01-10 11:09:00,1,Inactive >90 Days
16851,United Kingdom,Prospective,0,5,3,342.45,114.14999999999999,271,2011-10-19 09:48:00,2011-12-05 13:32:00,48,Recently Active
16852,United Kingdom,Prospective,0,11,2,144.91,72.455,56,2011-06-16 15:49:00,2011-11-29 13:22:00,167,Recently Active
16854,United Kingdom,Minimum,3,418,2,1408.96,704.48,997,2010-03-09 14:32:00,2010-10-18 16:31:00,224,Inactive >90 Days
16855,United Kingdom,Prospective,0,24,2,328.40000000000003,164.20000000000002,164,2011-10-27 16:31:00,2011-11-16 12:03:00,21,Recently Active
16856,United Kingdom,Prospective,0,15,3,358.49,119.49666666666667,171,2010-09-23 13:11:00,2011-11-25 08:59:00,429,Recently Active
16857,United Kingdom,General,1,443,1,352.8,352.8,168,2010-09-23 10:49:00,2010-09-23 10:49:00,1,Inactive >90 Days
16858,United Kingdom,Minimum,3,369,10,4292.59,429.259,1423,2009-12-15 11:09:00,2010-12-06 09:52:00,357,Inactive >90 Days
16859,United Kingdom,Minimum,3,145,7,1932.41,276.05857142857144,1899,2010-03-04 12:37:00,2011-07-18 12:19:00,502,Inactive >90 Days
16860,United Kingdom,Minimum,3,453,3,1610.62,536.8733333333333,625,2010-02-15 13:46:00,2010-09-13 10:05:00,211,Inactive >90 Days
16861,United Kingdom,Minimum,3,60,5,946.59,189.318,616,2010-07-19 11:44:00,2011-10-11 09:05:00,450,Recently Active
16862,United Kingdom,Minimum,3,548,4,662.33,165.5825,513,2010-01-07 12:57:00,2010-06-10 13:05:00,155,Inactive >90 Days
16863,United Kingdom,Prospective,0,32,3,834.27,278.09,640,2010-10-26 10:03:00,2011-11-08 15:26:00,379,Recently Active
16864,United Kingdom,General,1,435,2,409.25,204.625,283,2010-04-20 11:56:00,2010-10-01 16:16:00,165,Inactive >90 Days
16865,United Kingdom,General,1,402,1,130.95,130.95,157,2010-11-03 11:34:00,2010-11-03 11:34:00,1,Inactive >90 Days
16866,United Kingdom,General,1,141,3,207.74,69.24666666666667,60,2011-07-01 12:34:00,2011-07-22 10:06:00,22,Inactive >90 Days
16867,United Kingdom,General,1,690,1,76.74000000000001,76.74000000000001,58,2010-01-19 09:11:00,2010-01-19 09:11:00,1,Inactive >90 Days
16868,United Kingdom,General,1,395,3,384.56,128.18666666666667,112,2010-04-25 11:31:00,2010-11-10 13:17:00,200,Inactive >90 Days
16869,United Kingdom,Prospective,0,23,4,817.12,204.28,583,2011-06-17 13:01:00,2011-11-17 12:02:00,154,Recently Active
16870,United Kingdom,General,1,470,1,450.16,450.16,278,2010-08-27 13:53:00,2010-08-27 13:53:00,1,Inactive >90 Days
16871,United Kingdom,Potential,4,23,6,2812.34,468.72333333333336,1253,2011-03-14 10:31:00,2011-11-17 19:27:00,249,Recently Active
16872,United Kingdom,Minimum,3,78,6,1213.13,202.18833333333336,1079,2010-09-02 17:36:00,2011-09-23 16:05:00,387,Recently Active
16873,United Kingdom,Main,2,5,12,14617.39,1218.1158333333333,8601,2010-02-09 14:17:00,2011-12-05 12:05:00,665,Recently Active
16874,United Kingdom,General,1,380,1,209.89000000000001,209.89000000000001,78,2010-11-25 13:08:00,2010-11-25 13:08:00,1,Inactive >90 Days
16875,United Kingdom,Potential,4,68,11,4234.53,384.9572727272727,2099,2010-01-05 09:16:00,2011-10-03 13:39:00,637,Recently Active
16876,United Kingdom,General,1,404,1,136.01,136.01,181,2010-11-01 11:59:00,2010-11-01 11:59:00,1,Inactive >90 Days
16877,United Kingdom,Potential,4,13,6,846.62,141.10333333333332,458,2011-05-15 16:13:00,2011-11-27 13:47:00,197,Recently Active
16878,United Kingdom,General,1,85,1,13.3,13.3,12,2011-09-16 17:39:00,2011-09-16 17:39:00,1,Recently Active
16880,United Kingdom,Potential,4,31,8,1813.21,226.65125,904,2010-08-03 13:54:00,2011-11-09 11:33:00,464,Recently Active
16881,United Kingdom,Prospective,0,67,1,432.0,432.0,600,2011-10-04 10:33:00,2011-10-04 10:33:00,1,Recently Active
16882,United Kingdom,Prospective,0,67,3,705.12,235.04,424,2011-01-26 17:43:00,2011-10-04 10:42:00,252,Recently Active
16883,United Kingdom,Potential,4,188,19,2246.06,118.21368421052631,1016,2009-12-04 12:07:00,2011-06-05 12:51:00,549,Inactive >90 Days
16884,United Kingdom,Prospective,0,38,4,1070.97,267.7425,520,2010-05-18 12:00:00,2011-11-02 11:52:00,534,Recently Active
16885,United Kingdom,Prospective,0,16,4,683.35,170.8375,357,2010-11-19 12:51:00,2011-11-24 13:40:00,371,Recently Active
16886,United Kingdom,General,1,457,1,134.0,134.0,48,2010-09-09 15:08:00,2010-09-09 15:08:00,1,Inactive >90 Days
16887,United Kingdom,Prospective,0,36,3,658.17,219.39,423,2009-12-01 13:41:00,2011-11-04 14:07:00,704,Recently Active
16888,United Kingdom,Minimum,3,401,3,434.2,144.73333333333332,145,2010-01-07 13:07:00,2010-11-04 12:39:00,302,Inactive >90 Days
16889,United Kingdom,Minimum,3,195,6,2526.65,421.10833333333335,1611,2010-05-23 10:46:00,2011-05-29 11:05:00,372,Inactive >90 Days
16890,United Kingdom,General,1,477,3,277.91,92.63666666666667,241,2010-05-06 16:27:00,2010-08-20 11:23:00,107,Inactive >90 Days
16891,United Kingdom,Potential,4,2,11,1727.94,157.08545454545455,652,2009-12-04 12:37:00,2011-12-08 11:15:00,735,Recently Active
16892,United Kingdom,Potential,4,2,7,754.75,107.82142857142857,367,2009-12-08 14:20:00,2011-12-08 13:18:00,731,Recently Active
16893,United Kingdom,General,1,367,2,249.47,124.735,116,2010-11-28 15:14:00,2010-12-08 12:06:00,11,Inactive >90 Days
16894,United Kingdom,Minimum,3,503,3,1306.96,435.65333333333336,503,2010-06-22 14:21:00,2010-07-25 15:43:00,34,Inactive >90 Days
16895,United Kingdom,Minimum,3,65,5,1102.9,220.58,421,2010-02-12 11:07:00,2011-10-06 12:15:00,602,Recently Active
16896,United Kingdom,General,1,556,1,103.95,103.95,18,2010-06-02 15:40:00,2010-06-02 15:40:00,1,Inactive >90 Days
16897,United Kingdom,General,1,300,2,289.78,144.89,73,2011-01-30 11:52:00,2011-02-13 15:02:00,15,Inactive >90 Days
16898,United Kingdom,Prospective,0,27,5,885.21,177.042,695,2010-05-12 12:18:00,2011-11-13 15:44:00,551,Recently Active
16899,United Kingdom,Potential,4,8,8,1695.77,211.97125,811,2010-11-07 15:00:00,2011-12-02 12:03:00,391,Recently Active
16900,United Kingdom,Prospective,0,17,3,882.16,294.05333333333334,832,2011-10-07 13:17:00,2011-11-23 10:32:00,48,Recently Active
16901,United Kingdom,General,1,730,1,204.26,204.26,42,2009-12-10 16:30:00,2009-12-10 16:30:00,1,Inactive >90 Days
16902,United Kingdom,Minimum,3,117,1,1706.88,1706.88,629,2011-08-15 14:17:00,2011-08-15 14:17:00,1,Inactive >90 Days
16903,United Kingdom,Prospective,0,30,3,1041.75,347.25,717,2010-10-20 14:42:00,2011-11-10 15:32:00,387,Recently Active
16904,United Kingdom,Main,2,5,20,4656.56,232.82800000000003,2596,2010-10-24 16:03:00,2011-12-05 13:10:00,408,Recently Active
16905,United Kingdom,Main,2,6,17,4704.27,276.7217647058824,1911,2009-12-10 20:04:00,2011-12-04 14:01:00,725,Recently Active
16906,United Kingdom,Potential,4,82,7,1410.07,201.4385714285714,589,2010-05-13 13:23:00,2011-09-19 11:49:00,495,Recently Active
16907,United Kingdom,Potential,4,30,9,1470.89,163.43222222222224,451,2010-07-01 17:30:00,2011-11-10 18:04:00,498,Recently Active
16908,United Kingdom,General,1,723,1,252.59,252.59,61,2009-12-17 13:35:00,2009-12-17 13:35:00,1,Inactive >90 Days
16909,United Kingdom,Prospective,0,73,1,379.14,379.14,436,2011-09-28 16:45:00,2011-09-28 16:45:00,1,Recently Active
16910,United Kingdom,Potential,4,5,8,1508.96,188.62,884,2011-09-09 14:14:00,2011-12-05 12:51:00,88,Recently Active
16911,United Kingdom,General,1,636,2,255.25,127.625,161,2010-02-16 16:12:00,2010-03-14 12:18:00,27,Inactive >90 Days
16912,United Kingdom,Potential,4,29,15,4460.51,297.36733333333336,1689,2009-12-09 12:32:00,2011-11-11 12:18:00,703,Recently Active
16913,United Kingdom,Minimum,3,291,3,423.91,141.30333333333334,229,2010-02-26 12:06:00,2011-02-22 12:56:00,362,Inactive >90 Days
16914,United Kingdom,Prospective,0,37,1,183.76,183.76,112,2011-11-03 15:27:00,2011-11-03 15:27:00,1,Recently Active
16915,United Kingdom,Potential,4,10,11,1543.18,140.2890909090909,190,2010-05-19 13:32:00,2011-11-30 16:39:00,561,Recently Active
16916,United Kingdom,Prospective,0,24,4,896.12,224.03,647,2010-10-20 12:56:00,2011-11-16 12:08:00,393,Recently Active
16917,United Kingdom,Minimum,3,277,2,1851.88,925.94,792,2010-03-17 15:24:00,2011-03-08 11:55:00,357,Inactive >90 Days
16918,United Kingdom,Potential,4,50,16,3206.54,200.40875,2066,2009-12-03 12:27:00,2011-10-21 12:50:00,688,Recently Active
16919,United Kingdom,Potential,4,157,24,4909.66,204.56916666666666,2333,2010-08-19 15:28:00,2011-07-06 13:35:00,322,Inactive >90 Days
16920,United Kingdom,General,1,412,1,355.45,355.45,81,2010-10-24 14:07:00,2010-10-24 14:07:00,1,Inactive >90 Days
16921,United Kingdom,Prospective,0,62,3,409.21,136.40333333333334,275,2010-04-18 15:34:00,2011-10-09 16:22:00,540,Recently Active
16922,United Kingdom,General,1,573,1,611.08,611.08,281,2010-05-16 11:24:00,2010-05-16 11:24:00,1,Inactive >90 Days
16923,United Kingdom,Main,2,13,32,13157.130000000001,411.16031250000003,6190,2010-01-31 11:14:00,2011-11-27 13:00:00,666,Recently Active
16924,United Kingdom,Prospective,0,22,3,829.89,276.63,467,2011-09-16 12:54:00,2011-11-18 12:53:00,64,Recently Active
16925,United Kingdom,General,1,541,1,125.65,125.65,123,2010-06-17 15:03:00,2010-06-17 15:03:00,1,Inactive >90 Days
16926,United Kingdom,Minimum,3,372,5,1169.6100000000001,233.92200000000003,197,2010-07-01 12:57:00,2010-12-03 13:42:00,156,Inactive >90 Days
16927,United Kingdom,Minimum,3,116,3,543.05,181.01666666666665,993,2010-12-13 11:57:00,2011-08-16 11:10:00,247,Inactive >90 Days
16928,United Kingdom,Potential,4,81,26,3798.08,146.07999999999998,2563,2010-02-03 12:30:00,2011-09-20 15:10:00,595,Recently Active
16929,United Kingdom,Potential,4,4,7,1295.39,185.0557142857143,929,2011-07-07 12:39:00,2011-12-06 08:37:00,153,Recently Active
16930,United Kingdom,Prospective,0,27,3,378.89,126.29666666666667,339,2011-10-02 14:25:00,2011-11-13 16:13:00,43,Recently Active
16931,United Kingdom,Main,2,6,23,5032.22,218.79217391304348,3357,2010-11-07 13:24:00,2011-12-04 13:15:00,393,Recently Active
16932,United Kingdom,Prospective,0,54,3,412.55,137.51666666666668,217,2010-05-17 14:15:00,2011-10-17 14:12:00,519,Recently Active
16933,United Kingdom,Potential,4,2,9,3099.3,344.3666666666667,1533,2009-12-09 15:03:00,2011-12-08 12:54:00,730,Recently Active
16934,United Kingdom,Potential,4,55,6,2083.14,347.19,936,2010-03-28 12:43:00,2011-10-16 12:40:00,568,Recently Active
16935,United Kingdom,Minimum,3,382,3,530.86,176.95333333333335,273,2010-10-14 13:09:00,2010-11-23 09:16:00,41,Inactive >90 Days
16936,United Kingdom,Prospective,0,26,2,548.29,274.145,339,2010-11-19 11:54:00,2011-11-14 11:04:00,361,Recently Active
16937,United Kingdom,General,1,500,1,196.25,196.25,123,2010-07-28 17:56:00,2010-07-28 17:56:00,1,Inactive >90 Days
16938,United Kingdom,Potential,4,9,9,6995.360000000001,777.2622222222222,5041,2010-02-17 14:47:00,2011-12-01 10:20:00,653,Recently Active
16939,United Kingdom,General,1,489,3,433.84999999999997,144.61666666666665,229,2010-02-28 13:33:00,2010-08-08 12:24:00,162,Inactive >90 Days
16940,United Kingdom,Potential,4,53,8,6427.66,803.4575,4503,2009-12-08 13:08:00,2011-10-18 13:15:00,680,Recently Active
16941,United Kingdom,General,1,612,1,33.0,33.0,12,2010-04-07 11:13:00,2010-04-07 11:13:00,1,Inactive >90 Days
16942,United Kingdom,Potential,4,13,9,1904.99,211.66555555555556,805,2011-04-26 11:59:00,2011-11-27 12:40:00,216,Recently Active
16943,United Kingdom,Minimum,3,212,3,816.73,272.24333333333334,145,2011-01-25 14:00:00,2011-05-12 11:57:00,108,Inactive >90 Days
16944,United Kingdom,General,1,610,1,101.36,101.36,27,2010-04-09 11:03:00,2010-04-09 11:03:00,1,Inactive >90 Days
16945,United Kingdom,Main,2,22,33,8548.16,259.0351515151515,5889,2009-12-09 11:33:00,2011-11-18 11:39:00,710,Recently Active
16946,United Kingdom,Minimum,3,384,5,1222.04,244.408,509,2010-03-02 10:49:00,2010-11-21 14:06:00,265,Inactive >90 Days
16947,United Kingdom,Minimum,3,236,4,946.71,236.6775,654,2010-03-03 10:54:00,2011-04-18 09:38:00,412,Inactive >90 Days
16948,United Kingdom,Minimum,3,139,7,868.77,124.11,2091,2010-02-21 13:48:00,2011-07-24 12:46:00,519,Inactive >90 Days
16949,United Kingdom,Potential,4,4,6,1286.27,214.37833333333333,791,2011-01-27 12:11:00,2011-12-06 11:07:00,314,Recently Active
16950,United Kingdom,Potential,4,57,10,3533.77,353.377,2424,2010-01-24 11:26:00,2011-10-14 09:06:00,629,Recently Active
16951,United Kingdom,Minimum,3,135,3,1277.75,425.9166666666667,1318,2011-02-08 14:58:00,2011-07-28 12:05:00,171,Inactive >90 Days
16952,United Kingdom,Minimum,3,110,5,795.83,159.166,343,2009-12-11 13:52:00,2011-08-22 13:03:00,620,Inactive >90 Days
16953,United Kingdom,General,1,31,1,20.8,20.8,10,2011-11-09 15:54:00,2011-11-09 15:54:00,1,Recently Active
16954,United Kingdom,Main,2,1,20,6081.88,304.094,4086,2010-01-18 14:49:00,2011-12-09 09:46:00,691,Recently Active
16955,United Kingdom,Minimum,3,185,6,1120.31,186.71833333333333,723,2010-01-31 11:38:00,2011-06-08 10:36:00,494,Inactive >90 Days
16956,United Kingdom,Prospective,0,18,1,308.74,308.74,114,2011-11-22 08:56:00,2011-11-22 08:56:00,1,Recently Active
16957,United Kingdom,General,1,240,2,416.64,208.32,172,2011-03-03 09:25:00,2011-04-14 13:56:00,43,Inactive >90 Days
16958,United Kingdom,General,1,436,1,778.49,778.49,514,2010-09-30 14:25:00,2010-09-30 14:25:00,1,Inactive >90 Days
16959,United Kingdom,General,1,88,1,117.35000000000001,117.35000000000001,49,2011-09-13 15:03:00,2011-09-13 15:03:00,1,Recently Active
16960,United Kingdom,Potential,4,39,8,1988.93,248.61625,1489,2010-03-02 13:36:00,2011-11-01 11:35:00,610,Recently Active
16961,United Kingdom,Minimum,3,117,3,794.56,264.8533333333333,482,2010-06-25 14:36:00,2011-08-15 13:46:00,417,Inactive >90 Days
16962,United Kingdom,General,1,410,1,251.04,251.04,158,2010-10-26 11:36:00,2010-10-26 11:36:00,1,Inactive >90 Days
16963,United Kingdom,General,1,188,1,110.55000000000001,110.55000000000001,35,2011-06-05 13:48:00,2011-06-05 13:48:00,1,Inactive >90 Days
16964,United Kingdom,General,1,734,2,207.85,103.925,49,2009-12-06 12:51:00,2009-12-06 12:53:00,1,Inactive >90 Days
16965,United Kingdom,General,1,227,1,192.07,192.07,243,2011-04-27 12:08:00,2011-04-27 12:08:00,1,Inactive >90 Days
16966,United Kingdom,Potential,4,9,7,2154.97,307.8528571428571,1981,2011-04-13 14:17:00,2011-12-01 13:40:00,233,Recently Active
16967,United Kingdom,General,1,190,1,319.02,319.02,333,2011-06-03 14:24:00,2011-06-03 14:24:00,1,Inactive >90 Days
16968,United Kingdom,Prospective,0,5,2,439.43,219.715,326,2011-08-24 10:51:00,2011-12-05 15:02:00,104,Recently Active
16969,United Kingdom,Prospective,0,40,3,650.41,216.8033333333333,816,2011-06-01 12:10:00,2011-10-31 13:12:00,153,Recently Active
16970,United Kingdom,General,1,627,1,71.4,71.4,12,2010-03-23 13:50:00,2010-03-23 13:50:00,1,Inactive >90 Days
16971,United Kingdom,Prospective,0,39,1,357.21,357.21,72,2011-11-01 15:06:00,2011-11-01 15:06:00,1,Recently Active
16972,United Kingdom,Minimum,3,383,2,749.0,374.5,183,2010-09-09 11:20:00,2010-11-22 10:59:00,75,Inactive >90 Days
16973,United Kingdom,General,1,387,1,127.0,127.0,60,2010-11-18 13:56:00,2010-11-18 13:56:00,1,Inactive >90 Days
16974,United Kingdom,General,1,523,2,365.5,182.75,70,2010-05-24 10:43:00,2010-07-05 10:18:00,43,Inactive >90 Days
16975,United Kingdom,Minimum,3,424,3,926.12,308.70666666666665,586,2010-07-22 11:38:00,2010-10-12 17:53:00,83,Inactive >90 Days
16976,United Kingdom,General,1,268,1,251.51999999999998,251.51999999999998,88,2011-03-17 16:33:00,2011-03-17 16:33:00,1,Inactive >90 Days
16977,United Kingdom,Minimum,3,396,4,496.0,124.0,142,2010-03-18 11:06:00,2010-11-09 13:17:00,237,Inactive >90 Days
16978,United Kingdom,Prospective,0,78,3,768.88,256.29333333333335,285,2010-02-11 16:27:00,2011-09-23 12:50:00,590,Recently Active
16979,United Kingdom,Potential,4,4,9,2859.74,317.74888888888887,1451,2010-09-15 14:30:00,2011-12-06 12:21:00,448,Recently Active
16980,United Kingdom,Minimum,3,256,3,1422.83,474.27666666666664,990,2010-10-07 14:05:00,2011-03-29 16:36:00,174,Inactive >90 Days
16982,United Kingdom,Prospective,0,61,1,384.06,384.06,182,2011-10-10 12:28:00,2011-10-10 12:28:00,1,Recently Active
16983,United Kingdom,Potential,4,13,11,3490.53,317.3209090909091,2315,2010-09-19 12:38:00,2011-11-27 12:10:00,435,Recently Active
16984,United Kingdom,Potential,4,89,9,10350.53,1150.058888888889,5127,2010-03-07 15:34:00,2011-09-12 13:43:00,555,Recently Active
16985,United Kingdom,Main,2,18,23,10923.16,474.92,3103,2009-12-10 13:34:00,2011-11-22 13:33:00,713,Recently Active
16986,United Kingdom,Potential,4,30,11,4888.75,444.4318181818182,2539,2010-02-04 14:46:00,2011-11-10 11:55:00,645,Recently Active
16987,United Kingdom,Potential,4,4,11,2499.45,227.22272727272727,670,2009-12-02 14:34:00,2011-12-06 17:26:00,735,Recently Active
16988,United Kingdom,Prospective,0,6,2,382.67,191.335,158,2010-11-25 09:22:00,2011-12-04 16:02:00,375,Recently Active
16989,United Kingdom,Potential,4,8,6,1133.25,188.875,1233,2011-07-12 09:11:00,2011-12-02 16:39:00,144,Recently Active
16990,United Kingdom,General,1,219,2,344.0,172.0,200,2010-10-13 11:42:00,2011-05-05 08:30:00,205,Inactive >90 Days
16991,United Kingdom,General,1,422,1,1041.21,1041.21,793,2010-10-14 14:08:00,2010-10-14 14:08:00,1,Inactive >90 Days
16992,United Kingdom,Potential,4,11,13,5476.5,421.2692307692308,2061,2010-02-11 12:36:00,2011-11-29 11:50:00,657,Recently Active
16993,United Kingdom,Minimum,3,464,2,1950.95,975.475,285,2010-05-12 13:55:00,2010-09-02 12:16:00,114,Inactive >90 Days
16996,United Kingdom,Potential,4,31,9,2123.61,235.95666666666668,919,2010-10-18 12:24:00,2011-11-09 16:43:00,388,Recently Active
16997,United Kingdom,Minimum,3,289,3,702.0,234.0,360,2011-01-18 11:51:00,2011-02-24 17:28:00,38,Inactive >90 Days
16998,United Kingdom,Minimum,3,150,5,402.0,80.4,104,2010-09-21 14:39:00,2011-07-13 09:44:00,296,Inactive >90 Days
16999,United Kingdom,Prospective,0,24,2,484.82,242.41,294,2011-09-26 15:43:00,2011-11-16 13:53:00,52,Recently Active
17000,United Kingdom,General,1,397,2,406.3,203.15,305,2010-10-27 14:16:00,2010-11-08 13:35:00,13,Inactive >90 Days
17001,United Kingdom,Main,2,1,19,6640.8,349.5157894736842,3782,2010-03-25 12:41:00,2011-12-09 09:38:00,625,Recently Active
17002,United Kingdom,Potential,4,86,7,2571.55,367.36428571428576,1265,2010-03-08 15:46:00,2011-09-15 12:40:00,557,Recently Active
17003,United Kingdom,Minimum,3,403,4,828.21,207.0525,494,2010-05-10 11:20:00,2010-11-02 13:15:00,177,Inactive >90 Days
17004,United Kingdom,Potential,4,47,4,2324.36,581.09,1233,2010-10-11 15:43:00,2011-10-24 14:25:00,379,Recently Active
17005,United Kingdom,General,1,471,2,622.36,311.18,691,2010-04-30 10:55:00,2010-08-26 10:57:00,119,Inactive >90 Days
17006,United Kingdom,Potential,4,5,8,1635.27,204.40875,572,2010-03-05 13:33:00,2011-12-05 12:09:00,641,Recently Active
17007,United Kingdom,Potential,4,51,7,1120.1000000000001,160.01428571428573,717,2010-09-28 13:51:00,2011-10-20 10:47:00,388,Recently Active
17008,United Kingdom,General,1,430,1,81.36,81.36,24,2010-10-06 15:19:00,2010-10-06 15:19:00,1,Inactive >90 Days
17009,United Kingdom,General,1,552,1,242.06,242.06,336,2010-06-06 16:01:00,2010-06-06 16:01:00,1,Inactive >90 Days
17010,United Kingdom,Prospective,0,19,1,195.36,195.36,118,2011-11-21 14:49:00,2011-11-21 14:49:00,1,Recently Active
17011,United Kingdom,Prospective,0,31,3,671.7,223.9,792,2010-02-26 09:47:00,2011-11-09 13:30:00,622,Recently Active
17012,United Kingdom,General,1,726,1,360.61,360.61,251,2009-12-14 17:34:00,2009-12-14 17:34:00,1,Inactive >90 Days
17014,United Kingdom,Prospective,0,9,3,583.4300000000001,194.4766666666667,243,2011-10-04 11:36:00,2011-12-01 14:09:00,59,Recently Active
17015,United Kingdom,Prospective,0,29,3,1838.61,612.87,1978,2011-06-07 13:19:00,2011-11-11 10:45:00,158,Recently Active
17016,United Kingdom,General,1,577,1,552.4,552.4,309,2010-05-12 12:32:00,2010-05-12 12:32:00,1,Inactive >90 Days
17017,United Kingdom,Main,2,3,29,12576.99,433.68931034482756,9397,2009-12-03 13:22:00,2011-12-07 09:32:00,735,Recently Active
17018,United Kingdom,Potential,4,41,6,2287.7,381.2833333333333,456,2009-12-05 10:27:00,2011-10-30 11:42:00,695,Recently Active
17019,United Kingdom,Potential,4,12,11,3586.99,326.09,2390,2009-12-02 11:52:00,2011-11-28 13:06:00,727,Recently Active
17020,United Kingdom,Minimum,3,543,2,935.62,467.81,860,2010-03-03 12:27:00,2010-06-15 13:06:00,105,Inactive >90 Days
17021,United Kingdom,Minimum,3,443,6,1182.22,197.03666666666666,992,2010-04-29 20:05:00,2010-09-23 20:01:00,148,Inactive >90 Days
17022,United Kingdom,Prospective,0,32,2,260.0,130.0,180,2010-10-03 10:27:00,2011-11-08 17:09:00,402,Recently Active
17023,United Kingdom,Minimum,3,418,3,800.1800000000001,266.7266666666667,530,2010-01-11 15:09:00,2010-10-18 15:37:00,281,Inactive >90 Days
17024,United Kingdom,Prospective,0,46,3,95.85,31.95,69,2011-07-05 09:31:00,2011-10-25 13:47:00,113,Recently Active
17025,United Kingdom,Potential,4,61,5,1349.67,269.934,885,2010-03-08 13:37:00,2011-10-10 09:06:00,582,Recently Active
17026,United Kingdom,General,1,186,3,175.83,58.61000000000001,107,2010-10-18 15:22:00,2011-06-07 14:28:00,233,Inactive >90 Days
17027,United Kingdom,Potential,4,79,9,1310.63,145.62555555555556,645,2009-12-10 12:10:00,2011-09-22 12:24:00,652,Recently Active
17028,United Kingdom,Minimum,3,582,3,1593.83,531.2766666666666,856,2009-12-18 14:28:00,2010-05-07 15:33:00,141,Inactive >90 Days
17029,United Kingdom,Minimum,3,111,7,2137.3,305.3285714285715,1265,2010-02-14 10:19:00,2011-08-21 11:06:00,554,Inactive >90 Days
17030,United Kingdom,General,1,64,1,146.87,146.87,146,2011-10-07 08:49:00,2011-10-07 08:49:00,1,Recently Active
17031,United Kingdom,Potential,4,12,6,2773.85,462.30833333333334,1595,2010-05-07 14:52:00,2011-11-28 10:23:00,571,Recently Active
17032,United Kingdom,Minimum,3,604,5,2896.69,579.338,1664,2009-12-10 15:36:00,2010-04-15 14:14:00,127,Inactive >90 Days
17033,United Kingdom,Minimum,3,87,4,1332.79,333.1975,871,2010-11-07 12:55:00,2011-09-14 14:34:00,312,Recently Active
17034,United Kingdom,Potential,4,17,5,1276.42,255.28400000000002,694,2010-07-14 12:55:00,2011-11-23 15:14:00,498,Recently Active
17035,United Kingdom,Minimum,3,246,4,613.59,153.3975,327,2009-12-03 10:37:00,2011-04-08 11:23:00,492,Inactive >90 Days
17036,United Kingdom,General,1,384,1,176.9,176.9,76,2010-11-21 14:26:00,2010-11-21 14:26:00,1,Inactive >90 Days
17037,United Kingdom,Prospective,0,88,1,1267.32,1267.32,656,2011-09-13 12:49:00,2011-09-13 12:49:00,1,Recently Active
17038,United Kingdom,Prospective,0,31,2,743.17,371.585,535,2010-10-20 16:04:00,2011-11-09 13:50:00,386,Recently Active
17039,United Kingdom,Minimum,3,605,1,1954.99,1954.99,689,2010-04-14 12:56:00,2010-04-14 12:56:00,1,Inactive >90 Days
17040,United Kingdom,General,1,138,2,463.25,231.625,189,2010-06-07 15:08:00,2011-07-25 10:19:00,414,Inactive >90 Days
17041,United Kingdom,Potential,4,27,6,1655.2,275.8666666666667,1303,2010-04-18 14:25:00,2011-11-13 11:21:00,575,Recently Active
17042,United Kingdom,Potential,4,3,5,1036.58,207.31599999999997,990,2011-04-06 14:53:00,2011-12-07 12:26:00,246,Recently Active
17043,United Kingdom,Potential,4,33,8,2593.65,324.20625,1616,2009-12-09 15:20:00,2011-11-07 15:33:00,699,Recently Active
17044,United Kingdom,Main,2,26,12,11962.300000000001,996.8583333333335,5722,2009-12-07 12:25:00,2011-11-14 14:28:00,708,Recently Active
17045,United Kingdom,Minimum,3,114,5,827.6800000000001,165.536,294,2010-10-06 14:52:00,2011-08-18 17:09:00,317,Inactive >90 Days
17046,United Kingdom,Minimum,3,158,5,1906.07,381.214,1636,2010-03-29 13:46:00,2011-07-05 14:24:00,464,Inactive >90 Days
17047,United Kingdom,Potential,4,86,6,2289.23,381.53833333333336,1184,2009-12-08 08:48:00,2011-09-15 13:27:00,647,Recently Active
17048,United Kingdom,Minimum,3,118,7,2071.68,295.9542857142857,1068,2010-01-18 13:55:00,2011-08-14 11:49:00,574,Inactive >90 Days
17049,United Kingdom,Main,2,3,19,9942.53,523.291052631579,4273,2010-03-04 10:23:00,2011-12-07 10:48:00,644,Recently Active
17050,United Kingdom,Potential,4,97,10,4348.46,434.846,2431,2010-01-26 14:54:00,2011-09-04 13:48:00,587,Inactive >90 Days
17051,United Kingdom,Minimum,3,195,4,706.49,176.6225,507,2010-03-21 14:55:00,2011-05-29 14:13:00,435,Inactive >90 Days
17052,United Kingdom,Prospective,0,29,1,399.09,399.09,251,2011-11-11 14:50:00,2011-11-11 14:50:00,1,Recently Active
17053,United Kingdom,General,1,131,1,498.48,498.48,122,2011-08-01 10:23:00,2011-08-01 10:23:00,1,Inactive >90 Days
17054,United Kingdom,Potential,4,29,5,1356.33,271.26599999999996,804,2011-04-08 13:14:00,2011-11-11 12:56:00,218,Recently Active
17055,United Kingdom,General,1,446,1,232.85000000000002,232.85000000000002,83,2010-09-20 12:21:00,2010-09-20 12:21:00,1,Inactive >90 Days
17056,United Kingdom,General,1,739,1,128.60000000000002,128.60000000000002,26,2009-12-01 12:55:00,2009-12-01 12:55:00,1,Inactive >90 Days
17057,United Kingdom,General,1,597,1,288.79,288.79,122,2010-04-22 19:21:00,2010-04-22 19:21:00,1,Inactive >90 Days
17058,United Kingdom,Minimum,3,82,3,1179.89,393.2966666666667,592,2011-04-14 09:18:00,2011-09-19 10:13:00,159,Recently Active
17059,United Kingdom,Potential,4,30,9,4864.57,540.5077777777777,3107,2010-01-26 14:43:00,2011-11-10 12:27:00,654,Recently Active
17060,United Kingdom,General,1,267,1,234.24,234.24,216,2011-03-18 13:27:00,2011-03-18 13:27:00,1,Inactive >90 Days
17061,United Kingdom,Potential,4,74,11,5232.2300000000005,475.65727272727275,1526,2011-04-21 13:29:00,2011-09-27 11:24:00,160,Recently Active
17062,United Kingdom,Minimum,3,314,6,884.71,147.45166666666668,632,2010-09-26 11:57:00,2011-01-30 11:01:00,127,Inactive >90 Days
17063,United Kingdom,Potential,4,22,13,3638.53,279.8869230769231,1899,2009-12-01 12:36:00,2011-11-18 16:19:00,718,Recently Active
17064,United Kingdom,Prospective,0,59,3,855.45,285.15000000000003,316,2011-01-16 16:10:00,2011-10-12 10:18:00,270,Recently Active
17065,United Kingdom,General,1,638,2,194.7,97.35,82,2010-03-12 11:40:00,2010-03-12 11:41:00,1,Inactive >90 Days
17066,United Kingdom,General,1,727,1,228.34,228.34,93,2009-12-13 13:24:00,2009-12-13 13:24:00,1,Inactive >90 Days
17067,United Kingdom,General,1,725,3,454.54,151.51333333333335,322,2009-12-08 12:03:00,2009-12-15 08:39:00,8,Inactive >90 Days
17068,United Kingdom,Main,2,13,47,8980.18,191.06765957446808,4345,2010-03-28 14:26:00,2011-11-27 13:14:00,610,Recently Active
17069,United Kingdom,Potential,4,29,14,5517.2300000000005,394.08785714285716,3230,2009-12-03 12:27:00,2011-11-11 17:13:00,709,Recently Active
17070,United Kingdom,Prospective,0,115,2,437.42,218.71,232,2010-10-25 15:57:00,2011-08-17 17:01:00,297,Inactive >90 Days
17071,United Kingdom,Potential,4,29,13,3793.71,291.82384615384615,1934,2010-01-24 13:05:00,2011-11-11 16:31:00,657,Recently Active
17072,United Kingdom,General,1,626,1,273.35,273.35,212,2010-03-24 16:33:00,2010-03-24 16:33:00,1,Inactive >90 Days
17073,United Kingdom,Potential,4,18,4,1444.84,361.21,758,2011-08-22 14:37:00,2011-11-22 11:47:00,93,Recently Active
17074,United Kingdom,General,1,563,1,203.05,203.05,19,2010-05-26 12:04:00,2010-05-26 12:04:00,1,Inactive >90 Days
17075,United Kingdom,Potential,4,18,10,2236.63,223.663,785,2009-12-14 11:24:00,2011-11-22 11:58:00,709,Recently Active
17076,United Kingdom,Potential,4,37,6,1242.75,207.125,514,2009-12-04 12:12:00,2011-11-03 17:53:00,700,Recently Active
17077,United Kingdom,General,1,579,1,306.0,306.0,36,2010-05-10 16:36:00,2010-05-10 16:36:00,1,Inactive >90 Days
17078,United Kingdom,Prospective,0,37,2,375.86,187.93,782,2011-11-03 18:49:00,2011-11-03 19:17:00,1,Recently Active
17079,United Kingdom,General,1,79,1,118.80000000000001,118.80000000000001,24,2011-09-22 15:34:00,2011-09-22 15:34:00,1,Recently Active
17080,United Kingdom,Potential,4,23,7,957.53,136.79,569,2010-07-01 16:03:00,2011-11-17 12:59:00,505,Recently Active
17081,United Kingdom,Potential,4,26,6,949.39,158.23166666666665,381,2010-02-22 13:19:00,2011-11-14 12:56:00,631,Recently Active
17082,United Kingdom,Potential,4,34,6,4732.03,788.6716666666666,2526,2009-12-15 11:25:00,2011-11-06 15:17:00,692,Recently Active
17083,United Kingdom,Potential,4,110,9,4049.79,449.9766666666667,1955,2010-02-09 11:46:00,2011-08-22 15:43:00,560,Inactive >90 Days
17084,United Kingdom,Potential,4,36,3,5001.21,1667.07,3178,2010-11-08 14:20:00,2011-11-04 14:54:00,362,Recently Active
17085,United Kingdom,Main,2,124,28,7839.27,279.9739285714286,3553,2009-12-06 12:16:00,2011-08-08 14:15:00,611,Inactive >90 Days
17086,United Kingdom,Potential,4,8,6,2050.08,341.68,1859,2011-10-07 11:22:00,2011-12-02 13:54:00,57,Recently Active
17087,United Kingdom,General,1,738,1,221.53,221.53,113,2009-12-02 10:41:00,2009-12-02 10:41:00,1,Inactive >90 Days
17088,United Kingdom,Potential,4,29,4,1991.01,497.7525,868,2011-03-31 09:48:00,2011-11-11 14:23:00,226,Recently Active
17089,United Kingdom,General,1,387,1,128.45,128.45,35,2010-11-18 15:33:00,2010-11-18 15:33:00,1,Inactive >90 Days
17090,United Kingdom,Potential,4,5,13,3080.1800000000003,236.9369230769231,1344,2010-07-19 16:02:00,2011-12-05 13:44:00,505,Recently Active
17091,United Kingdom,Main,2,3,19,7495.75,394.5131578947368,3732,2009-12-16 15:45:00,2011-12-07 10:43:00,722,Recently Active
17092,United Kingdom,Potential,4,51,11,5511.41,501.0372727272727,3768,2010-02-02 16:42:00,2011-10-20 19:51:00,626,Recently Active
17093,United Kingdom,General,1,593,1,235.88,235.88,114,2010-04-26 10:22:00,2010-04-26 10:22:00,1,Inactive >90 Days
17094,United Kingdom,General,1,323,2,402.20000000000005,201.10000000000002,212,2010-10-12 10:48:00,2011-01-21 13:09:00,102,Inactive >90 Days
17095,United Kingdom,Potential,4,23,7,2572.25,367.4642857142857,1695,2009-12-15 12:32:00,2011-11-17 12:21:00,703,Recently Active
17096,United Kingdom,Potential,4,16,11,3697.9300000000003,336.17545454545456,1559,2010-06-02 14:48:00,2011-11-24 15:01:00,541,Recently Active
17097,Spain,Potential,4,3,9,1143.36,127.03999999999999,582,2010-10-05 14:09:00,2011-12-07 17:05:00,429,Recently Active
17098,United Kingdom,Minimum,3,382,3,591.07,197.02333333333334,125,2010-06-17 10:30:00,2010-11-23 12:13:00,160,Inactive >90 Days
17099,United Kingdom,General,1,534,1,582.17,582.17,317,2010-06-24 16:25:00,2010-06-24 16:25:00,1,Inactive >90 Days
17100,United Kingdom,Prospective,0,19,2,971.74,485.87,800,2011-11-21 16:36:00,2011-11-21 16:36:00,1,Recently Active
17101,United Kingdom,Potential,4,11,7,2507.05,358.15000000000003,1175,2010-06-07 15:12:00,2011-11-29 13:57:00,541,Recently Active
17102,United Kingdom,General,1,262,1,25.5,25.5,2,2011-03-23 10:08:00,2011-03-23 10:08:00,1,Inactive >90 Days
17103,United Kingdom,General,1,723,1,424.3,424.3,471,2009-12-17 14:08:00,2009-12-17 14:08:00,1,Inactive >90 Days
17104,United Kingdom,General,1,424,1,474.03000000000003,474.03000000000003,149,2010-10-12 12:21:00,2010-10-12 12:21:00,1,Inactive >90 Days
17105,United Kingdom,Minimum,3,160,2,665.78,332.89,693,2011-02-06 14:46:00,2011-07-03 15:53:00,148,Inactive >90 Days
17106,United Kingdom,General,1,390,1,481.58000000000004,481.58000000000004,153,2010-11-15 14:11:00,2010-11-15 14:11:00,1,Inactive >90 Days
17107,United Kingdom,Potential,4,34,10,16052.72,1605.272,7530,2010-01-31 15:47:00,2011-11-06 14:14:00,645,Recently Active
17108,United Kingdom,General,1,664,1,174.95,174.95,31,2010-02-14 12:22:00,2010-02-14 12:22:00,1,Inactive >90 Days
17109,United Kingdom,Potential,4,30,8,1291.71,161.46375,788,2010-07-30 12:42:00,2011-11-10 16:59:00,469,Recently Active
17110,United Kingdom,Minimum,3,166,3,499.9,166.63333333333333,136,2010-04-08 13:32:00,2011-06-27 12:58:00,446,Inactive >90 Days
17111,United Kingdom,Prospective,0,48,2,459.58,229.79,581,2010-10-10 15:21:00,2011-10-23 15:59:00,379,Recently Active
17112,United Kingdom,General,1,503,1,197.57,197.57,130,2010-07-25 11:14:00,2010-07-25 11:14:00,1,Inactive >90 Days
17113,United Kingdom,Minimum,3,575,6,2305.59,384.26500000000004,913,2010-01-11 10:14:00,2010-05-14 13:59:00,124,Inactive >90 Days
17114,United Kingdom,Potential,4,6,8,801.12,100.14,215,2011-01-09 11:39:00,2011-12-04 12:17:00,330,Recently Active
17115,United Kingdom,Potential,4,9,7,2761.4900000000002,394.49857142857144,885,2009-12-05 12:13:00,2011-12-01 14:30:00,727,Recently Active
17116,United Kingdom,General,1,649,1,389.78,389.78,392,2010-03-01 16:29:00,2010-03-01 16:29:00,1,Inactive >90 Days
17117,United Kingdom,General,1,289,1,116.2,116.2,68,2011-02-24 13:54:00,2011-02-24 13:54:00,1,Inactive >90 Days
17118,United Kingdom,General,1,318,1,157.02,157.02,154,2011-01-26 12:19:00,2011-01-26 12:19:00,1,Inactive >90 Days
17119,United Kingdom,Prospective,0,4,2,606.91,303.455,334,2011-10-11 11:03:00,2011-12-06 14:40:00,57,Recently Active
17120,United Kingdom,General,1,234,1,307.46,307.46,120,2011-04-20 15:21:00,2011-04-20 15:21:00,1,Inactive >90 Days
17121,United Kingdom,General,1,403,1,314.74,314.74,106,2010-11-02 11:47:00,2010-11-02 11:47:00,1,Inactive >90 Days
17122,United Kingdom,Minimum,3,120,4,570.5,142.625,368,2010-07-28 09:34:00,2011-08-12 14:33:00,381,Inactive >90 Days
17123,United Kingdom,Minimum,3,162,3,966.6700000000001,322.22333333333336,651,2010-05-16 11:52:00,2011-07-01 10:47:00,412,Inactive >90 Days
17124,United Kingdom,General,1,186,1,294.24,294.24,129,2011-06-07 14:02:00,2011-06-07 14:02:00,1,Inactive >90 Days
17125,United Kingdom,Prospective,0,51,1,230.5,230.5,281,2011-10-20 14:41:00,2011-10-20 14:41:00,1,Recently Active
17126,United Kingdom,Minimum,3,153,9,2008.93,223.21444444444444,1420,2010-08-31 13:41:00,2011-07-10 13:52:00,314,Inactive >90 Days
17127,United Kingdom,Minimum,3,429,5,1155.0300000000002,231.00600000000003,340,2009-12-04 15:18:00,2010-10-07 09:54:00,308,Inactive >90 Days
17128,United Kingdom,General,1,335,1,157.09,157.09,76,2011-01-09 12:02:00,2011-01-09 12:02:00,1,Inactive >90 Days
17129,United Kingdom,General,1,521,1,31.85,31.85,5,2010-07-07 13:46:00,2010-07-07 13:46:00,1,Inactive >90 Days
17131,United Kingdom,Potential,4,6,5,2463.17,492.634,983,2011-09-25 12:42:00,2011-12-04 12:52:00,71,Recently Active
17132,United Kingdom,Minimum,3,453,2,1220.91,610.455,963,2010-08-08 13:49:00,2010-09-13 16:31:00,37,Inactive >90 Days
17133,United Kingdom,Main,2,16,12,14622.33,1218.5275,10107,2010-03-21 12:31:00,2011-11-24 12:27:00,614,Recently Active
17134,United Kingdom,Minimum,3,107,3,625.3,208.4333333333333,144,2010-09-23 18:32:00,2011-08-25 09:53:00,337,Inactive >90 Days
17135,United Kingdom,Potential,4,17,10,1716.38,171.638,1682,2010-05-09 16:03:00,2011-11-23 16:48:00,564,Recently Active
17136,United Kingdom,General,1,663,1,231.68,231.68,256,2010-02-15 13:13:00,2010-02-15 13:13:00,1,Inactive >90 Days
17137,United Kingdom,Minimum,3,417,6,1099.81,183.30166666666665,680,2010-01-31 12:27:00,2010-10-19 14:51:00,262,Inactive >90 Days
17138,United Kingdom,Minimum,3,276,7,4417.27,631.0385714285715,2024,2010-02-04 14:19:00,2011-03-09 11:54:00,399,Inactive >90 Days
17139,United Kingdom,Main,2,16,25,19566.76,782.6704,9853,2010-01-11 11:31:00,2011-11-24 10:12:00,683,Recently Active
17140,United Kingdom,General,1,248,1,454.12,454.12,296,2011-04-06 13:33:00,2011-04-06 13:33:00,1,Inactive >90 Days
17141,United Kingdom,Minimum,3,419,4,727.58,181.895,423,2010-01-24 14:19:00,2010-10-17 14:54:00,267,Inactive >90 Days
17142,United Kingdom,Minimum,3,240,4,1275.25,318.8125,322,2010-01-24 15:23:00,2011-04-14 18:22:00,446,Inactive >90 Days
17143,United Kingdom,Minimum,3,418,2,880.97,440.485,314,2010-07-12 13:26:00,2010-10-18 15:27:00,99,Inactive >90 Days
17144,United Kingdom,Prospective,0,2,2,984.57,492.285,483,2011-09-16 12:50:00,2011-12-08 17:57:00,84,Recently Active
17145,United Kingdom,Minimum,3,513,4,3120.91,780.2275,2591,2010-02-19 12:07:00,2010-07-15 09:02:00,147,Inactive >90 Days
17146,United Kingdom,Potential,4,106,13,5852.64,450.20307692307694,2188,2010-02-02 09:39:00,2011-08-26 12:44:00,571,Inactive >90 Days
17147,United Kingdom,Potential,4,23,9,3199.95,355.54999999999995,1308,2010-01-11 09:38:00,2011-11-17 12:32:00,676,Recently Active
17148,United Kingdom,Prospective,0,52,1,124.88,124.88,82,2011-10-19 09:59:00,2011-10-19 09:59:00,1,Recently Active
17149,United Kingdom,General,1,452,1,143.10000000000002,143.10000000000002,18,2010-09-14 14:56:00,2010-09-14 14:56:00,1,Inactive >90 Days
17150,United Kingdom,Minimum,3,377,6,1357.95,226.32500000000002,397,2009-12-06 10:51:00,2010-11-28 11:27:00,358,Inactive >90 Days
17151,United Kingdom,General,1,736,1,231.90000000000003,231.90000000000003,42,2009-12-04 14:56:00,2009-12-04 14:56:00,1,Inactive >90 Days
17152,United Kingdom,Minimum,3,195,4,2016.5,504.125,577,2010-10-10 12:40:00,2011-05-29 12:19:00,232,Inactive >90 Days
17153,United Kingdom,Prospective,0,25,1,213.78,213.78,104,2011-11-15 13:42:00,2011-11-15 13:42:00,1,Recently Active
17154,United Kingdom,Prospective,0,76,1,329.34,329.34,490,2011-09-25 13:42:00,2011-09-25 13:42:00,1,Recently Active
17155,United Kingdom,Potential,4,18,7,892.46,127.49428571428572,987,2009-12-03 11:34:00,2011-11-22 12:38:00,720,Recently Active
17156,United Kingdom,General,1,492,1,591.87,591.87,391,2010-08-05 11:30:00,2010-08-05 11:30:00,1,Inactive >90 Days
17157,United Kingdom,Main,2,8,19,5151.900000000001,271.1526315789474,2092,2009-12-04 13:00:00,2011-12-02 09:10:00,729,Recently Active
17158,United Kingdom,Potential,4,33,5,1980.0,396.0,1147,2010-03-07 15:50:00,2011-11-07 15:15:00,611,Recently Active
17159,United Kingdom,Potential,4,22,5,2099.59,419.918,1348,2010-03-04 14:53:00,2011-11-18 10:52:00,625,Recently Active
17160,United Kingdom,Main,2,32,17,10209.16,600.5388235294117,8390,2009-12-04 10:57:00,2011-11-08 14:05:00,705,Recently Active
17161,United Kingdom,General,1,445,1,856.01,856.01,537,2010-09-21 16:44:00,2010-09-21 16:44:00,1,Inactive >90 Days
17162,United Kingdom,Potential,4,29,10,1715.46,171.546,1001,2011-02-07 12:27:00,2011-11-11 11:34:00,278,Recently Active
17163,United Kingdom,Prospective,0,22,4,699.78,174.945,531,2010-02-02 10:39:00,2011-11-18 08:57:00,655,Recently Active
17164,United Kingdom,Potential,4,33,7,2467.35,352.4785714285714,1501,2011-03-11 14:26:00,2011-11-07 09:14:00,242,Recently Active
17165,United Kingdom,Minimum,3,285,6,1794.32,299.05333333333334,788,2009-12-11 09:18:00,2011-02-28 16:39:00,445,Inactive >90 Days
17166,United Kingdom,Prospective,0,39,2,206.34,103.17,78,2011-05-20 08:18:00,2011-11-01 09:46:00,166,Recently Active
17167,United Kingdom,Minimum,3,380,3,867.11,289.0366666666667,429,2010-09-20 14:02:00,2010-11-25 10:05:00,67,Inactive >90 Days
17168,United Kingdom,General,1,499,1,400.2,400.2,220,2010-07-29 12:33:00,2010-07-29 12:33:00,1,Inactive >90 Days
17169,United Kingdom,Prospective,0,58,3,1156.73,385.57666666666665,671,2010-05-10 13:00:00,2011-10-13 10:25:00,522,Recently Active
17170,United Kingdom,General,1,375,2,178.68,89.34,152,2010-11-15 16:23:00,2010-11-30 15:55:00,16,Inactive >90 Days
17171,United Kingdom,General,1,290,2,384.59000000000003,192.29500000000002,225,2010-02-16 12:02:00,2011-02-23 16:37:00,373,Inactive >90 Days
17172,United Kingdom,Minimum,3,79,3,956.5699999999999,318.8566666666666,1215,2009-12-13 11:46:00,2011-09-22 09:36:00,649,Recently Active
17173,United Kingdom,Potential,4,6,8,3766.6,470.825,1122,2011-07-31 15:26:00,2011-12-04 14:40:00,127,Recently Active
17174,United Kingdom,General,1,218,1,59.9,59.9,41,2011-05-06 11:47:00,2011-05-06 11:47:00,1,Inactive >90 Days
17175,United Kingdom,Potential,4,45,4,1443.69,360.9225,866,2011-02-16 14:56:00,2011-10-26 15:31:00,253,Recently Active
17176,United Kingdom,Minimum,3,202,3,902.3199999999999,300.7733333333333,576,2010-01-31 15:49:00,2011-05-22 12:41:00,477,Inactive >90 Days
17177,United Kingdom,General,1,506,1,119.5,119.5,40,2010-07-22 14:53:00,2010-07-22 14:53:00,1,Inactive >90 Days
17178,United Kingdom,General,1,732,1,432.96000000000004,432.96000000000004,100,2009-12-08 16:20:00,2009-12-08 16:20:00,1,Inactive >90 Days
17179,United Kingdom,Minimum,3,179,6,1507.26,251.21,625,2010-05-26 11:22:00,2011-06-14 16:48:00,385,Inactive >90 Days
17180,United Kingdom,Potential,4,57,11,2236.77,203.34272727272727,1809,2010-01-21 17:43:00,2011-10-14 15:46:00,632,Recently Active
17181,United Kingdom,Prospective,0,58,3,309.85,103.28333333333335,268,2010-04-23 11:21:00,2011-10-13 14:48:00,539,Recently Active
17182,United Kingdom,General,1,423,2,321.3,160.65,54,2009-12-21 15:22:00,2010-10-13 10:09:00,297,Inactive >90 Days
17183,United Kingdom,Potential,4,8,6,3347.31,557.885,1296,2011-08-26 15:25:00,2011-12-02 10:07:00,99,Recently Active
17184,United Kingdom,General,1,570,2,198.41000000000003,99.20500000000001,73,2009-12-09 14:17:00,2010-05-19 14:24:00,162,Inactive >90 Days
17185,United Kingdom,General,1,592,3,229.46,76.48666666666666,119,2010-04-20 13:49:00,2010-04-27 12:15:00,8,Inactive >90 Days
17186,United Kingdom,Prospective,0,47,2,144.0,72.0,200,2011-10-10 12:52:00,2011-10-24 10:20:00,15,Recently Active
17187,United Kingdom,General,1,227,2,467.71,233.855,426,2010-07-01 14:38:00,2011-04-27 12:39:00,301,Inactive >90 Days
17188,United Kingdom,Potential,4,12,13,4592.93,353.3023076923077,2569,2009-12-08 19:16:00,2011-11-28 13:53:00,721,Recently Active
17189,United Kingdom,Minimum,3,107,5,953.63,190.726,601,2009-12-02 11:45:00,2011-08-25 19:39:00,632,Inactive >90 Days
17190,United Kingdom,Potential,4,59,7,1724.73,246.39000000000001,2214,2010-03-05 13:21:00,2011-10-12 11:33:00,587,Recently Active
17191,United Kingdom,Potential,4,29,15,4310.34,287.356,2208,2009-12-01 16:34:00,2011-11-11 16:58:00,711,Recently Active
17192,United Kingdom,General,1,537,1,75.28,75.28,45,2010-06-21 16:07:00,2010-06-21 16:07:00,1,Inactive >90 Days
17193,United Kingdom,Potential,4,36,9,2310.04,256.6711111111111,1668,2009-12-02 10:02:00,2011-11-04 12:47:00,703,Recently Active
17194,United Kingdom,Minimum,3,361,2,776.66,388.33,413,2010-06-27 13:16:00,2010-12-14 12:06:00,171,Inactive >90 Days
17195,United Kingdom,General,1,656,1,562.98,562.98,486,2010-02-22 13:05:00,2010-02-22 13:05:00,1,Inactive >90 Days
17196,United Kingdom,General,1,428,1,327.75,327.75,154,2010-10-08 11:31:00,2010-10-08 11:31:00,1,Inactive >90 Days
17197,United Kingdom,Prospective,0,30,1,1013.01,1013.01,191,2011-11-10 10:32:00,2011-11-10 10:32:00,1,Recently Active
17198,United Kingdom,Prospective,0,24,3,692.22,230.74,357,2010-12-03 14:54:00,2011-11-16 10:39:00,349,Recently Active
17199,United Kingdom,General,1,583,1,135.04000000000002,135.04000000000002,232,2010-05-06 13:53:00,2010-05-06 13:53:00,1,Inactive >90 Days
17200,United Kingdom,Minimum,3,388,4,356.71,89.1775,367,2010-02-25 13:23:00,2010-11-17 13:04:00,266,Inactive >90 Days
17201,United Kingdom,Prospective,0,54,4,1132.6,283.15,979,2010-02-10 12:26:00,2011-10-17 11:55:00,615,Recently Active
17202,United Kingdom,General,1,421,1,160.65,160.65,55,2010-10-15 11:25:00,2010-10-15 11:25:00,1,Inactive >90 Days
17203,United Kingdom,Potential,4,36,10,5564.09,556.409,4597,2010-11-16 12:52:00,2011-11-04 12:27:00,354,Recently Active
17204,United Kingdom,Potential,4,176,9,5504.6900000000005,611.6322222222223,2651,2010-06-10 11:37:00,2011-06-17 14:46:00,373,Inactive >90 Days
17205,United Kingdom,Prospective,0,54,3,999.35,333.1166666666667,2214,2010-05-24 15:36:00,2011-10-17 12:46:00,512,Recently Active
17206,United Kingdom,Prospective,0,54,1,204.24,204.24,76,2011-10-17 13:25:00,2011-10-17 13:25:00,1,Recently Active
17207,United Kingdom,General,1,653,1,291.77,291.77,232,2010-02-25 19:08:00,2010-02-25 19:08:00,1,Inactive >90 Days
17208,United Kingdom,General,1,396,1,111.15,111.15,101,2010-11-09 12:50:00,2010-11-09 12:50:00,1,Inactive >90 Days
17209,United Kingdom,Minimum,3,650,3,595.7,198.5666666666667,723,2009-12-03 11:10:00,2010-02-28 16:01:00,88,Inactive >90 Days
17210,United Kingdom,General,1,393,1,251.72,251.72,242,2010-11-12 12:15:00,2010-11-12 12:15:00,1,Inactive >90 Days
17211,United Kingdom,Potential,4,27,13,3773.35,290.2576923076923,2141,2009-12-13 13:17:00,2011-11-13 12:03:00,701,Recently Active
17212,United Kingdom,Minimum,3,254,3,794.41,264.80333333333334,727,2010-08-10 09:22:00,2011-03-31 19:42:00,234,Inactive >90 Days
17213,United Kingdom,Potential,4,41,13,4869.400000000001,374.5692307692308,2087,2009-12-15 10:28:00,2011-10-30 14:53:00,685,Recently Active
17214,United Kingdom,Potential,4,61,6,1059.1200000000001,176.52,272,2010-12-15 15:14:00,2011-10-10 13:17:00,300,Recently Active
17215,United Kingdom,General,1,465,1,186.15,186.15,104,2010-09-01 13:39:00,2010-09-01 13:39:00,1,Inactive >90 Days
17216,United Kingdom,General,1,555,1,63.6,63.6,21,2010-06-03 13:03:00,2010-06-03 13:03:00,1,Inactive >90 Days
17217,United Kingdom,General,1,235,2,210.1,105.05,93,2010-03-30 13:35:00,2011-04-19 17:19:00,386,Inactive >90 Days
17218,United Kingdom,Main,2,5,18,3889.39,216.07722222222222,2062,2010-01-25 16:12:00,2011-12-05 13:52:00,680,Recently Active
17219,United Kingdom,Prospective,0,32,2,259.13,129.565,188,2010-10-19 11:29:00,2011-11-08 11:25:00,386,Recently Active
17220,United Kingdom,Main,2,25,21,4451.41,211.97190476190477,2661,2010-01-20 11:57:00,2011-11-15 13:47:00,665,Recently Active
17221,United Kingdom,Potential,4,8,5,976.62,195.324,713,2010-04-11 15:34:00,2011-12-02 13:35:00,601,Recently Active
17222,United Kingdom,Potential,4,66,6,1563.6100000000001,260.6016666666667,855,2010-01-10 15:24:00,2011-10-05 13:58:00,634,Recently Active
17223,United Kingdom,Minimum,3,311,3,523.04,174.34666666666666,154,2010-11-29 17:19:00,2011-02-02 15:57:00,66,Inactive >90 Days
17224,United Kingdom,General,1,502,1,100.86000000000001,100.86000000000001,65,2010-07-26 13:30:00,2010-07-26 13:30:00,1,Inactive >90 Days
17225,United Kingdom,General,1,582,1,131.15,131.15,36,2010-05-07 11:38:00,2010-05-07 11:38:00,1,Inactive >90 Days
17226,United Kingdom,Minimum,3,309,3,895.47,298.49,853,2010-02-12 14:31:00,2011-02-04 11:52:00,358,Inactive >90 Days
17227,United Kingdom,Potential,4,19,12,1878.93,156.57750000000001,1681,2010-01-15 15:05:00,2011-11-21 10:51:00,676,Recently Active
17228,United Kingdom,Potential,4,16,13,2820.03,216.92538461538464,2354,2010-03-12 11:54:00,2011-11-24 10:24:00,623,Recently Active
17229,United Kingdom,Prospective,0,97,2,318.76,159.38,185,2011-07-20 12:38:00,2011-09-04 13:56:00,47,Inactive >90 Days
17230,United Kingdom,Potential,4,265,18,9388.49,521.5827777777778,3753,2009-12-08 13:41:00,2011-03-20 16:12:00,468,Inactive >90 Days
17231,United Kingdom,Main,2,13,25,7064.8,282.592,3681,2009-12-07 16:38:00,2011-11-27 15:18:00,721,Recently Active
17232,United Kingdom,Prospective,0,3,2,417.77,208.885,202,2011-11-25 12:24:00,2011-12-07 12:21:00,13,Recently Active
17233,United Kingdom,Prospective,0,36,3,560.86,186.95333333333335,298,2009-12-15 12:03:00,2011-11-04 14:06:00,690,Recently Active
17234,United Kingdom,General,1,183,1,149.89,149.89,55,2011-06-10 11:20:00,2011-06-10 11:20:00,1,Inactive >90 Days
17235,United Kingdom,Potential,4,26,8,1562.98,195.3725,845,2010-06-04 17:01:00,2011-11-14 15:51:00,529,Recently Active
17236,United Kingdom,Potential,4,13,12,1929.26,160.77166666666668,804,2010-03-07 13:00:00,2011-11-27 12:00:00,631,Recently Active
17237,United Kingdom,Prospective,0,12,4,994.13,248.5325,414,2010-11-23 11:45:00,2011-11-28 15:02:00,371,Recently Active
17238,United Kingdom,Main,2,3,32,7331.17,229.0990625,3554,2009-12-01 10:59:00,2011-12-07 11:35:00,737,Recently Active
17239,United Kingdom,Minimum,3,313,4,1189.45,297.3625,515,2010-07-01 10:53:00,2011-01-31 09:41:00,215,Inactive >90 Days
17240,United Kingdom,General,1,597,1,130.60000000000002,130.60000000000002,108,2010-04-22 15:44:00,2010-04-22 15:44:00,1,Inactive >90 Days
17241,United Kingdom,Minimum,3,386,12,2736.64,228.0533333333333,859,2010-02-15 14:47:00,2010-11-19 13:01:00,278,Inactive >90 Days
17242,United Kingdom,Minimum,3,109,5,2889.2799999999997,577.856,1459,2010-01-24 10:27:00,2011-08-23 14:55:00,577,Inactive >90 Days
17243,United Kingdom,Main,2,2,69,20184.68,292.53159420289853,7903,2009-12-01 15:36:00,2011-12-08 13:26:00,738,Recently Active
17244,United Kingdom,Potential,4,54,5,1826.04,365.20799999999997,1419,2009-12-06 11:27:00,2011-10-17 15:19:00,681,Recently Active
17245,United Kingdom,General,1,205,2,371.63,185.815,307,2010-01-19 15:39:00,2011-05-19 10:43:00,486,Inactive >90 Days
17246,United Kingdom,General,1,547,2,38.92,19.46,36,2009-12-01 17:45:00,2010-06-11 12:36:00,193,Inactive >90 Days
17247,United Kingdom,Prospective,0,16,1,280.09000000000003,280.09000000000003,105,2011-11-24 15:21:00,2011-11-24 15:21:00,1,Recently Active
17248,United Kingdom,Minimum,3,121,2,500.54,250.27,276,2010-08-15 11:55:00,2011-08-11 13:34:00,362,Inactive >90 Days
17249,United Kingdom,General,1,429,1,68.03,68.03,79,2010-10-07 11:33:00,2010-10-07 11:33:00,1,Inactive >90 Days
17250,United Kingdom,Prospective,0,4,2,381.97,190.985,167,2011-03-23 16:45:00,2011-12-06 12:15:00,259,Recently Active
17251,United Kingdom,Minimum,3,363,3,798.98,266.32666666666665,377,2009-12-15 10:36:00,2010-12-12 11:06:00,363,Inactive >90 Days
17252,United Kingdom,General,1,117,2,348.90999999999997,174.45499999999998,192,2011-06-06 16:41:00,2011-08-15 09:45:00,71,Inactive >90 Days
17253,United Kingdom,Prospective,0,19,1,178.26,178.26,43,2011-11-21 12:59:00,2011-11-21 12:59:00,1,Recently Active
17254,United Kingdom,Prospective,0,5,3,469.48,156.49333333333334,397,2010-11-03 14:00:00,2011-12-05 12:46:00,398,Recently Active
17255,United Kingdom,Prospective,0,41,4,781.7,195.425,583,2010-09-19 15:53:00,2011-10-30 12:18:00,407,Recently Active
17256,United Kingdom,Minimum,3,108,5,498.93,99.786,299,2010-04-18 13:40:00,2011-08-24 13:30:00,494,Inactive >90 Days
17257,United Kingdom,General,1,437,2,189.78,94.89,187,2010-09-29 12:49:00,2010-09-29 12:51:00,1,Inactive >90 Days
17258,United Kingdom,General,1,397,2,417.3,208.65,188,2010-02-12 15:51:00,2010-11-08 12:37:00,270,Inactive >90 Days
17259,United Kingdom,Minimum,3,149,6,1452.39,242.06500000000003,844,2010-02-22 13:38:00,2011-07-14 15:01:00,508,Inactive >90 Days
17260,United Kingdom,General,1,412,1,120.95,120.95,23,2010-10-24 13:21:00,2010-10-24 13:21:00,1,Inactive >90 Days
17261,United Kingdom,General,1,510,1,221.59,221.59,95,2010-07-18 11:49:00,2010-07-18 11:49:00,1,Inactive >90 Days
17262,United Kingdom,Potential,4,53,11,2488.76,226.25090909090912,635,2009-12-15 11:26:00,2011-10-18 12:56:00,673,Recently Active
17263,United Kingdom,General,1,209,1,63.440000000000005,63.440000000000005,36,2011-05-15 14:32:00,2011-05-15 14:32:00,1,Inactive >90 Days
17264,United Kingdom,General,1,425,1,268.28,268.28,217,2010-10-11 12:52:00,2010-10-11 12:52:00,1,Inactive >90 Days
17265,United Kingdom,Minimum,3,139,2,550.01,275.005,389,2011-06-12 12:00:00,2011-07-24 10:49:00,43,Inactive >90 Days
17266,United Kingdom,Prospective,0,3,5,501.72,100.34400000000001,243,2010-03-09 10:42:00,2011-12-07 14:12:00,639,Recently Active
17267,United Kingdom,General,1,128,2,317.2,158.6,158,2011-08-04 17:19:00,2011-08-04 17:22:00,1,Inactive >90 Days
17268,United Kingdom,Potential,4,108,11,1733.8899999999999,157.62636363636364,1395,2009-12-08 11:46:00,2011-08-24 10:06:00,625,Inactive >90 Days
17269,United Kingdom,General,1,386,1,491.81,491.81,314,2010-11-19 11:12:00,2010-11-19 11:12:00,1,Inactive >90 Days
17270,United Kingdom,General,1,470,2,601.45,300.725,420,2009-12-07 17:18:00,2010-08-27 14:09:00,264,Inactive >90 Days
17271,United Kingdom,General,1,737,1,204.3,204.3,113,2009-12-03 13:49:00,2009-12-03 13:49:00,1,Inactive >90 Days
17272,United Kingdom,Potential,4,43,4,2148.63,537.1575,1778,2011-03-22 12:05:00,2011-10-28 16:37:00,221,Recently Active
17273,United Kingdom,General,1,425,1,141.12,141.12,133,2010-10-11 15:57:00,2010-10-11 15:57:00,1,Inactive >90 Days
17274,United Kingdom,Prospective,0,36,2,573.22,286.61,271,2010-11-09 12:06:00,2011-11-04 13:16:00,361,Recently Active
17275,United Kingdom,General,1,384,1,114.1,114.1,71,2010-11-21 13:26:00,2010-11-21 13:26:00,1,Inactive >90 Days
17276,United Kingdom,General,1,403,1,501.24,501.24,186,2010-11-02 16:20:00,2010-11-02 16:20:00,1,Inactive >90 Days
17277,United Kingdom,Minimum,3,228,2,1065.3500000000001,532.6750000000001,430,2011-01-21 12:37:00,2011-04-26 12:47:00,96,Inactive >90 Days
17278,United Kingdom,General,1,242,2,271.24,135.62,195,2010-05-23 13:49:00,2011-04-12 13:10:00,325,Inactive >90 Days
17279,United Kingdom,Prospective,0,58,1,187.82999999999998,187.82999999999998,48,2011-10-13 11:58:00,2011-10-13 11:58:00,1,Recently Active
17280,United Kingdom,General,1,439,1,118.86,118.86,74,2010-09-27 16:46:00,2010-09-27 16:46:00,1,Inactive >90 Days
17281,United Kingdom,Minimum,3,375,6,797.85,132.975,295,2010-02-04 13:00:00,2010-11-30 18:05:00,300,Inactive >90 Days
17282,United Kingdom,Minimum,3,131,5,2308.54,461.70799999999997,2332,2010-06-09 12:07:00,2011-08-01 14:29:00,419,Inactive >90 Days
17283,United Kingdom,General,1,379,1,188.46,188.46,179,2010-11-26 11:53:00,2010-11-26 11:53:00,1,Inactive >90 Days
17284,United Kingdom,Potential,4,61,7,2558.6,365.5142857142857,2068,2010-11-15 17:14:00,2011-10-10 14:38:00,330,Recently Active
17285,United Kingdom,General,1,629,2,400.44,200.22,132,2010-02-14 14:10:00,2010-03-21 13:38:00,36,Inactive >90 Days
17286,United Kingdom,Prospective,0,22,3,389.18,129.72666666666666,368,2010-11-04 13:43:00,2011-11-18 12:47:00,380,Recently Active
17287,United Kingdom,Main,2,27,21,3826.86,182.23142857142858,1955,2009-12-03 12:45:00,2011-11-13 13:27:00,711,Recently Active
17288,United Kingdom,Potential,4,10,11,2468.43,224.40272727272725,1699,2010-11-10 14:44:00,2011-11-30 16:09:00,386,Recently Active
17289,United Kingdom,Potential,4,32,9,2041.8,226.86666666666667,1237,2010-03-08 12:52:00,2011-11-08 12:01:00,611,Recently Active
17290,United Kingdom,Potential,4,4,8,1427.48,178.435,995,2009-12-13 13:28:00,2011-12-06 12:38:00,724,Recently Active
17291,United Kingdom,General,1,309,1,550.8000000000001,550.8000000000001,72,2011-02-04 13:04:00,2011-02-04 13:04:00,1,Inactive >90 Days
17292,United Kingdom,General,1,473,2,271.75,135.875,131,2010-05-09 14:52:00,2010-08-24 17:14:00,108,Inactive >90 Days
17293,United Kingdom,Main,2,9,17,3750.63,220.62529411764706,2228,2009-12-03 15:09:00,2011-12-01 14:37:00,729,Recently Active
17294,United Kingdom,General,1,670,2,467.79,233.895,297,2010-02-08 14:21:00,2010-02-08 16:12:00,1,Inactive >90 Days
17295,United Kingdom,Prospective,0,29,3,547.0,182.33333333333334,293,2011-10-06 12:22:00,2011-11-11 10:49:00,37,Recently Active
17296,United Kingdom,General,1,731,1,338.13,338.13,216,2009-12-09 14:01:00,2009-12-09 14:01:00,1,Inactive >90 Days
17297,United Kingdom,Prospective,0,18,1,128.18,128.18,65,2011-11-22 14:43:00,2011-11-22 14:43:00,1,Recently Active
17298,United Kingdom,Minimum,3,102,5,938.36,187.672,850,2010-03-08 08:56:00,2011-08-30 16:43:00,541,Inactive >90 Days
17299,United Kingdom,Potential,4,12,6,993.23,165.53833333333333,919,2010-08-15 16:00:00,2011-11-28 12:01:00,471,Recently Active
17300,United Kingdom,General,1,391,2,393.64,196.82,467,2010-08-15 11:02:00,2010-11-14 10:56:00,92,Inactive >90 Days
17301,United Kingdom,Prospective,0,22,2,294.39,147.195,216,2010-03-25 13:16:00,2011-11-18 13:43:00,604,Recently Active
17302,United Kingdom,Potential,4,15,5,1135.63,227.12600000000003,575,2011-02-07 10:14:00,2011-11-25 09:36:00,292,Recently Active
17303,United Kingdom,General,1,362,1,250.04,250.04,144,2010-12-13 13:32:00,2010-12-13 13:32:00,1,Inactive >90 Days
17304,United Kingdom,General,1,535,1,111.5,111.5,73,2010-06-23 16:23:00,2010-06-23 16:23:00,1,Inactive >90 Days
17305,United Kingdom,Minimum,3,649,1,2135.46,2135.46,1006,2010-03-01 12:47:00,2010-03-01 12:47:00,1,Inactive >90 Days
17306,United Kingdom,Main,2,11,21,9782.35,465.8261904761905,13747,2010-11-01 11:38:00,2011-11-29 12:14:00,394,Recently Active
17307,United Kingdom,Minimum,3,396,11,3999.8900000000003,363.6263636363637,3667,2010-01-19 16:38:00,2010-11-09 13:40:00,295,Inactive >90 Days
17308,United Kingdom,Minimum,3,394,2,4511.76,2255.88,5148,2010-09-13 09:35:00,2010-11-11 13:19:00,60,Inactive >90 Days
17309,United Kingdom,Prospective,0,96,3,320.39,106.79666666666667,181,2010-02-04 15:49:00,2011-09-05 15:20:00,579,Inactive >90 Days
17310,United Kingdom,Minimum,3,388,2,1025.1,512.55,402,2010-06-23 11:38:00,2010-11-17 16:00:00,148,Inactive >90 Days
17311,United Kingdom,Potential,4,79,6,3566.56,594.4266666666666,2755,2010-02-03 12:38:00,2011-09-22 14:11:00,597,Recently Active
17312,United Kingdom,Minimum,3,139,3,644.3,214.76666666666665,372,2011-07-03 13:12:00,2011-07-24 11:52:00,22,Inactive >90 Days
17313,United Kingdom,Prospective,0,32,1,2328.84,2328.84,1402,2011-11-08 15:45:00,2011-11-08 15:45:00,1,Recently Active
17314,United Kingdom,Potential,4,25,17,4904.43,288.4958823529412,3663,2009-12-03 11:25:00,2011-11-15 09:41:00,713,Recently Active
17315,United Kingdom,Main,2,2,41,9559.5,233.15853658536585,5062,2010-09-27 12:45:00,2011-12-08 12:15:00,438,Recently Active
17316,United Kingdom,General,1,421,1,124.45,124.45,44,2010-10-15 14:35:00,2010-10-15 14:35:00,1,Inactive >90 Days
17317,United Kingdom,Potential,4,47,3,2600.34,866.7800000000001,1146,2011-09-11 12:45:00,2011-10-24 17:19:00,44,Recently Active
17318,United Kingdom,General,1,726,1,157.32999999999998,157.32999999999998,59,2009-12-14 13:11:00,2009-12-14 13:11:00,1,Inactive >90 Days
17319,United Kingdom,General,1,670,1,29.099999999999998,29.099999999999998,14,2010-02-08 15:47:00,2010-02-08 15:47:00,1,Inactive >90 Days
17320,United Kingdom,Minimum,3,101,6,2444.85,407.47499999999997,1182,2010-01-21 16:29:00,2011-08-31 13:31:00,588,Inactive >90 Days
17321,United Kingdom,Potential,4,9,6,1665.21,277.535,790,2010-05-11 12:10:00,2011-12-01 13:41:00,570,Recently Active
17322,United Kingdom,Minimum,3,377,5,922.59,184.518,631,2009-12-03 11:46:00,2010-11-28 14:41:00,361,Inactive >90 Days
17323,United Kingdom,Potential,4,16,12,1547.64,128.97,1422,2010-01-10 11:58:00,2011-11-24 17:29:00,684,Recently Active
17324,United Kingdom,Potential,4,18,12,2171.07,180.9225,1485,2009-12-18 15:29:00,2011-11-22 10:34:00,705,Recently Active
17325,United Kingdom,Minimum,3,281,3,609.5699999999999,203.18999999999997,465,2010-03-08 11:31:00,2011-03-04 13:09:00,362,Inactive >90 Days
17326,United Kingdom,General,1,409,2,312.35,156.175,136,2010-06-28 14:05:00,2010-10-27 15:38:00,122,Inactive >90 Days
17327,United Kingdom,General,1,410,2,152.35,76.175,59,2010-05-26 11:20:00,2010-10-26 09:54:00,154,Inactive >90 Days
17328,United Kingdom,General,1,674,1,104.7,104.7,86,2010-02-04 17:11:00,2010-02-04 17:11:00,1,Inactive >90 Days
17329,United Kingdom,Potential,4,15,5,998.53,199.706,430,2009-12-03 16:09:00,2011-11-25 14:24:00,723,Recently Active
17330,United Kingdom,Prospective,0,23,4,423.8,105.95,122,2010-03-02 09:20:00,2011-11-17 08:56:00,626,Recently Active
17331,United Kingdom,General,1,124,1,175.2,175.2,16,2011-08-08 11:55:00,2011-08-08 11:55:00,1,Inactive >90 Days
17332,United Kingdom,Minimum,3,529,5,827.77,165.554,769,2010-02-21 14:41:00,2010-06-29 16:10:00,129,Inactive >90 Days
17333,United Kingdom,Prospective,0,86,1,494.25,494.25,375,2011-09-15 10:11:00,2011-09-15 10:11:00,1,Recently Active
17334,United Kingdom,Minimum,3,303,3,635.1500000000001,211.7166666666667,566,2010-10-29 12:16:00,2011-02-10 14:59:00,105,Inactive >90 Days
17335,United Kingdom,General,1,384,2,497.04,248.52,210,2010-01-24 11:15:00,2010-11-21 10:17:00,302,Inactive >90 Days
17336,United Kingdom,General,1,473,1,81.12,81.12,48,2010-08-24 15:37:00,2010-08-24 15:37:00,1,Inactive >90 Days
17337,United Kingdom,Minimum,3,152,4,1979.61,494.9025,1246,2011-02-02 17:06:00,2011-07-11 14:55:00,160,Inactive >90 Days
17338,United Kingdom,Main,2,18,17,11880.54,698.8552941176471,5765,2010-03-10 16:09:00,2011-11-22 14:23:00,623,Recently Active
17339,United Kingdom,Prospective,0,95,3,302.36,100.78666666666668,172,2010-07-18 13:08:00,2011-09-06 13:29:00,416,Inactive >90 Days
17340,United Kingdom,Main,2,30,18,19617.95,1089.8861111111112,9497,2010-02-14 14:54:00,2011-11-10 10:45:00,635,Recently Active
17341,United Kingdom,Minimum,3,157,5,1272.21,254.442,831,2010-06-17 18:17:00,2011-07-06 12:33:00,385,Inactive >90 Days
17342,United Kingdom,Minimum,3,380,4,1227.54,306.885,521,2010-02-08 09:16:00,2010-11-25 11:07:00,291,Inactive >90 Days
17343,United Kingdom,Minimum,3,356,6,1259.94,209.99,454,2009-12-03 18:30:00,2010-12-19 15:07:00,382,Inactive >90 Days
17344,United Kingdom,Prospective,0,47,2,457.36,228.68,200,2009-12-11 12:31:00,2011-10-24 12:56:00,683,Recently Active
17345,United Kingdom,Potential,4,16,10,1586.63,158.663,2008,2009-12-01 16:17:00,2011-11-24 15:03:00,724,Recently Active
17346,United Kingdom,Main,2,4,26,4991.41,191.97730769230768,3437,2010-04-18 12:18:00,2011-12-06 12:18:00,598,Recently Active
17347,United Kingdom,General,1,87,1,228.96,228.96,216,2011-09-14 13:12:00,2011-09-14 13:12:00,1,Recently Active
17348,United Kingdom,Potential,4,15,9,2430.99,270.10999999999996,2736,2010-03-10 12:13:00,2011-11-25 11:25:00,626,Recently Active
17349,United Kingdom,Minimum,3,180,5,772.41,154.482,772,2010-03-18 14:26:00,2011-06-13 14:29:00,453,Inactive >90 Days
17350,United Kingdom,Potential,4,9,7,1893.7,270.5285714285714,1177,2010-02-01 15:38:00,2011-12-01 15:47:00,669,Recently Active
17351,United Kingdom,Potential,4,37,12,1964.38,163.69833333333335,380,2009-12-10 18:43:00,2011-11-03 18:45:00,694,Recently Active
17352,United Kingdom,General,1,697,1,36.25,36.25,15,2010-01-12 16:13:00,2010-01-12 16:13:00,1,Inactive >90 Days
17353,United Kingdom,Minimum,3,130,4,3242.0,810.5,2168,2010-03-25 12:52:00,2011-08-02 17:19:00,496,Inactive >90 Days
17354,United Kingdom,Potential,4,51,4,3133.96,783.49,2531,2010-10-07 13:22:00,2011-10-20 10:34:00,379,Recently Active
17355,United Kingdom,General,1,387,1,273.31,273.31,249,2010-11-18 13:18:00,2010-11-18 13:18:00,1,Inactive >90 Days
17356,United Kingdom,Minimum,3,312,5,946.47,189.294,925,2010-01-20 12:14:00,2011-02-01 11:07:00,378,Inactive >90 Days
17357,United Kingdom,Prospective,0,25,2,384.39,192.195,152,2011-11-15 16:29:00,2011-11-15 16:30:00,1,Recently Active
17358,United Kingdom,Minimum,3,304,5,861.01,172.202,430,2010-02-24 16:42:00,2011-02-09 16:57:00,351,Inactive >90 Days
17359,United Kingdom,Prospective,0,12,2,284.46,142.23,237,2010-03-01 14:48:00,2011-11-28 14:37:00,638,Recently Active
17360,United Kingdom,Potential,4,18,6,1200.51,200.085,624,2010-10-01 12:07:00,2011-11-22 13:11:00,418,Recently Active
17361,United Kingdom,Prospective,0,50,5,871.7900000000001,174.358,380,2010-02-01 14:30:00,2011-10-21 15:43:00,628,Recently Active
17362,United Kingdom,Minimum,3,240,7,1024.04,146.29142857142855,549,2010-01-06 10:53:00,2011-04-14 14:43:00,464,Inactive >90 Days
17363,United Kingdom,Minimum,3,396,3,920.46,306.82,499,2010-11-02 17:25:00,2010-11-09 17:11:00,8,Inactive >90 Days
17364,United Kingdom,Main,2,1,27,11614.45,430.16481481481486,7463,2009-12-07 15:28:00,2011-12-09 09:00:00,733,Recently Active
17365,United Kingdom,Main,2,13,15,8179.45,545.2966666666666,8003,2010-02-01 11:56:00,2011-11-27 12:13:00,665,Recently Active
17366,United Kingdom,Minimum,3,433,2,1077.24,538.62,504,2010-09-09 19:46:00,2010-10-03 16:04:00,25,Inactive >90 Days
17367,United Kingdom,General,1,239,1,167.55,167.55,149,2011-04-15 14:21:00,2011-04-15 14:21:00,1,Inactive >90 Days
17368,United Kingdom,Potential,4,24,14,2758.29,197.0207142857143,2319,2009-12-15 17:45:00,2011-11-16 15:26:00,702,Recently Active
17369,United Kingdom,General,1,456,1,979.2,979.2,1152,2010-09-10 09:49:00,2010-09-10 09:49:00,1,Inactive >90 Days
17370,United Kingdom,Prospective,0,73,4,446.18,111.545,540,2011-06-23 11:50:00,2011-09-28 10:14:00,98,Recently Active
17371,United Kingdom,Prospective,0,18,6,651.37,108.56166666666667,279,2009-12-08 12:25:00,2011-11-22 13:30:00,715,Recently Active
17372,United Kingdom,Main,2,41,27,4316.46,159.8688888888889,1859,2009-12-03 18:41:00,2011-10-30 11:37:00,697,Recently Active
17373,United Kingdom,Potential,4,41,7,1167.5,166.78571428571428,738,2010-02-28 14:17:00,2011-10-30 15:28:00,610,Recently Active
17374,United Kingdom,Minimum,3,219,3,727.11,242.37,155,2010-11-09 17:14:00,2011-05-05 09:05:00,178,Inactive >90 Days
17375,United Kingdom,Minimum,3,200,4,660.55,165.1375,480,2010-10-04 09:14:00,2011-05-24 15:45:00,233,Inactive >90 Days
17376,United Kingdom,Prospective,0,71,4,453.64,113.41,244,2010-07-05 11:11:00,2011-09-30 12:36:00,453,Recently Active
17377,United Kingdom,Main,2,24,78,17639.23,226.14397435897436,7323,2009-12-02 12:39:00,2011-11-16 11:17:00,715,Recently Active
17378,United Kingdom,General,1,375,1,10.95,10.95,1,2010-11-30 18:46:00,2010-11-30 18:46:00,1,Inactive >90 Days
17379,United Kingdom,Prospective,0,12,1,389.71999999999997,389.71999999999997,623,2011-11-28 13:56:00,2011-11-28 13:56:00,1,Recently Active
17380,United Kingdom,Minimum,3,435,3,645.0,215.0,252,2010-06-23 11:24:00,2010-10-01 16:42:00,101,Inactive >90 Days
17381,United Kingdom,Main,2,9,38,36398.65,957.8592105263158,42879,2010-06-09 12:55:00,2011-12-01 11:59:00,541,Recently Active
17382,United Kingdom,Potential,4,66,8,902.28,112.785,457,2010-05-19 11:33:00,2011-10-05 13:05:00,505,Recently Active
17383,United Kingdom,Prospective,0,5,2,304.09000000000003,152.04500000000002,160,2010-09-12 14:54:00,2011-12-05 17:36:00,450,Recently Active
17384,United Kingdom,Prospective,0,20,3,507.55,169.18333333333334,121,2010-08-29 16:01:00,2011-11-20 15:48:00,449,Recently Active
17385,United Kingdom,Prospective,0,15,1,256.11,256.11,197,2011-11-25 11:02:00,2011-11-25 11:02:00,1,Recently Active
17386,United Kingdom,Potential,4,8,7,2812.77,401.82428571428574,1955,2010-11-19 13:40:00,2011-12-02 11:28:00,379,Recently Active
17387,United Kingdom,Prospective,0,20,2,746.81,373.405,522,2011-11-06 11:25:00,2011-11-20 11:00:00,15,Recently Active
17388,United Kingdom,Potential,4,78,11,2675.37,243.21545454545455,2555,2009-12-10 11:45:00,2011-09-23 10:31:00,653,Recently Active
17389,United Kingdom,Main,2,1,61,57215.33,937.9562295081968,17880,2009-12-04 12:06:00,2011-12-09 09:38:00,736,Recently Active
17390,United Kingdom,General,1,421,1,149.3,149.3,49,2010-10-15 11:29:00,2010-10-15 11:29:00,1,Inactive >90 Days
17391,United Kingdom,Minimum,3,164,2,508.8,254.4,480,2011-06-28 12:21:00,2011-06-29 09:58:00,2,Inactive >90 Days
17392,United Kingdom,Minimum,3,307,3,579.92,193.30666666666664,448,2010-09-15 16:17:00,2011-02-06 12:48:00,145,Inactive >90 Days
17393,United Kingdom,General,1,411,2,381.15000000000003,190.57500000000002,238,2010-08-08 15:53:00,2010-10-25 11:10:00,79,Inactive >90 Days
17394,United Kingdom,General,1,220,1,203.86999999999998,203.86999999999998,241,2011-05-04 13:22:00,2011-05-04 13:22:00,1,Inactive >90 Days
17395,United Kingdom,General,1,509,1,97.5,97.5,66,2010-07-19 15:34:00,2010-07-19 15:34:00,1,Inactive >90 Days
17396,United Kingdom,Potential,4,40,13,8391.6,645.5076923076923,2312,2010-09-24 13:04:00,2011-10-31 14:12:00,403,Recently Active
17397,United Kingdom,Prospective,0,23,3,1198.28,399.4266666666667,691,2010-10-19 13:20:00,2011-11-17 14:08:00,395,Recently Active
17398,United Kingdom,Minimum,3,115,3,653.38,217.79333333333332,310,2011-03-29 13:04:00,2011-08-17 09:48:00,142,Inactive >90 Days
17400,United Kingdom,Potential,4,127,8,4623.28,577.91,2185,2009-12-17 15:41:00,2011-08-05 15:38:00,597,Inactive >90 Days
17401,United Kingdom,General,1,542,1,114.85,114.85,34,2010-06-16 16:54:00,2010-06-16 16:54:00,1,Inactive >90 Days
17402,United Kingdom,Main,2,5,22,4600.5599999999995,209.11636363636362,1449,2009-12-16 17:40:00,2011-12-05 10:15:00,720,Recently Active
17403,United Kingdom,Prospective,0,37,2,382.87,191.435,188,2010-09-15 12:29:00,2011-11-03 15:18:00,415,Recently Active
17404,Sweden,Main,2,5,21,47638.12,2268.481904761905,50674,2010-01-07 11:31:00,2011-12-05 16:26:00,698,Recently Active
17405,United Kingdom,Prospective,0,2,3,1031.41,343.80333333333334,726,2011-07-12 14:17:00,2011-12-08 17:12:00,150,Recently Active
17406,United Kingdom,Minimum,3,334,13,4186.95,322.0730769230769,1847,2009-12-06 13:45:00,2011-01-10 15:07:00,401,Inactive >90 Days
17407,United Kingdom,General,1,412,1,552.9,552.9,426,2010-10-24 11:57:00,2010-10-24 11:57:00,1,Inactive >90 Days
17408,United Kingdom,General,1,164,3,316.09000000000003,105.36333333333334,163,2010-07-13 14:02:00,2011-06-29 12:53:00,352,Inactive >90 Days
17409,United Kingdom,Potential,4,185,10,7793.51,779.351,4089,2009-12-11 12:17:00,2011-06-08 10:36:00,545,Inactive >90 Days
17410,United Kingdom,Potential,4,17,5,1214.72,242.94400000000002,616,2011-05-08 15:21:00,2011-11-23 15:46:00,200,Recently Active
17411,United Kingdom,Potential,4,13,5,1425.38,285.076,608,2009-12-03 12:02:00,2011-11-27 14:25:00,725,Recently Active
17412,United Kingdom,Main,2,3,16,4220.22,263.76375,2554,2009-12-02 13:51:00,2011-12-07 11:36:00,736,Recently Active
17413,United Kingdom,General,1,405,2,560.14,280.07,302,2010-05-19 11:11:00,2010-10-31 12:33:00,166,Inactive >90 Days
17414,United Kingdom,Potential,4,44,6,2249.52,374.92,6256,2009-12-03 16:49:00,2011-10-27 12:13:00,694,Recently Active
17415,United Kingdom,Prospective,0,80,1,507.84,507.84,114,2011-09-21 12:50:00,2011-09-21 12:50:00,1,Recently Active
17416,United Kingdom,Main,2,30,22,17298.45,786.2931818181819,8769,2009-12-14 16:29:00,2011-11-10 12:47:00,697,Recently Active
17417,United Kingdom,General,1,549,1,164.18,164.18,76,2010-06-09 10:00:00,2010-06-09 10:00:00,1,Inactive >90 Days
17418,United Kingdom,Prospective,0,43,3,670.0600000000001,223.35333333333335,521,2010-11-17 13:42:00,2011-10-28 13:00:00,346,Recently Active
17419,United Kingdom,Main,2,12,18,6126.25,340.34722222222223,2884,2010-01-25 13:19:00,2011-11-28 13:47:00,673,Recently Active
17420,United Kingdom,Potential,4,51,6,953.58,158.93,446,2010-11-03 13:09:00,2011-10-20 14:52:00,352,Recently Active
17421,United Kingdom,Minimum,3,387,3,1059.41,353.1366666666667,807,2009-12-04 15:43:00,2010-11-18 16:57:00,350,Inactive >90 Days
17422,United Kingdom,Potential,4,17,11,3594.76,326.79636363636365,3538,2010-06-23 10:19:00,2011-11-23 13:27:00,519,Recently Active
17423,United Kingdom,Prospective,0,47,3,1118.95,372.98333333333335,790,2010-11-11 12:26:00,2011-10-24 13:36:00,348,Recently Active
17425,United Kingdom,Prospective,0,20,2,759.1700000000001,379.58500000000004,407,2011-10-10 11:37:00,2011-11-20 15:30:00,42,Recently Active
17426,United Kingdom,Main,2,9,13,8077.77,621.3669230769231,5187,2010-02-17 13:39:00,2011-12-01 18:07:00,653,Recently Active
17427,United Kingdom,General,1,72,1,100.8,100.8,34,2011-09-29 11:29:00,2011-09-29 11:29:00,1,Recently Active
17428,United Kingdom,Main,2,1,45,31466.760000000002,699.2613333333334,17356,2009-12-01 17:28:00,2011-12-09 09:45:00,739,Recently Active
17429,United Kingdom,Minimum,3,129,5,1357.46,271.492,1286,2010-10-06 12:30:00,2011-08-03 13:22:00,302,Inactive >90 Days
17430,United Kingdom,Prospective,0,33,4,622.57,155.6425,455,2010-08-17 11:52:00,2011-11-07 09:24:00,448,Recently Active
17431,United Kingdom,General,1,314,1,403.3,403.3,292,2011-01-30 14:36:00,2011-01-30 14:36:00,1,Inactive >90 Days
17432,United Kingdom,Potential,4,19,9,1728.99,192.11,1008,2009-12-03 19:13:00,2011-11-21 17:33:00,719,Recently Active
17433,United Kingdom,Prospective,0,89,2,569.96,284.98,305,2010-11-19 13:37:00,2011-09-12 14:24:00,298,Recently Active
17434,United Kingdom,Potential,4,3,7,2373.82,339.1171428571429,1693,2011-09-15 13:54:00,2011-12-07 13:16:00,84,Recently Active
17435,United Kingdom,General,1,412,1,331.35,331.35,195,2010-10-24 13:55:00,2010-10-24 13:55:00,1,Inactive >90 Days
17436,United Kingdom,Prospective,0,2,5,534.0600000000001,106.81200000000001,178,2009-12-07 12:31:00,2011-12-08 12:30:00,732,Recently Active
17437,United Kingdom,General,1,530,1,369.68,369.68,283,2010-06-28 11:11:00,2010-06-28 11:11:00,1,Inactive >90 Days
17438,United Kingdom,Minimum,3,254,5,1422.77,284.554,553,2010-03-08 16:53:00,2011-03-31 10:26:00,389,Inactive >90 Days
17439,United Kingdom,General,1,656,1,325.74,325.74,370,2010-02-22 12:48:00,2010-02-22 12:48:00,1,Inactive >90 Days
17440,United Kingdom,Minimum,3,157,4,323.58,80.895,282,2010-06-08 14:40:00,2011-07-06 11:54:00,394,Inactive >90 Days
17441,United Kingdom,General,1,733,1,293.35,293.35,245,2009-12-07 13:32:00,2009-12-07 13:32:00,1,Inactive >90 Days
17442,United Kingdom,Potential,4,37,15,4620.3,308.02000000000004,3134,2010-02-15 15:54:00,2011-11-03 09:17:00,627,Recently Active
17443,Canada,General,1,220,1,534.24,534.24,504,2011-05-04 10:47:00,2011-05-04 10:47:00,1,Inactive >90 Days
17444,Canada,Minimum,3,152,2,2389.1,1194.55,2118,2011-06-20 09:04:00,2011-07-11 10:33:00,22,Inactive >90 Days
17446,United Kingdom,General,1,177,2,120.89999999999999,60.449999999999996,198,2011-02-02 14:40:00,2011-06-16 10:42:00,135,Inactive >90 Days
17447,United Kingdom,Prospective,0,41,2,541.53,270.765,443,2011-09-29 10:10:00,2011-10-30 14:18:00,32,Recently Active
17448,United Kingdom,Main,2,530,41,14448.67,352.4065853658537,11529,2010-03-04 17:29:00,2010-06-28 13:58:00,117,Inactive >90 Days
17449,United Kingdom,Main,2,3,13,4865.15,374.2423076923077,2482,2009-12-09 14:16:00,2011-12-07 16:56:00,729,Recently Active
17450,United Kingdom,Main,2,9,51,244784.25,4799.691176470588,83914,2010-09-27 16:59:00,2011-12-01 13:29:00,431,Recently Active
17451,United Kingdom,Potential,4,2,7,1721.4,245.91428571428574,1203,2011-08-26 11:54:00,2011-12-08 15:02:00,105,Recently Active
17453,United Kingdom,Prospective,0,18,2,486.72,243.36,219,2011-10-06 17:02:00,2011-11-22 09:42:00,48,Recently Active
17454,United Kingdom,Minimum,3,193,10,1547.94,154.794,727,2010-01-15 15:40:00,2011-05-31 13:58:00,502,Inactive >90 Days
17455,United Kingdom,General,1,204,1,131.7,131.7,66,2011-05-20 12:31:00,2011-05-20 12:31:00,1,Inactive >90 Days
17456,United Kingdom,Minimum,3,366,2,975.5600000000001,487.78000000000003,508,2010-09-09 15:28:00,2010-12-09 15:23:00,92,Inactive >90 Days
17457,United Kingdom,Potential,4,127,14,5984.81,427.4864285714286,2695,2009-12-07 14:52:00,2011-08-05 12:48:00,607,Inactive >90 Days
17458,United Kingdom,Prospective,0,16,2,529.58,264.79,282,2010-11-23 11:43:00,2011-11-24 13:01:00,367,Recently Active
17459,United Kingdom,Prospective,0,44,2,657.3,328.65,537,2011-10-10 17:00:00,2011-10-27 13:25:00,18,Recently Active
17460,United Kingdom,Potential,4,95,16,2157.9700000000003,134.87312500000002,954,2010-01-22 13:25:00,2011-09-06 15:04:00,593,Inactive >90 Days
17461,United Kingdom,Prospective,0,23,3,735.82,245.27333333333334,770,2011-11-10 12:01:00,2011-11-17 10:21:00,8,Recently Active
17462,United Kingdom,Prospective,0,61,2,675.69,337.845,227,2011-02-28 17:01:00,2011-10-10 13:56:00,225,Recently Active
17463,United Kingdom,Potential,4,17,7,2535.26,362.18,1480,2010-04-29 17:57:00,2011-11-23 13:40:00,574,Recently Active
17464,United Kingdom,Minimum,3,159,3,907.1400000000001,302.38000000000005,608,2010-03-30 13:15:00,2011-07-04 13:19:00,462,Inactive >90 Days
17465,United Kingdom,Minimum,3,426,7,2542.79,363.2557142857143,1477,2009-12-03 13:25:00,2010-10-10 11:56:00,312,Inactive >90 Days
17466,United Kingdom,Prospective,0,11,2,763.28,381.64,306,2011-09-22 09:16:00,2011-11-29 13:15:00,69,Recently Active
17467,United Kingdom,General,1,396,1,102.6,102.6,20,2010-11-09 12:58:00,2010-11-09 12:58:00,1,Inactive >90 Days
17468,United Kingdom,Prospective,0,11,3,194.8,64.93333333333334,184,2010-11-29 17:25:00,2011-11-29 15:33:00,366,Recently Active
17469,United Kingdom,Main,2,17,17,5051.25,297.13235294117646,2304,2009-12-16 15:06:00,2011-11-23 13:15:00,708,Recently Active
17470,United Kingdom,Potential,4,45,11,2626.47,238.76999999999998,2731,2010-07-19 16:16:00,2011-10-26 12:42:00,465,Recently Active
17471,United Kingdom,General,1,475,1,321.65000000000003,321.65000000000003,153,2010-08-22 11:53:00,2010-08-22 11:53:00,1,Inactive >90 Days
17472,United Kingdom,Minimum,3,192,4,922.35,230.5875,551,2010-03-21 13:27:00,2011-06-01 14:57:00,438,Inactive >90 Days
17473,United Kingdom,General,1,409,2,607.0,303.5,270,2010-09-09 19:03:00,2010-10-27 11:45:00,49,Inactive >90 Days
17474,United Kingdom,General,1,600,1,1047.0,1047.0,200,2010-04-19 10:43:00,2010-04-19 10:43:00,1,Inactive >90 Days
17475,United Kingdom,General,1,80,1,194.37,194.37,178,2011-09-21 14:55:00,2011-09-21 14:55:00,1,Recently Active
17476,United Kingdom,General,1,396,2,489.86,244.93,224,2009-12-02 12:09:00,2010-11-09 10:21:00,343,Inactive >90 Days
17477,United Kingdom,Minimum,3,613,2,1144.3,572.15,225,2010-03-02 11:53:00,2010-04-06 10:06:00,36,Inactive >90 Days
17478,United Kingdom,Minimum,3,409,2,1272.8000000000002,636.4000000000001,516,2010-03-16 14:19:00,2010-10-27 15:01:00,226,Inactive >90 Days
17479,United Kingdom,General,1,633,1,389.26000000000005,389.26000000000005,266,2010-03-17 09:26:00,2010-03-17 09:26:00,1,Inactive >90 Days
17480,United Kingdom,Prospective,0,78,2,882.23,441.115,581,2010-09-21 12:31:00,2011-09-23 11:39:00,368,Recently Active
17481,United Kingdom,Prospective,0,4,4,1255.59,313.8975,1061,2011-09-07 09:57:00,2011-12-06 12:28:00,91,Recently Active
17482,United Kingdom,Minimum,3,488,2,775.64,387.82,240,2010-05-10 14:10:00,2010-08-09 15:33:00,92,Inactive >90 Days
17483,United Kingdom,Prospective,0,66,4,591.73,147.9325,265,2010-10-21 12:43:00,2011-10-05 13:10:00,350,Recently Active
17484,United Kingdom,General,1,577,2,209.57,104.785,339,2010-03-25 16:17:00,2010-05-12 15:41:00,49,Inactive >90 Days
17486,United Kingdom,General,1,262,1,396.87,396.87,191,2011-03-23 14:00:00,2011-03-23 14:00:00,1,Inactive >90 Days
17487,United Kingdom,General,1,729,1,160.55,160.55,37,2009-12-11 15:06:00,2009-12-11 15:06:00,1,Inactive >90 Days
17488,United Kingdom,General,1,642,1,336.5,336.5,136,2010-03-08 14:07:00,2010-03-08 14:07:00,1,Inactive >90 Days
17489,United Kingdom,Prospective,0,59,2,376.64,188.32,428,2011-05-11 11:34:00,2011-10-12 08:56:00,155,Recently Active
17490,United Kingdom,Potential,4,1,9,2750.5,305.6111111111111,1531,2010-05-19 12:40:00,2011-12-09 09:08:00,570,Recently Active
17491,United Kingdom,Main,2,2,17,5653.67,332.56882352941176,3362,2010-04-28 11:57:00,2011-12-08 16:18:00,590,Recently Active
17492,United Kingdom,Minimum,3,249,3,1122.42,374.14000000000004,450,2010-07-09 13:27:00,2011-04-05 15:21:00,271,Inactive >90 Days
17493,United Kingdom,General,1,386,1,100.91,100.91,62,2010-11-19 16:57:00,2010-11-19 16:57:00,1,Inactive >90 Days
17494,United Kingdom,General,1,502,1,54.7,54.7,26,2010-07-26 10:06:00,2010-07-26 10:06:00,1,Inactive >90 Days
17495,United Kingdom,Prospective,0,8,3,806.72,268.9066666666667,367,2010-11-14 11:50:00,2011-12-02 12:08:00,384,Recently Active
17496,United Kingdom,Minimum,3,359,4,1412.89,353.2225,675,2010-01-14 13:36:00,2010-12-16 08:39:00,337,Inactive >90 Days
17497,United Kingdom,General,1,391,2,287.25,143.625,59,2010-04-08 08:01:00,2010-11-14 14:17:00,221,Inactive >90 Days
17498,United Kingdom,Prospective,0,76,1,272.21999999999997,272.21999999999997,394,2011-09-25 12:25:00,2011-09-25 12:25:00,1,Recently Active
17499,United Kingdom,Minimum,3,290,2,1341.3899999999999,670.6949999999999,1086,2010-05-27 09:59:00,2011-02-23 09:14:00,273,Inactive >90 Days
17500,United Kingdom,Prospective,0,18,3,1138.0,379.3333333333333,17,2011-11-10 09:08:00,2011-11-22 14:25:00,13,Recently Active
17501,United Kingdom,General,1,221,2,288.6,144.3,160,2011-05-03 09:46:00,2011-05-03 09:47:00,1,Inactive >90 Days
17502,United Kingdom,Prospective,0,10,4,689.1,172.275,376,2011-11-10 16:39:00,2011-11-30 13:13:00,21,Recently Active
17503,United Kingdom,Prospective,0,3,2,558.96,279.48,486,2011-11-01 11:12:00,2011-12-07 09:18:00,37,Recently Active
17504,United Kingdom,Potential,4,207,18,9490.17,527.2316666666667,5420,2010-02-08 09:22:00,2011-05-17 12:59:00,464,Inactive >90 Days
17505,United Kingdom,Minimum,3,162,5,2435.48,487.096,1242,2010-04-13 16:33:00,2011-07-01 12:50:00,445,Inactive >90 Days
17506,United Kingdom,Prospective,0,76,1,302.2,302.2,139,2011-09-25 11:39:00,2011-09-25 11:39:00,1,Recently Active
17507,United Kingdom,Minimum,3,262,2,605.58,302.79,359,2011-02-03 18:08:00,2011-03-23 11:48:00,49,Inactive >90 Days
17508,Greece,Minimum,3,281,8,4579.23,572.40375,2891,2009-12-07 11:46:00,2011-03-04 08:10:00,453,Inactive >90 Days
17509,United Kingdom,Potential,4,58,8,6083.64,760.455,3512,2011-10-07 13:14:00,2011-10-13 10:26:00,7,Recently Active
17510,United Kingdom,Prospective,0,25,2,514.56,257.28,422,2010-10-15 10:20:00,2011-11-15 10:00:00,397,Recently Active
17511,United Kingdom,Main,2,3,60,172132.87,2868.8811666666666,117174,2009-12-02 10:52:00,2011-12-07 10:12:00,736,Recently Active
17512,United Kingdom,Main,2,29,18,5467.820000000001,303.76777777777784,5434,2009-12-10 19:35:00,2011-11-11 12:11:00,702,Recently Active
17513,United Kingdom,Minimum,3,73,3,1158.8,386.26666666666665,440,2010-08-17 15:08:00,2011-09-28 16:42:00,408,Recently Active
17514,United Kingdom,Minimum,3,129,2,522.0,261.0,284,2010-02-08 14:00:00,2011-08-03 15:45:00,542,Inactive >90 Days
17515,United Kingdom,Potential,4,32,9,1602.51,178.05666666666667,527,2010-06-07 13:29:00,2011-11-08 14:04:00,520,Recently Active
17516,United Kingdom,Potential,4,16,6,947.5,157.91666666666666,522,2010-11-26 12:50:00,2011-11-24 16:51:00,364,Recently Active
17517,United Kingdom,General,1,309,1,153.94,153.94,102,2011-02-04 11:48:00,2011-02-04 11:48:00,1,Inactive >90 Days
17518,United Kingdom,General,1,426,2,329.42,164.71,267,2010-03-28 13:31:00,2010-10-10 12:40:00,197,Inactive >90 Days
17519,United Kingdom,Potential,4,18,15,4774.17,318.278,3230,2009-12-01 09:57:00,2011-11-22 16:43:00,722,Recently Active
17520,United Kingdom,Prospective,0,54,1,546.81,546.81,365,2011-10-17 12:04:00,2011-10-17 12:04:00,1,Recently Active
17521,United Kingdom,Potential,4,30,5,1278.06,255.612,806,2010-10-01 11:49:00,2011-11-10 11:22:00,406,Recently Active
17522,United Kingdom,Potential,4,2,5,1066.15,213.23000000000002,1022,2011-05-05 16:31:00,2011-12-08 12:31:00,218,Recently Active
17523,United Kingdom,Prospective,0,12,4,652.74,163.185,872,2011-11-20 13:40:00,2011-11-28 13:20:00,9,Recently Active
17524,United Kingdom,Minimum,3,362,3,539.14,179.71333333333334,362,2010-09-27 16:20:00,2010-12-13 14:32:00,78,Inactive >90 Days
17525,United Kingdom,Minimum,3,360,3,1161.9,387.3,338,2010-10-07 09:12:00,2010-12-15 12:05:00,70,Inactive >90 Days
17526,United Kingdom,Potential,4,5,12,3939.24,328.27,1442,2009-12-17 16:18:00,2011-12-05 11:05:00,719,Recently Active
17527,United Kingdom,Prospective,0,54,4,939.37,234.8425,488,2011-05-05 13:43:00,2011-10-17 12:32:00,166,Recently Active
17528,United Kingdom,Potential,4,2,8,3628.5,453.5625,2138,2011-09-29 13:04:00,2011-12-08 13:27:00,71,Recently Active
17529,United Kingdom,Minimum,3,611,2,1240.25,620.125,790,2010-01-11 12:29:00,2010-04-08 17:51:00,88,Inactive >90 Days
17530,United Kingdom,Potential,4,2,12,2787.1,232.25833333333333,1738,2009-12-06 16:17:00,2011-12-08 18:42:00,733,Recently Active
17531,United Kingdom,Minimum,3,191,3,1266.82,422.2733333333333,472,2010-03-31 12:57:00,2011-06-02 19:17:00,429,Inactive >90 Days
17532,United Kingdom,General,1,386,1,65.34,65.34,30,2010-11-19 08:13:00,2010-11-19 08:13:00,1,Inactive >90 Days
17533,United Kingdom,General,1,435,1,34.8,34.8,24,2010-10-01 09:14:00,2010-10-01 09:14:00,1,Inactive >90 Days
17534,United Kingdom,Potential,4,54,5,1668.83,333.76599999999996,860,2010-02-25 16:55:00,2011-10-17 12:47:00,600,Recently Active
17535,United Kingdom,General,1,281,1,164.4,164.4,136,2011-03-04 15:20:00,2011-03-04 15:20:00,1,Inactive >90 Days
17536,United Kingdom,Minimum,3,178,3,364.83,121.61,201,2010-01-26 12:00:00,2011-06-15 13:23:00,506,Inactive >90 Days
17537,United Kingdom,Prospective,0,30,2,887.6700000000001,443.83500000000004,699,2011-02-09 13:37:00,2011-11-10 10:56:00,275,Recently Active
17538,United Kingdom,Prospective,0,26,1,98.42,98.42,134,2011-11-14 12:12:00,2011-11-14 12:12:00,1,Recently Active
17539,United Kingdom,Minimum,3,629,3,1161.84,387.28,707,2009-12-13 12:36:00,2010-03-21 15:23:00,99,Inactive >90 Days
17540,United Kingdom,Potential,4,25,6,1590.6000000000001,265.1,588,2010-04-19 09:47:00,2011-11-15 11:56:00,576,Recently Active
17541,United Kingdom,General,1,510,1,119.86,119.86,44,2010-07-18 11:36:00,2010-07-18 11:36:00,1,Inactive >90 Days
17542,United Kingdom,General,1,270,3,340.85,113.61666666666667,323,2010-03-08 12:08:00,2011-03-15 11:45:00,373,Inactive >90 Days
17543,United Kingdom,General,1,550,1,120.05,120.05,62,2010-06-08 12:41:00,2010-06-08 12:41:00,1,Inactive >90 Days
17544,United Kingdom,Minimum,3,391,3,944.82,314.94,410,2010-11-14 14:47:00,2010-11-14 15:08:00,1,Inactive >90 Days
17545,United Kingdom,Potential,4,44,6,1409.8600000000001,234.9766666666667,682,2010-05-11 10:04:00,2011-10-27 14:04:00,535,Recently Active
17547,United Kingdom,Minimum,3,376,2,727.85,363.925,223,2010-02-12 14:34:00,2010-11-29 09:41:00,291,Inactive >90 Days
17548,United Kingdom,Minimum,3,234,4,731.26,182.815,494,2010-11-08 16:19:00,2011-04-20 12:01:00,164,Inactive >90 Days
17549,United Kingdom,Prospective,0,24,2,148.86,74.43,210,2011-10-19 10:05:00,2011-11-16 09:59:00,29,Recently Active
17550,United Kingdom,Minimum,3,198,9,2506.64,278.5155555555555,968,2010-02-07 15:07:00,2011-05-26 14:09:00,474,Inactive >90 Days
17551,United Kingdom,General,1,360,1,290.34,290.34,142,2010-12-15 14:12:00,2010-12-15 14:12:00,1,Inactive >90 Days
17552,United Kingdom,Potential,4,61,12,2786.77,232.23083333333332,1951,2010-03-22 09:19:00,2011-10-10 17:00:00,568,Recently Active
17553,United Kingdom,Minimum,3,130,4,3757.6,939.4,2288,2010-04-08 09:44:00,2011-08-02 10:00:00,482,Inactive >90 Days
17554,United Kingdom,Potential,4,2,5,1952.45,390.49,1763,2011-07-14 20:01:00,2011-12-08 14:15:00,148,Recently Active
17555,United Kingdom,Potential,4,20,5,1045.74,209.148,739,2010-05-02 16:02:00,2011-11-20 12:22:00,568,Recently Active
17556,United Kingdom,General,1,206,2,300.67,150.335,184,2010-11-25 17:00:00,2011-05-18 10:48:00,175,Inactive >90 Days
17557,United Kingdom,Prospective,0,15,4,575.46,143.865,310,2009-12-07 10:15:00,2011-11-25 12:57:00,719,Recently Active
17558,United Kingdom,General,1,394,1,259.17,259.17,54,2010-11-11 14:36:00,2010-11-11 14:36:00,1,Inactive >90 Days
17559,United Kingdom,General,1,513,1,167.62,167.62,270,2010-07-15 12:02:00,2010-07-15 12:02:00,1,Inactive >90 Days
17560,United Kingdom,Potential,4,95,8,1895.8,236.975,1588,2010-02-17 12:11:00,2011-09-06 09:18:00,567,Inactive >90 Days
17561,United Kingdom,Prospective,0,20,4,703.02,175.755,381,2009-12-06 13:29:00,2011-11-20 12:53:00,715,Recently Active
17562,United Kingdom,Potential,4,15,7,1122.38,160.34,817,2011-06-19 13:06:00,2011-11-25 14:21:00,160,Recently Active
17563,United Kingdom,General,1,579,2,392.38,196.19,256,2010-04-07 10:02:00,2010-05-10 14:54:00,34,Inactive >90 Days
17564,United Kingdom,Prospective,0,25,3,454.01,151.33666666666667,146,2011-09-20 14:00:00,2011-11-15 13:27:00,57,Recently Active
17565,United Kingdom,General,1,587,1,131.83,131.83,67,2010-05-02 11:54:00,2010-05-02 11:54:00,1,Inactive >90 Days
17566,United Kingdom,Prospective,0,9,2,869.77,434.885,497,2011-11-14 13:42:00,2011-12-01 19:54:00,18,Recently Active
17567,United Kingdom,Potential,4,8,9,4838.08,537.5644444444445,2908,2010-09-24 10:48:00,2011-12-02 15:48:00,435,Recently Active
17568,United Kingdom,General,1,634,1,374.45,374.45,275,2010-03-16 16:45:00,2010-03-16 16:45:00,1,Inactive >90 Days
17569,United Kingdom,General,1,333,1,344.14,344.14,159,2011-01-11 14:15:00,2011-01-11 14:15:00,1,Inactive >90 Days
17571,United Kingdom,Potential,4,51,5,1629.66,325.932,990,2010-06-15 12:50:00,2011-10-20 15:57:00,493,Recently Active
17572,United Kingdom,Potential,4,72,10,652.21,65.221,327,2009-12-15 10:00:00,2011-09-29 17:53:00,654,Recently Active
17573,United Kingdom,Prospective,0,30,3,380.6,126.86666666666667,308,2011-09-07 10:36:00,2011-11-10 13:01:00,65,Recently Active
17574,United Kingdom,General,1,243,1,185.65,185.65,77,2011-04-11 09:47:00,2011-04-11 09:47:00,1,Inactive >90 Days
17575,United Kingdom,General,1,668,1,171.7,171.7,72,2010-02-10 13:48:00,2010-02-10 13:48:00,1,Inactive >90 Days
17576,United Kingdom,Main,2,9,41,8705.6,212.33170731707318,4572,2009-12-03 16:54:00,2011-12-01 17:56:00,729,Recently Active
17577,United Kingdom,General,1,646,2,348.75,174.375,179,2010-02-09 10:10:00,2010-03-04 13:01:00,24,Inactive >90 Days
17578,United Kingdom,Minimum,3,219,7,1047.33,149.6185714285714,529,2010-06-28 11:55:00,2011-05-05 18:38:00,312,Inactive >90 Days
17579,United Kingdom,Prospective,0,5,4,753.28,188.32,375,2010-05-10 14:28:00,2011-12-05 12:28:00,575,Recently Active
17580,United Kingdom,Minimum,3,253,5,538.07,107.614,222,2010-10-13 14:28:00,2011-04-01 12:41:00,171,Inactive >90 Days
17581,United Kingdom,Main,2,1,43,17951.17,417.4690697674418,9519,2009-12-03 12:34:00,2011-12-09 12:21:00,737,Recently Active
17582,United Kingdom,Minimum,3,237,5,1446.95,289.39,603,2010-03-26 12:23:00,2011-04-17 13:18:00,388,Inactive >90 Days
17583,United Kingdom,General,1,561,1,135.95,135.95,55,2010-05-28 14:24:00,2010-05-28 14:24:00,1,Inactive >90 Days
17584,United Kingdom,Potential,4,8,6,5309.42,884.9033333333333,2464,2010-01-25 08:17:00,2011-12-02 17:12:00,677,Recently Active
17585,United Kingdom,Minimum,3,110,7,2064.71,294.9585714285714,2510,2010-08-18 16:39:00,2011-08-22 13:30:00,370,Inactive >90 Days
17586,United Kingdom,General,1,620,1,167.4,167.4,68,2010-03-30 13:12:00,2010-03-30 13:12:00,1,Inactive >90 Days
17587,United Kingdom,General,1,629,1,173.76,173.76,66,2010-03-21 14:16:00,2010-03-21 14:16:00,1,Inactive >90 Days
17588,United Kingdom,Potential,4,101,7,2939.55,419.9357142857143,1379,2010-03-12 12:34:00,2011-08-31 13:37:00,538,Inactive >90 Days
17589,United Kingdom,Main,2,61,18,13806.27,767.015,8661,2010-03-07 13:48:00,2011-10-10 16:58:00,583,Recently Active
17590,United Kingdom,Prospective,0,3,3,1466.77,488.92333333333335,821,2011-10-30 14:05:00,2011-12-07 12:55:00,39,Recently Active
17591,United Kingdom,Potential,4,74,8,2339.32,292.415,1028,2010-01-17 16:09:00,2011-09-27 13:42:00,619,Recently Active
17592,United Kingdom,General,1,739,1,148.3,148.3,38,2009-12-01 10:49:00,2009-12-01 10:49:00,1,Inactive >90 Days
17593,United Kingdom,Main,2,4,11,8092.32,735.6654545454545,5595,2009-12-04 14:35:00,2011-12-06 10:30:00,733,Recently Active
17594,United Kingdom,Minimum,3,86,4,2497.88,624.47,1368,2010-04-14 08:53:00,2011-09-15 16:34:00,520,Recently Active
17595,United Kingdom,Prospective,0,13,2,386.69,193.345,228,2011-11-02 16:19:00,2011-11-27 16:08:00,26,Recently Active
17596,United Kingdom,Potential,4,24,13,4491.46,345.49692307692305,7010,2009-12-15 13:21:00,2011-11-16 14:11:00,702,Recently Active
17597,United Kingdom,Minimum,3,214,5,3484.09,696.818,2215,2010-05-05 15:33:00,2011-05-10 11:54:00,371,Inactive >90 Days
17598,United Kingdom,General,1,382,1,409.98,409.98,126,2010-11-23 17:43:00,2010-11-23 17:43:00,1,Inactive >90 Days
17599,United Kingdom,General,1,478,1,52.05,52.05,11,2010-08-19 12:50:00,2010-08-19 12:50:00,1,Inactive >90 Days
17600,United Kingdom,Prospective,0,18,1,161.67000000000002,161.67000000000002,144,2011-11-22 09:43:00,2011-11-22 09:43:00,1,Recently Active
17601,United Kingdom,General,1,240,2,412.65999999999997,206.32999999999998,294,2010-11-24 14:29:00,2011-04-14 18:02:00,142,Inactive >90 Days
17602,United Kingdom,Main,2,3,14,7354.43,525.3164285714286,5880,2010-03-30 17:25:00,2011-12-07 13:53:00,618,Recently Active
17603,United Kingdom,Minimum,3,79,4,1788.38,447.095,638,2009-12-10 09:44:00,2011-09-22 14:18:00,652,Recently Active
17604,United Kingdom,Minimum,3,218,6,942.38,157.06333333333333,614,2010-01-27 12:19:00,2011-05-06 13:43:00,465,Inactive >90 Days
17605,United Kingdom,General,1,591,1,160.75,160.75,71,2010-04-28 14:45:00,2010-04-28 14:45:00,1,Inactive >90 Days
17606,United Kingdom,General,1,738,1,87.30000000000001,87.30000000000001,42,2009-12-02 13:32:00,2009-12-02 13:32:00,1,Inactive >90 Days
17607,United Kingdom,General,1,377,1,333.81,333.81,269,2010-11-28 13:11:00,2010-11-28 13:11:00,1,Inactive >90 Days
17608,United Kingdom,Prospective,0,34,4,488.06,122.015,528,2010-04-11 13:37:00,2011-11-06 13:06:00,575,Recently Active
17609,United Kingdom,Potential,4,41,11,1875.36,170.4872727272727,1282,2010-04-09 16:54:00,2011-10-30 12:28:00,570,Recently Active
17610,United Kingdom,Minimum,3,541,5,1511.94,302.38800000000003,893,2009-12-06 16:07:00,2010-06-17 16:34:00,194,Inactive >90 Days
17611,United Kingdom,Main,2,8,28,8287.53,295.9832142857143,5291,2009-12-01 13:29:00,2011-12-02 13:29:00,732,Recently Active
17612,United Kingdom,Potential,4,54,18,5394.86,299.71444444444444,3521,2009-12-17 11:59:00,2011-10-17 14:59:00,670,Recently Active
17613,United Kingdom,Potential,4,23,14,4544.55,324.6107142857143,2490,2011-02-07 11:20:00,2011-11-17 10:51:00,284,Recently Active
17614,United Kingdom,Prospective,0,58,1,386.32,386.32,235,2011-10-13 16:01:00,2011-10-13 16:01:00,1,Recently Active
17615,United Kingdom,Minimum,3,131,6,721.8000000000001,120.30000000000001,378,2010-08-11 12:54:00,2011-08-01 14:06:00,356,Inactive >90 Days
17616,United Kingdom,Minimum,3,174,4,734.4,183.6,288,2010-09-14 10:43:00,2011-06-19 10:11:00,279,Inactive >90 Days
17617,United Kingdom,General,1,559,1,385.19,385.19,249,2010-05-30 12:48:00,2010-05-30 12:48:00,1,Inactive >90 Days
17618,United Kingdom,Potential,4,6,11,4001.64,363.7854545454545,1798,2010-01-24 11:03:00,2011-12-04 11:50:00,680,Recently Active
17619,United Kingdom,General,1,313,1,214.37,214.37,124,2011-01-31 14:18:00,2011-01-31 14:18:00,1,Inactive >90 Days
17620,United Kingdom,General,1,60,1,81.44,81.44,60,2011-10-11 12:08:00,2011-10-11 12:08:00,1,Recently Active
17621,United Kingdom,Potential,4,22,6,3175.12,529.1866666666666,1110,2010-10-04 09:37:00,2011-11-18 17:11:00,411,Recently Active
17622,United Kingdom,Minimum,3,598,2,1130.21,565.105,379,2010-04-20 13:38:00,2010-04-21 12:36:00,2,Inactive >90 Days
17623,United Kingdom,Potential,4,33,7,2365.77,337.96714285714285,799,2009-12-14 14:36:00,2011-11-07 11:32:00,694,Recently Active
17624,United Kingdom,Potential,4,15,4,1568.63,392.1575,958,2009-12-20 12:35:00,2011-11-25 10:52:00,706,Recently Active
17625,United Kingdom,Potential,4,19,8,5978.9,747.3625,3505,2009-12-15 11:49:00,2011-11-21 13:36:00,707,Recently Active
17626,United Kingdom,General,1,603,1,254.0,254.0,202,2010-04-16 12:15:00,2010-04-16 12:15:00,1,Inactive >90 Days
17627,United Kingdom,General,1,479,1,296.36,296.36,676,2010-08-18 11:27:00,2010-08-18 11:27:00,1,Inactive >90 Days
17628,United Kingdom,General,1,82,1,75.75,75.75,79,2011-09-19 15:21:00,2011-09-19 15:21:00,1,Recently Active
17629,United Kingdom,Potential,4,6,10,2455.52,245.552,1903,2010-10-14 13:35:00,2011-12-04 10:56:00,417,Recently Active
17630,United Kingdom,General,1,170,2,503.6,251.8,158,2011-04-21 14:03:00,2011-06-23 11:58:00,64,Inactive >90 Days
17631,United Kingdom,Potential,4,2,7,998.49,142.64142857142858,591,2009-12-09 14:15:00,2011-12-08 09:47:00,730,Recently Active
17633,United Kingdom,Potential,4,32,7,2057.39,293.91285714285715,899,2010-11-15 14:55:00,2011-11-08 13:25:00,359,Recently Active
17634,United Kingdom,Potential,4,37,9,2358.59,262.0655555555556,838,2011-01-06 12:45:00,2011-11-03 13:09:00,302,Recently Active
17635,United Kingdom,Minimum,3,425,3,1265.58,421.85999999999996,770,2010-04-28 10:51:00,2010-10-11 15:12:00,167,Inactive >90 Days
17636,United Kingdom,Prospective,0,20,1,285.56,285.56,182,2011-11-20 14:40:00,2011-11-20 14:40:00,1,Recently Active
17637,United Kingdom,Prospective,0,32,2,547.0600000000001,273.53000000000003,280,2011-08-16 13:25:00,2011-11-08 12:51:00,85,Recently Active
17638,United Kingdom,Minimum,3,648,2,842.4000000000001,421.20000000000005,432,2009-12-18 09:58:00,2010-03-02 14:32:00,75,Inactive >90 Days
17639,United Kingdom,Minimum,3,277,6,615.17,102.52833333333332,576,2010-08-13 11:59:00,2011-03-08 15:22:00,208,Inactive >90 Days
17640,United Kingdom,Potential,4,87,6,3168.94,528.1566666666666,1692,2010-03-23 09:15:00,2011-09-14 09:13:00,541,Recently Active
17642,United Kingdom,Minimum,3,120,5,1824.49,364.898,1475,2009-12-05 16:01:00,2011-08-12 09:11:00,616,Inactive >90 Days
17643,United Kingdom,General,1,374,2,439.7,219.85,226,2010-07-22 13:07:00,2010-12-01 14:38:00,133,Inactive >90 Days
17644,United Kingdom,Main,2,2,20,6028.6,301.43,3469,2010-02-16 08:44:00,2011-12-08 13:43:00,661,Recently Active
17646,United Kingdom,Potential,4,220,12,3898.79,324.89916666666664,1308,2009-12-16 09:37:00,2011-05-04 13:17:00,505,Inactive >90 Days
17647,United Kingdom,Prospective,0,66,3,331.65999999999997,110.55333333333333,82,2010-02-08 14:39:00,2011-10-05 15:38:00,605,Recently Active
17648,United Kingdom,Potential,4,61,5,2216.37,443.274,954,2010-11-19 16:41:00,2011-10-10 09:41:00,326,Recently Active
17649,United Kingdom,Minimum,3,139,3,1578.89,526.2966666666667,723,2010-08-24 13:01:00,2011-07-24 15:53:00,335,Inactive >90 Days
17650,United Kingdom,Prospective,0,22,1,166.07999999999998,166.07999999999998,150,2011-11-18 14:52:00,2011-11-18 14:52:00,1,Recently Active
17651,United Kingdom,Main,2,12,16,5703.52,356.47,4086,2010-07-01 12:17:00,2011-11-28 10:29:00,516,Recently Active
17652,United Kingdom,Potential,4,26,12,4867.72,405.6433333333334,2509,2011-03-03 14:05:00,2011-11-14 12:55:00,257,Recently Active
17653,United Kingdom,Prospective,0,37,4,1207.56,301.89,1409,2011-08-11 15:24:00,2011-11-03 12:46:00,85,Recently Active
17654,United Kingdom,General,1,278,1,117.55,117.55,41,2011-03-07 13:17:00,2011-03-07 13:17:00,1,Inactive >90 Days
17655,United Kingdom,Potential,4,11,9,2976.38,330.7088888888889,1268,2010-10-19 10:20:00,2011-11-29 11:34:00,407,Recently Active
17656,United Kingdom,Minimum,3,74,5,1674.69,334.938,1399,2011-08-03 10:45:00,2011-09-27 13:04:00,56,Recently Active
17657,United Kingdom,General,1,431,1,126.0,126.0,60,2010-10-05 14:52:00,2010-10-05 14:52:00,1,Inactive >90 Days
17658,United Kingdom,Prospective,0,26,2,595.42,297.71,616,2011-05-12 15:23:00,2011-11-14 12:07:00,187,Recently Active
17659,United Kingdom,Potential,4,18,14,3586.9900000000002,256.21357142857147,1752,2010-11-18 14:20:00,2011-11-22 13:29:00,370,Recently Active
17660,United Kingdom,General,1,142,2,342.22,171.11,259,2009-12-02 16:02:00,2011-07-21 13:37:00,597,Inactive >90 Days
17662,United Kingdom,General,1,662,2,412.92,206.46,184,2009-12-17 09:54:00,2010-02-16 09:38:00,62,Inactive >90 Days
17663,United Kingdom,Potential,4,26,17,5175.83,304.4605882352941,2297,2010-03-04 11:42:00,2011-11-14 08:56:00,621,Recently Active
17664,United Kingdom,Prospective,0,19,4,1166.23,291.5575,1058,2010-03-29 17:17:00,2011-11-21 11:29:00,603,Recently Active
17665,United Kingdom,General,1,494,1,563.1,563.1,690,2010-08-03 13:12:00,2010-08-03 13:12:00,1,Inactive >90 Days
17666,United Kingdom,Potential,4,4,5,2047.8,409.56,1552,2010-06-30 12:03:00,2011-12-06 09:06:00,525,Recently Active
17667,United Kingdom,Potential,4,67,9,3950.7,438.96666666666664,2192,2010-02-23 09:57:00,2011-10-04 14:32:00,589,Recently Active
17668,United Kingdom,Prospective,0,2,2,347.75,173.875,93,2011-11-01 14:45:00,2011-12-08 13:25:00,38,Recently Active
17669,United Kingdom,Potential,4,43,10,6142.35,614.235,3505,2010-04-01 18:48:00,2011-10-28 08:53:00,576,Recently Active
17670,United Kingdom,General,1,228,1,205.7,205.7,110,2011-04-26 09:12:00,2011-04-26 09:12:00,1,Inactive >90 Days
17671,United Kingdom,Potential,4,16,5,2009.16,401.832,987,2010-11-29 11:53:00,2011-11-24 12:21:00,361,Recently Active
17672,United Kingdom,Potential,4,51,6,5663.74,943.9566666666666,2757,2010-03-08 13:17:00,2011-10-20 14:18:00,592,Recently Active
17673,United Kingdom,Main,2,2,13,4173.88,321.0676923076923,3284,2010-03-19 14:02:00,2011-12-08 12:50:00,630,Recently Active
17674,United Kingdom,Prospective,0,75,2,551.04,275.52,672,2010-12-06 10:20:00,2011-09-26 13:35:00,295,Recently Active
17675,United Kingdom,Main,2,2,70,37642.48,537.7497142857143,16180,2009-12-10 16:10:00,2011-12-08 18:03:00,729,Recently Active
17676,United Kingdom,Potential,4,5,10,2448.64,244.86399999999998,1764,2010-03-30 10:49:00,2011-12-05 15:16:00,616,Recently Active
17677,United Kingdom,Main,2,2,54,35058.46,649.2307407407408,20921,2009-12-16 11:23:00,2011-12-08 09:56:00,723,Recently Active
17678,United Kingdom,Minimum,3,264,2,599.76,299.88,368,2010-04-15 13:54:00,2011-03-21 11:52:00,341,Inactive >90 Days
17679,United Kingdom,Potential,4,53,7,3577.61,511.08714285714285,1755,2009-12-03 17:32:00,2011-10-18 07:43:00,685,Recently Active
17680,United Kingdom,Prospective,0,24,3,497.45000000000005,165.8166666666667,155,2010-07-16 16:07:00,2011-11-16 12:42:00,489,Recently Active
17681,United Kingdom,Minimum,3,598,5,731.2,146.24,450,2010-01-15 11:53:00,2010-04-21 17:22:00,97,Inactive >90 Days
17682,United Kingdom,Potential,4,11,11,4065.28,369.5709090909091,2281,2010-03-08 09:49:00,2011-11-29 15:59:00,632,Recently Active
17683,United Kingdom,Minimum,3,386,3,819.01,273.00333333333333,781,2010-06-03 17:15:00,2010-11-19 10:11:00,170,Inactive >90 Days
17684,United Kingdom,Prospective,0,44,1,239.41,239.41,145,2011-10-27 11:10:00,2011-10-27 11:10:00,1,Recently Active
17685,United Kingdom,Potential,4,17,12,5454.95,454.57916666666665,3474,2010-02-11 13:44:00,2011-11-23 11:36:00,651,Recently Active
17686,United Kingdom,Potential,4,8,9,8296.81,921.8677777777777,3583,2010-06-24 09:49:00,2011-12-02 15:39:00,527,Recently Active
17687,United Kingdom,General,1,421,1,432.68,432.68,210,2010-10-15 12:30:00,2010-10-15 12:30:00,1,Inactive >90 Days
17688,United Kingdom,General,1,394,1,304.2,304.2,114,2010-11-11 10:41:00,2010-11-11 10:41:00,1,Inactive >90 Days
17689,United Kingdom,General,1,389,2,317.08,158.54,300,2010-08-22 13:54:00,2010-11-16 13:22:00,87,Inactive >90 Days
17690,United Kingdom,Main,2,31,20,6963.8,348.19,2939,2010-02-03 14:26:00,2011-11-09 15:17:00,645,Recently Active
17691,United Kingdom,Minimum,3,359,4,637.55,159.3875,315,2010-06-11 11:50:00,2010-12-16 17:20:00,189,Inactive >90 Days
17692,United Kingdom,Potential,4,128,12,2960.44,246.70333333333335,2290,2010-06-17 11:14:00,2011-08-04 14:01:00,414,Inactive >90 Days
17693,United Kingdom,General,1,138,1,200.47,200.47,231,2011-07-25 15:48:00,2011-07-25 15:48:00,1,Inactive >90 Days
17694,United Kingdom,Minimum,3,142,3,1695.97,565.3233333333334,1493,2010-05-26 08:27:00,2011-07-21 12:00:00,422,Inactive >90 Days
17695,United Kingdom,Minimum,3,132,5,1746.04,349.20799999999997,1809,2010-01-28 09:27:00,2011-07-31 10:40:00,550,Inactive >90 Days
17696,United Kingdom,Main,2,39,27,7679.59,284.42925925925925,5891,2009-12-10 17:09:00,2011-11-01 13:43:00,692,Recently Active
17697,United Kingdom,General,1,237,1,338.95,338.95,93,2011-04-17 15:40:00,2011-04-17 15:40:00,1,Inactive >90 Days
17698,United Kingdom,General,1,261,1,154.95,154.95,93,2011-03-24 11:34:00,2011-03-24 11:34:00,1,Inactive >90 Days
17699,United Kingdom,General,1,477,2,442.0,221.0,208,2010-05-27 11:53:00,2010-08-20 09:39:00,86,Inactive >90 Days
17700,United Kingdom,Main,2,17,14,6679.97,477.1407142857143,3469,2009-12-01 11:37:00,2011-11-23 11:51:00,723,Recently Active
17701,United Kingdom,General,1,253,1,417.95,417.95,109,2011-04-01 12:25:00,2011-04-01 12:25:00,1,Inactive >90 Days
17702,United Kingdom,Potential,4,31,6,3144.04,524.0066666666667,2153,2010-11-04 12:09:00,2011-11-09 16:03:00,371,Recently Active
17703,United Kingdom,Prospective,0,36,4,1094.84,273.71,897,2010-10-17 16:16:00,2011-11-04 15:51:00,384,Recently Active
17704,United Kingdom,Minimum,3,169,2,885.19,442.595,343,2011-04-14 09:28:00,2011-06-24 09:40:00,72,Inactive >90 Days
17705,United Kingdom,Potential,4,4,11,2083.9,189.44545454545457,1301,2010-05-12 09:47:00,2011-12-06 13:45:00,574,Recently Active
17706,United Kingdom,Main,2,5,31,20272.15,653.9403225806452,7824,2010-01-19 12:13:00,2011-12-05 13:34:00,686,Recently Active
17707,United Kingdom,Minimum,3,186,8,609.3,76.1625,546,2009-12-07 12:19:00,2011-06-07 15:03:00,548,Inactive >90 Days
17708,United Kingdom,Minimum,3,188,4,884.1800000000001,221.04500000000002,387,2010-10-12 12:13:00,2011-06-05 10:12:00,237,Inactive >90 Days
17709,United Kingdom,Minimum,3,170,5,671.01,134.202,295,2010-04-15 14:48:00,2011-06-23 11:55:00,435,Inactive >90 Days
17710,United Kingdom,General,1,424,1,293.5,293.5,158,2010-10-12 07:49:00,2010-10-12 07:49:00,1,Inactive >90 Days
17711,United Kingdom,Prospective,0,11,2,385.1,192.55,246,2011-02-23 11:32:00,2011-11-29 11:40:00,280,Recently Active
17712,United Kingdom,Prospective,0,45,1,522.91,522.91,215,2011-10-26 12:28:00,2011-10-26 12:28:00,1,Recently Active
17713,United Kingdom,Minimum,3,383,4,1198.09,299.5225,989,2010-06-09 09:33:00,2010-11-22 16:50:00,167,Inactive >90 Days
17714,United Kingdom,Minimum,3,321,5,1410.18,282.036,608,2010-07-14 10:41:00,2011-01-23 10:32:00,194,Inactive >90 Days
17715,United Kingdom,General,1,201,2,489.59999999999997,244.79999999999998,576,2010-04-26 12:17:00,2011-05-23 12:32:00,393,Inactive >90 Days
17716,United Kingdom,Main,2,23,24,15956.970000000001,664.8737500000001,8819,2009-12-02 17:18:00,2011-11-17 12:00:00,716,Recently Active
17717,United Kingdom,General,1,422,1,376.92,376.92,344,2010-10-14 12:54:00,2010-10-14 12:54:00,1,Inactive >90 Days
17718,United Kingdom,General,1,233,2,439.18,219.59,274,2010-03-05 08:01:00,2011-04-21 13:39:00,413,Inactive >90 Days
17719,United Kingdom,Potential,4,38,15,5396.04,359.736,2466,2011-03-29 11:29:00,2011-11-02 10:36:00,219,Recently Active
17720,United Kingdom,Potential,4,27,10,2666.91,266.691,1589,2010-05-10 09:58:00,2011-11-13 15:04:00,553,Recently Active
17721,United Kingdom,General,1,660,1,307.21000000000004,307.21000000000004,107,2010-02-18 15:18:00,2010-02-18 15:18:00,1,Inactive >90 Days
17722,United Kingdom,Potential,4,97,5,3520.2200000000003,704.0440000000001,2412,2010-11-29 09:44:00,2011-09-04 15:22:00,280,Inactive >90 Days
17723,United Kingdom,Potential,4,128,7,3378.4000000000005,482.6285714285715,912,2010-11-29 10:35:00,2011-08-04 18:37:00,249,Inactive >90 Days
17724,United Kingdom,Minimum,3,72,3,1033.0,344.3333333333333,300,2011-07-24 13:26:00,2011-09-29 15:26:00,68,Recently Active
17725,United Kingdom,Potential,4,17,11,3439.08,312.64363636363635,2162,2011-03-17 19:47:00,2011-11-23 16:34:00,252,Recently Active
17726,United Kingdom,Minimum,3,396,7,1092.06,156.00857142857143,444,2010-01-26 14:58:00,2010-11-09 13:37:00,288,Inactive >90 Days
17727,United Kingdom,Prospective,0,16,1,1060.25,1060.25,645,2011-11-24 17:06:00,2011-11-24 17:06:00,1,Recently Active
17728,United Kingdom,Potential,4,4,5,4238.76,847.7520000000001,2146,2010-09-12 14:58:00,2011-12-06 08:52:00,451,Recently Active
17729,United Kingdom,General,1,597,1,438.65000000000003,438.65000000000003,247,2010-04-22 15:03:00,2010-04-22 15:03:00,1,Inactive >90 Days
17730,United Kingdom,Main,2,4,20,7773.8,388.69,5300,2010-04-29 11:48:00,2011-12-06 15:43:00,587,Recently Active
17731,United Kingdom,Potential,4,80,6,1708.99,284.83166666666665,707,2010-02-09 12:37:00,2011-09-21 15:02:00,590,Recently Active
17732,United Kingdom,Minimum,3,373,8,2166.42,270.8025,1058,2010-08-09 08:41:00,2010-12-02 09:29:00,116,Inactive >90 Days
17733,United Kingdom,Prospective,0,39,2,692.19,346.095,463,2011-03-23 09:54:00,2011-11-01 08:16:00,224,Recently Active
17734,United Kingdom,Potential,4,54,6,1442.32,240.38666666666666,741,2010-03-07 13:55:00,2011-10-17 12:33:00,590,Recently Active
17735,United Kingdom,Main,2,3,26,16790.33,645.7819230769231,10683,2010-07-30 13:25:00,2011-12-07 16:47:00,496,Recently Active
17736,United Kingdom,Prospective,0,10,3,377.44,125.81333333333333,238,2011-08-18 14:33:00,2011-11-30 15:36:00,105,Recently Active
17737,United Kingdom,Prospective,0,10,2,168.24,84.12,108,2011-10-12 14:42:00,2011-11-30 15:16:00,50,Recently Active
17738,United Kingdom,Potential,4,20,13,4183.56,321.81230769230774,2776,2010-03-19 10:07:00,2011-11-20 15:05:00,612,Recently Active
17739,United Kingdom,Main,2,12,18,7730.59,429.4772222222222,2335,2009-12-07 10:48:00,2011-11-28 09:12:00,722,Recently Active
17740,United Kingdom,Minimum,3,390,6,426.90000000000003,71.15,222,2010-01-11 13:11:00,2010-11-15 16:33:00,309,Inactive >90 Days
17741,United Kingdom,General,1,407,2,101.1,50.55,114,2010-05-28 12:11:00,2010-10-29 11:59:00,155,Inactive >90 Days
17742,United Kingdom,Potential,4,114,11,2098.48,190.7709090909091,653,2009-12-01 13:16:00,2011-08-18 15:28:00,626,Inactive >90 Days
17743,United Kingdom,General,1,449,1,229.2,229.2,96,2010-09-17 14:54:00,2010-09-17 14:54:00,1,Inactive >90 Days
17744,United Kingdom,Potential,4,4,7,2649.14,378.4485714285714,3826,2010-11-24 09:34:00,2011-12-06 12:11:00,378,Recently Active
17745,United Kingdom,General,1,478,2,600.34,300.17,164,2010-06-02 09:03:00,2010-08-19 12:30:00,79,Inactive >90 Days
17746,United Kingdom,Minimum,3,241,4,904.1800000000001,226.04500000000002,688,2010-04-08 12:54:00,2011-04-13 14:31:00,371,Inactive >90 Days
17747,United Kingdom,General,1,113,1,71.4,71.4,12,2011-08-19 08:13:00,2011-08-19 08:13:00,1,Inactive >90 Days
17748,United Kingdom,General,1,528,1,358.15,358.15,111,2010-06-30 13:49:00,2010-06-30 13:49:00,1,Inactive >90 Days
17749,United Kingdom,Minimum,3,179,3,1026.18,342.06,446,2010-06-11 14:56:00,2011-06-14 15:45:00,369,Inactive >90 Days
17750,United Kingdom,Potential,4,6,9,1694.16,188.24,3696,2011-06-28 15:44:00,2011-12-04 14:09:00,160,Recently Active
17751,United Kingdom,General,1,422,1,157.85999999999999,157.85999999999999,147,2010-10-14 13:57:00,2010-10-14 13:57:00,1,Inactive >90 Days
17752,United Kingdom,General,1,360,1,80.64,80.64,192,2010-12-15 16:19:00,2010-12-15 16:19:00,1,Inactive >90 Days
17753,United Kingdom,Minimum,3,465,4,382.06,95.515,124,2010-01-06 14:20:00,2010-09-01 15:49:00,239,Inactive >90 Days
17754,United Kingdom,Main,2,1,13,4451.22,342.4015384615385,4366,2009-12-11 15:52:00,2011-12-09 11:20:00,729,Recently Active
17756,United Kingdom,Minimum,3,376,3,728.75,242.91666666666666,399,2010-11-10 12:54:00,2010-11-29 12:20:00,20,Inactive >90 Days
17757,United Kingdom,Main,2,2,56,9070.1,161.96607142857144,5010,2010-01-13 15:56:00,2011-12-08 15:31:00,695,Recently Active
17758,United Kingdom,Potential,4,20,12,4964.03,413.6691666666666,3199,2010-05-20 13:18:00,2011-11-20 14:45:00,550,Recently Active
17759,United Kingdom,Potential,4,18,5,1260.63,252.12600000000003,964,2010-05-05 11:40:00,2011-11-22 16:02:00,567,Recently Active
17760,United Kingdom,Potential,4,22,6,746.39,124.39833333333333,531,2010-02-28 12:15:00,2011-11-18 10:56:00,629,Recently Active
17761,United Kingdom,Prospective,0,33,1,712.78,712.78,398,2011-11-07 10:23:00,2011-11-07 10:23:00,1,Recently Active
17762,United Kingdom,General,1,457,1,129.75,129.75,129,2010-09-09 17:40:00,2010-09-09 17:40:00,1,Inactive >90 Days
17763,United Kingdom,General,1,264,4,86.15,21.5375,41,2010-02-18 14:32:00,2011-03-21 14:25:00,397,Inactive >90 Days
17764,United Kingdom,Potential,4,51,5,1513.57,302.714,674,2009-12-03 14:28:00,2011-10-20 11:03:00,687,Recently Active
17765,United Kingdom,Minimum,3,159,4,524.0,131.0,195,2010-09-17 12:45:00,2011-07-04 12:41:00,291,Inactive >90 Days
17766,United Kingdom,General,1,382,2,299.61,149.805,155,2010-11-23 14:17:00,2010-11-23 14:29:00,1,Inactive >90 Days
17767,United Kingdom,Prospective,0,16,2,413.05,206.525,198,2010-10-25 16:22:00,2011-11-24 14:42:00,396,Recently Active
17768,United Kingdom,Potential,4,9,7,3292.73,470.39,2339,2009-12-02 12:26:00,2011-12-01 13:22:00,730,Recently Active
17769,United Kingdom,Main,2,13,17,7053.38,414.90470588235297,3157,2010-01-19 11:33:00,2011-11-27 11:18:00,678,Recently Active
17770,United Kingdom,Minimum,3,199,5,1143.27,228.654,365,2011-03-02 13:35:00,2011-05-25 12:34:00,85,Inactive >90 Days
17771,United Kingdom,Prospective,0,57,4,386.93,96.7325,369,2010-04-29 13:21:00,2011-10-14 11:43:00,534,Recently Active
17772,United Kingdom,Prospective,0,11,3,360.75,120.25,113,2010-11-12 11:31:00,2011-11-29 11:05:00,383,Recently Active
17773,United Kingdom,General,1,515,2,575.37,287.685,254,2010-01-18 14:32:00,2010-07-13 14:07:00,177,Inactive >90 Days
17774,United Kingdom,Potential,4,97,9,3272.83,363.6477777777778,1583,2010-02-08 16:06:00,2011-09-04 12:49:00,574,Inactive >90 Days
17775,United Kingdom,General,1,255,1,56.4,56.4,72,2011-03-30 10:50:00,2011-03-30 10:50:00,1,Inactive >90 Days
17776,United Kingdom,General,1,387,2,329.3,164.65,270,2009-12-16 14:59:00,2010-11-18 12:14:00,338,Inactive >90 Days
17777,United Kingdom,Prospective,0,25,3,647.56,215.85333333333332,501,2011-08-31 14:35:00,2011-11-15 12:02:00,77,Recently Active
17778,United Kingdom,General,1,662,1,197.70000000000002,197.70000000000002,214,2010-02-16 12:44:00,2010-02-16 12:44:00,1,Inactive >90 Days
17779,United Kingdom,Prospective,0,22,3,650.32,216.77333333333334,396,2011-07-19 12:19:00,2011-11-18 14:15:00,123,Recently Active
17780,United Kingdom,General,1,668,3,346.56,115.52,156,2010-01-24 11:21:00,2010-02-10 13:43:00,18,Inactive >90 Days
17781,United Kingdom,General,1,160,2,188.02,94.01,34,2011-03-31 19:54:00,2011-07-03 16:00:00,95,Inactive >90 Days
17782,United Kingdom,Minimum,3,383,2,679.02,339.51,538,2010-11-22 10:03:00,2010-11-22 11:15:00,1,Inactive >90 Days
17783,United Kingdom,Prospective,0,73,3,376.96,125.65333333333332,438,2010-07-15 12:50:00,2011-09-28 16:07:00,441,Recently Active
17784,United Kingdom,General,1,551,1,112.86,112.86,72,2010-06-07 16:08:00,2010-06-07 16:08:00,1,Inactive >90 Days
17785,United Kingdom,Prospective,0,54,3,403.38,134.46,227,2010-05-23 13:01:00,2011-10-17 13:43:00,513,Recently Active
17786,United Kingdom,Prospective,0,86,2,266.85,133.425,195,2011-01-26 14:35:00,2011-09-15 12:51:00,233,Recently Active
17787,United Kingdom,Minimum,3,153,4,1817.54,454.385,896,2010-12-03 13:43:00,2011-07-10 11:24:00,220,Inactive >90 Days
17788,United Kingdom,Prospective,0,74,2,1112.95,556.475,210,2011-08-02 10:38:00,2011-09-27 10:09:00,57,Recently Active
17789,United Kingdom,General,1,282,2,397.15,198.575,199,2010-02-16 13:16:00,2011-03-03 13:14:00,381,Inactive >90 Days
17790,United Kingdom,Potential,4,27,20,2779.41,138.9705,1387,2010-06-13 13:30:00,2011-11-13 11:30:00,519,Recently Active
17791,United Kingdom,Prospective,0,30,1,106.1,106.1,46,2011-11-10 12:09:00,2011-11-10 12:09:00,1,Recently Active
17792,United Kingdom,General,1,468,2,368.35,184.175,149,2010-08-18 13:08:00,2010-08-29 14:30:00,12,Inactive >90 Days
17793,United Kingdom,Prospective,0,26,1,300.34,300.34,226,2011-11-14 14:24:00,2011-11-14 14:24:00,1,Recently Active
17794,United Kingdom,General,1,687,2,147.3,73.65,46,2010-01-20 12:17:00,2010-01-22 10:18:00,3,Inactive >90 Days
17795,United Kingdom,General,1,180,2,342.83,171.415,305,2011-03-20 12:02:00,2011-06-13 12:36:00,86,Inactive >90 Days
17796,United Kingdom,Potential,4,41,7,1236.39,176.62714285714287,347,2010-10-14 13:37:00,2011-10-30 15:38:00,382,Recently Active
17797,United Kingdom,Potential,4,23,8,1971.8700000000001,246.48375000000001,1086,2009-12-15 14:30:00,2011-11-17 13:21:00,703,Recently Active
17798,United Kingdom,General,1,582,1,172.17,172.17,136,2010-05-07 11:42:00,2010-05-07 11:42:00,1,Inactive >90 Days
17799,United Kingdom,Main,2,23,20,6246.93,312.3465,3674,2009-12-13 16:03:00,2011-11-17 15:16:00,705,Recently Active
17800,United Kingdom,Potential,4,38,9,1186.21,131.8011111111111,731,2011-01-09 13:50:00,2011-11-02 12:57:00,298,Recently Active
17801,United Kingdom,Minimum,3,452,3,770.03,256.6766666666667,820,2010-01-17 11:31:00,2010-09-14 14:32:00,241,Inactive >90 Days
17802,United Kingdom,Potential,4,83,10,4946.22,494.622,2705,2009-12-13 13:39:00,2011-09-18 14:56:00,645,Recently Active
17803,United Kingdom,General,1,393,1,184.66,184.66,98,2010-11-12 13:53:00,2010-11-12 13:53:00,1,Inactive >90 Days
17804,United Kingdom,General,1,377,3,383.78000000000003,127.92666666666668,194,2009-12-01 12:22:00,2010-11-28 14:01:00,363,Inactive >90 Days
17805,United Kingdom,Prospective,0,74,2,927.03,463.515,1126,2010-04-08 14:36:00,2011-09-27 11:49:00,538,Recently Active
17806,United Kingdom,Prospective,0,12,1,546.04,546.04,727,2011-11-28 14:12:00,2011-11-28 14:12:00,1,Recently Active
17807,United Kingdom,Minimum,3,396,3,437.87,145.95666666666668,262,2010-01-04 14:00:00,2010-11-09 16:21:00,310,Inactive >90 Days
17808,United Kingdom,General,1,549,4,262.64,65.66,143,2010-05-07 16:26:00,2010-06-09 10:44:00,34,Inactive >90 Days
17809,United Kingdom,Main,2,17,20,10085.89,504.29449999999997,2995,2009-12-02 14:52:00,2011-11-23 12:59:00,722,Recently Active
17810,United Kingdom,General,1,669,2,343.21,171.605,117,2010-01-25 10:26:00,2010-02-09 10:47:00,16,Inactive >90 Days
17811,United Kingdom,Main,2,5,47,9513.1,202.4063829787234,5277,2010-09-20 11:24:00,2011-12-05 13:46:00,442,Recently Active
17812,United Kingdom,Potential,4,13,7,911.99,130.28428571428572,444,2010-06-27 13:34:00,2011-11-27 11:47:00,519,Recently Active
17813,United Kingdom,Potential,4,15,5,1698.07,339.614,752,2011-09-29 15:57:00,2011-11-25 16:13:00,58,Recently Active
17814,United Kingdom,Minimum,3,376,2,1609.37,804.685,1435,2010-10-13 14:03:00,2010-11-29 14:21:00,48,Inactive >90 Days
17815,United Kingdom,General,1,394,1,591.96,591.96,612,2010-11-11 14:39:00,2010-11-11 14:39:00,1,Inactive >90 Days
17816,United Kingdom,Prospective,0,37,6,96.11,16.018333333333334,80,2009-12-15 15:27:00,2011-11-03 11:34:00,689,Recently Active
17817,United Kingdom,Potential,4,5,6,788.15,131.35833333333332,353,2010-10-13 15:07:00,2011-12-05 14:39:00,419,Recently Active
17818,United Kingdom,General,1,738,1,124.78,124.78,86,2009-12-02 11:34:00,2009-12-02 11:34:00,1,Inactive >90 Days
17819,United Kingdom,Potential,4,72,12,6021.05,501.75416666666666,1610,2009-12-13 15:24:00,2011-09-29 10:52:00,656,Recently Active
17820,United Kingdom,General,1,375,1,180.60999999999999,180.60999999999999,111,2010-11-30 17:43:00,2010-11-30 17:43:00,1,Inactive >90 Days
17821,United Kingdom,General,1,407,1,334.62,334.62,162,2010-10-29 13:20:00,2010-10-29 13:20:00,1,Inactive >90 Days
17822,United Kingdom,Minimum,3,421,5,2154.08,430.816,1372,2010-05-28 12:15:00,2010-10-15 13:47:00,141,Inactive >90 Days
17823,United Kingdom,General,1,422,2,449.25,224.625,252,2010-10-14 16:14:00,2010-10-14 16:24:00,1,Inactive >90 Days
17824,United Kingdom,Prospective,0,52,1,298.4,298.4,408,2011-10-19 14:14:00,2011-10-19 14:14:00,1,Recently Active
17825,United Kingdom,Minimum,3,599,4,701.96,175.49,516,2009-12-14 12:09:00,2010-04-20 12:01:00,128,Inactive >90 Days
17826,United Kingdom,General,1,375,1,133.34,133.34,84,2010-11-30 13:23:00,2010-11-30 13:23:00,1,Inactive >90 Days
17827,United Kingdom,Potential,4,6,6,2376.17,396.02833333333336,1582,2010-03-28 12:20:00,2011-12-04 15:00:00,617,Recently Active
17828,Malta,Prospective,0,23,4,1165.09,291.2725,655,2011-06-08 08:31:00,2011-11-17 08:41:00,163,Recently Active
17829,United Arab Emirates,Minimum,3,299,5,4756.74,951.348,3009,2010-02-22 15:39:00,2011-02-14 12:46:00,358,Inactive >90 Days
17830,United Kingdom,Prospective,0,2,3,398.7,132.9,92,2011-02-24 10:15:00,2011-12-08 12:28:00,288,Recently Active
17831,United Kingdom,Prospective,0,34,1,35.400000000000006,35.400000000000006,12,2011-11-06 15:09:00,2011-11-06 15:09:00,1,Recently Active
17832,United Kingdom,Prospective,0,50,1,155.37,155.37,208,2011-10-21 11:43:00,2011-10-21 11:43:00,1,Recently Active
17833,United Kingdom,General,1,724,1,338.46000000000004,338.46000000000004,143,2009-12-16 13:40:00,2009-12-16 13:40:00,1,Inactive >90 Days
17834,United Kingdom,Minimum,3,415,2,689.6700000000001,344.83500000000004,639,2010-09-20 15:32:00,2010-10-21 12:09:00,32,Inactive >90 Days
17835,United Kingdom,Prospective,0,3,3,342.24,114.08,344,2011-11-16 16:30:00,2011-12-07 11:48:00,22,Recently Active
17836,United Kingdom,Prospective,0,48,1,109.83,109.83,87,2011-10-23 16:13:00,2011-10-23 16:13:00,1,Recently Active
17837,United Kingdom,Potential,4,43,8,1535.33,191.91625,508,2011-06-29 16:44:00,2011-10-28 16:13:00,122,Recently Active
17838,United Kingdom,Potential,4,27,13,5604.64,431.1261538461539,3491,2010-03-19 09:53:00,2011-11-13 11:20:00,605,Recently Active
17839,United Kingdom,Prospective,0,43,1,318.15,318.15,257,2011-10-28 17:27:00,2011-10-28 17:27:00,1,Recently Active
17840,United Kingdom,General,1,444,1,175.9,175.9,128,2010-09-22 12:24:00,2010-09-22 12:24:00,1,Inactive >90 Days
17841,United Kingdom,Main,2,2,211,68519.95,324.73909952606635,36565,2009-12-02 15:41:00,2011-12-08 12:07:00,737,Recently Active
17842,United Kingdom,General,1,603,1,430.69,430.69,89,2010-04-16 14:23:00,2010-04-16 14:23:00,1,Inactive >90 Days
17843,United Kingdom,General,1,304,2,312.65,156.325,226,2010-10-24 10:56:00,2011-02-09 15:33:00,109,Inactive >90 Days
17844,Canada,General,1,107,1,51.559999999999995,51.559999999999995,52,2011-08-25 11:27:00,2011-08-25 11:27:00,1,Inactive >90 Days
17845,United Kingdom,Minimum,3,556,4,596.09,149.0225,195,2010-05-12 13:04:00,2010-06-02 15:20:00,22,Inactive >90 Days
17847,United Kingdom,General,1,516,2,125.74000000000001,62.870000000000005,28,2010-03-04 12:57:00,2010-07-12 10:00:00,131,Inactive >90 Days
17848,United Kingdom,Main,2,82,30,3538.46,117.94866666666667,1372,2009-12-06 13:19:00,2011-09-19 16:49:00,653,Recently Active
17849,United Kingdom,Minimum,3,219,8,1063.76,132.97,224,2010-03-14 15:17:00,2011-05-05 13:46:00,418,Inactive >90 Days
17850,United Kingdom,Main,2,373,155,51208.87,330.3798064516129,21052,2009-12-05 12:28:00,2010-12-02 15:27:00,363,Inactive >90 Days
17851,United Kingdom,Minimum,3,423,6,1552.35,258.72499999999997,933,2009-12-03 17:46:00,2010-10-13 15:13:00,315,Inactive >90 Days
17852,United Kingdom,Prospective,0,12,5,657.8100000000001,131.562,372,2009-12-08 12:51:00,2011-11-28 12:36:00,721,Recently Active
17853,United Kingdom,Minimum,3,408,3,1596.29,532.0966666666667,625,2009-12-03 15:09:00,2010-10-28 15:29:00,330,Inactive >90 Days
17854,United Kingdom,Minimum,3,186,6,1068.5,178.08333333333334,607,2009-12-08 11:13:00,2011-06-07 16:21:00,547,Inactive >90 Days
17855,United Kingdom,General,1,373,1,208.97,208.97,197,2010-12-02 09:44:00,2010-12-02 09:44:00,1,Inactive >90 Days
17856,United Kingdom,Potential,4,2,4,1418.03,354.5075,842,2011-03-03 11:40:00,2011-12-08 09:40:00,281,Recently Active
17857,United Kingdom,Main,2,5,23,25769.54,1120.4147826086958,15472,2010-03-08 12:09:00,2011-12-05 13:13:00,638,Recently Active
17858,United Kingdom,Main,2,6,30,12518.65,417.2883333333333,5383,2009-12-06 15:41:00,2011-12-04 11:56:00,729,Recently Active
17859,United Kingdom,General,1,305,1,141.92,141.92,102,2011-02-08 10:32:00,2011-02-08 10:32:00,1,Inactive >90 Days
17860,United Kingdom,Minimum,3,369,4,717.39,179.3475,696,2009-12-11 16:48:00,2010-12-06 12:41:00,361,Inactive >90 Days
17861,United Kingdom,Main,2,4,18,5088.29,282.6827777777778,4541,2009-12-10 11:27:00,2011-12-06 16:21:00,727,Recently Active
17862,United Kingdom,Minimum,3,324,4,1254.89,313.7225,440,2010-05-25 17:22:00,2011-01-20 12:23:00,241,Inactive >90 Days
17863,United Kingdom,Potential,4,60,12,5360.4800000000005,446.7066666666667,4676,2010-02-25 12:01:00,2011-10-11 13:45:00,594,Recently Active
17864,United Kingdom,Prospective,0,13,5,876.57,175.31400000000002,1015,2010-10-08 11:49:00,2011-11-27 11:15:00,416,Recently Active
17865,United Kingdom,Main,2,31,46,26310.09,571.9584782608696,12949,2009-12-01 10:49:00,2011-11-09 12:08:00,709,Recently Active
17866,United Kingdom,Minimum,3,143,3,1134.95,378.31666666666666,535,2009-12-14 16:01:00,2011-07-20 11:07:00,584,Inactive >90 Days
17867,United Kingdom,Potential,4,31,14,1560.72,111.48,636,2009-12-02 13:39:00,2011-11-09 14:15:00,708,Recently Active
17868,United Kingdom,General,1,387,1,227.15,227.15,85,2010-11-18 18:55:00,2010-11-18 18:55:00,1,Inactive >90 Days
17869,United Kingdom,Minimum,3,108,7,813.64,116.23428571428572,491,2010-06-10 13:47:00,2011-08-24 16:16:00,441,Inactive >90 Days
17870,United Kingdom,Potential,4,3,13,2753.29,211.79153846153847,1699,2010-11-23 11:39:00,2011-12-07 15:07:00,380,Recently Active
17871,United Kingdom,Minimum,3,205,5,1068.95,213.79000000000002,665,2010-01-15 14:48:00,2011-05-19 11:32:00,490,Inactive >90 Days
17872,United Kingdom,General,1,382,1,235.87,235.87,176,2010-11-23 12:02:00,2010-11-23 12:02:00,1,Inactive >90 Days
17873,United Kingdom,Potential,4,81,18,6135.950000000001,340.8861111111112,4158,2009-12-16 15:11:00,2011-09-20 16:41:00,644,Recently Active
17874,United Kingdom,Minimum,3,186,6,683.46,113.91000000000001,221,2011-03-29 11:25:00,2011-06-07 12:54:00,71,Inactive >90 Days
17875,United Kingdom,General,1,689,1,167.1,167.1,98,2010-01-20 15:30:00,2010-01-20 15:30:00,1,Inactive >90 Days
17876,United Kingdom,Minimum,3,400,3,3424.02,1141.34,1958,2010-02-02 13:00:00,2010-11-05 10:52:00,277,Inactive >90 Days
17877,United Kingdom,General,1,171,1,237.61,237.61,98,2011-06-22 13:00:00,2011-06-22 13:00:00,1,Inactive >90 Days
17878,United Kingdom,Prospective,0,44,3,1378.93,459.6433333333334,1014,2010-11-09 13:50:00,2011-10-27 11:24:00,353,Recently Active
17879,United Kingdom,General,1,174,1,178.52,178.52,45,2011-06-19 12:36:00,2011-06-19 12:36:00,1,Inactive >90 Days
17880,United Kingdom,Minimum,3,365,3,824.9200000000001,274.97333333333336,466,2009-12-09 16:13:00,2010-12-10 10:21:00,367,Inactive >90 Days
17881,United Kingdom,General,1,305,1,133.35,133.35,32,2011-02-08 17:16:00,2011-02-08 17:16:00,1,Inactive >90 Days
17882,United Kingdom,General,1,380,2,291.56,145.78,130,2010-11-25 14:35:00,2010-11-25 14:40:00,1,Inactive >90 Days
17883,United Kingdom,Potential,4,4,7,988.42,141.20285714285714,476,2010-02-25 20:07:00,2011-12-06 17:49:00,650,Recently Active
17884,United Kingdom,Main,2,4,20,2693.47,134.6735,2748,2009-12-04 16:23:00,2011-12-06 11:33:00,733,Recently Active
17885,United Kingdom,Prospective,0,13,1,156.34,156.34,110,2011-11-27 14:40:00,2011-11-27 14:40:00,1,Recently Active
17886,United Kingdom,Potential,4,32,6,1572.55,262.09166666666664,711,2010-04-29 11:10:00,2011-11-08 10:09:00,559,Recently Active
17887,United Kingdom,General,1,130,1,111.35,111.35,30,2011-08-02 17:29:00,2011-08-02 17:29:00,1,Inactive >90 Days
17888,United Kingdom,Potential,4,22,25,1807.44,72.2976,1536,2009-12-21 16:34:00,2011-11-18 13:45:00,698,Recently Active
17889,United Kingdom,Minimum,3,213,7,746.42,106.63142857142857,403,2010-03-31 10:54:00,2011-05-11 16:26:00,407,Inactive >90 Days
17890,United Kingdom,Minimum,3,323,2,586.89,293.445,402,2010-12-13 15:12:00,2011-01-21 11:19:00,40,Inactive >90 Days
17891,United Kingdom,General,1,163,1,203.85999999999999,203.85999999999999,393,2011-06-30 20:08:00,2011-06-30 20:08:00,1,Inactive >90 Days
17892,United Kingdom,Prospective,0,57,3,244.1,81.36666666666666,109,2011-07-07 12:56:00,2011-10-14 16:49:00,100,Recently Active
17893,United Kingdom,General,1,226,1,107.21,107.21,149,2011-04-28 13:50:00,2011-04-28 13:50:00,1,Inactive >90 Days
17894,United Kingdom,Potential,4,72,18,2304.16,128.0088888888889,936,2010-08-27 14:13:00,2011-09-29 09:23:00,399,Recently Active
17895,United Kingdom,Prospective,0,45,1,95.45,95.45,127,2011-10-26 17:00:00,2011-10-26 17:00:00,1,Recently Active
17896,United Kingdom,Prospective,0,24,1,256.32,256.32,288,2011-11-16 13:59:00,2011-11-16 13:59:00,1,Recently Active
17897,United Kingdom,Minimum,3,173,9,2053.04,228.11555555555555,856,2010-05-12 16:03:00,2011-06-20 11:23:00,405,Inactive >90 Days
17898,United Kingdom,Prospective,0,86,4,299.18,74.795,251,2010-05-21 17:22:00,2011-09-15 14:56:00,483,Recently Active
17899,United Kingdom,General,1,160,1,154.55,154.55,170,2011-07-03 14:58:00,2011-07-03 14:58:00,1,Inactive >90 Days
17900,United Kingdom,General,1,191,2,112.19999999999999,56.099999999999994,73,2011-06-02 14:28:00,2011-06-02 14:38:00,1,Inactive >90 Days
17901,United Kingdom,Prospective,0,30,3,260.08,86.69333333333333,38,2010-07-06 10:54:00,2011-11-10 17:29:00,493,Recently Active
17902,United Kingdom,General,1,547,1,216.4,216.4,526,2010-06-11 12:25:00,2010-06-11 12:25:00,1,Inactive >90 Days
17903,United Kingdom,General,1,395,1,381.09000000000003,381.09000000000003,142,2010-11-10 15:39:00,2010-11-10 15:39:00,1,Inactive >90 Days
17904,United Kingdom,Prospective,0,22,1,181.07,181.07,59,2011-11-18 12:57:00,2011-11-18 12:57:00,1,Recently Active
17905,United Kingdom,Potential,4,72,13,2168.37,166.7976923076923,1274,2010-01-28 17:54:00,2011-09-29 17:33:00,610,Recently Active
17906,United Kingdom,General,1,248,1,72.9,72.9,26,2011-04-06 17:25:00,2011-04-06 17:25:00,1,Inactive >90 Days
17907,United Kingdom,General,1,641,1,291.76,291.76,1046,2010-03-09 12:33:00,2010-03-09 12:33:00,1,Inactive >90 Days
17908,United Kingdom,Minimum,3,374,5,1142.47,228.494,670,2009-12-14 12:24:00,2010-12-01 11:45:00,353,Inactive >90 Days
17909,United Kingdom,General,1,738,1,110.05,110.05,35,2009-12-02 13:10:00,2009-12-02 13:10:00,1,Inactive >90 Days
17910,United Kingdom,General,1,727,1,261.7,261.7,121,2009-12-13 16:04:00,2009-12-13 16:04:00,1,Inactive >90 Days
17911,United Kingdom,Prospective,0,10,1,366.23,366.23,223,2011-11-30 14:52:00,2011-11-30 14:52:00,1,Recently Active
17912,United Kingdom,Minimum,3,311,6,371.6,61.93333333333334,210,2010-11-29 13:53:00,2011-02-02 14:25:00,66,Inactive >90 Days
17913,United Kingdom,Potential,4,59,14,3425.09,244.64928571428572,1715,2009-12-03 13:02:00,2011-10-12 10:45:00,679,Recently Active
17914,United Kingdom,Prospective,0,4,1,329.36,329.36,457,2011-12-06 11:58:00,2011-12-06 11:58:00,1,Recently Active
17915,United Kingdom,General,1,552,1,225.78,225.78,184,2010-06-06 13:22:00,2010-06-06 13:22:00,1,Inactive >90 Days
17916,United Kingdom,General,1,629,2,43.87,21.935,90,2009-12-06 14:10:00,2010-03-21 12:26:00,106,Inactive >90 Days
17917,United Kingdom,Prospective,0,46,3,335.03,111.67666666666666,184,2010-12-12 12:08:00,2011-10-25 13:20:00,318,Recently Active
17918,United Kingdom,General,1,501,3,388.44,129.48,351,2010-07-22 14:20:00,2010-07-27 11:51:00,6,Inactive >90 Days
17919,United Kingdom,Minimum,3,89,2,1840.3200000000002,920.1600000000001,1452,2010-09-27 10:40:00,2011-09-12 13:41:00,351,Recently Active
17920,United Kingdom,Main,2,5,54,23569.88,436.47925925925927,12263,2009-12-06 10:37:00,2011-12-05 14:29:00,730,Recently Active
17921,United Kingdom,Potential,4,65,10,2394.36,239.436,991,2010-07-15 20:05:00,2011-10-06 18:56:00,449,Recently Active
17922,United Kingdom,General,1,544,1,170.4,170.4,49,2010-06-14 16:32:00,2010-06-14 16:32:00,1,Inactive >90 Days
17923,United Kingdom,Minimum,3,283,3,497.0,165.66666666666666,140,2010-06-13 13:58:00,2011-03-02 15:15:00,263,Inactive >90 Days
17924,United Kingdom,Potential,4,12,8,3257.7000000000003,407.21250000000003,1208,2010-10-21 12:17:00,2011-11-28 09:11:00,404,Recently Active
17925,United Kingdom,General,1,373,1,244.08,244.08,72,2010-12-02 10:10:00,2010-12-02 10:10:00,1,Inactive >90 Days
17926,United Kingdom,Minimum,3,134,5,1035.49,207.098,572,2010-05-09 14:07:00,2011-07-29 14:39:00,447,Inactive >90 Days
17927,United Kingdom,General,1,722,1,294.0,294.0,108,2009-12-18 11:03:00,2009-12-18 11:03:00,1,Inactive >90 Days
17928,United Kingdom,Prospective,0,46,3,313.16,104.38666666666667,150,2010-05-17 15:30:00,2011-10-25 13:52:00,527,Recently Active
17929,United Kingdom,Potential,4,12,12,3082.1,256.84166666666664,434,2009-12-09 11:40:00,2011-11-28 16:01:00,720,Recently Active
17930,United Kingdom,Potential,4,36,13,4275.22,328.86307692307696,3795,2010-03-04 10:41:00,2011-11-04 10:23:00,611,Recently Active
17931,United Kingdom,Potential,4,135,14,3402.2400000000002,243.0171428571429,1919,2010-02-16 15:47:00,2011-07-28 18:33:00,528,Inactive >90 Days
17932,United Kingdom,Prospective,0,30,3,1331.57,443.8566666666666,789,2011-05-12 13:58:00,2011-11-10 19:49:00,183,Recently Active
17933,United Kingdom,General,1,633,1,105.99,105.99,57,2010-03-17 15:11:00,2010-03-17 15:11:00,1,Inactive >90 Days
17934,United Kingdom,Prospective,0,52,3,1049.15,349.7166666666667,628,2010-10-29 12:23:00,2011-10-19 11:16:00,356,Recently Active
17935,United Kingdom,Minimum,3,139,7,683.24,97.60571428571428,243,2009-12-04 14:33:00,2011-07-24 13:18:00,598,Inactive >90 Days
17936,United Kingdom,Prospective,0,6,1,380.13,380.13,257,2011-12-04 13:32:00,2011-12-04 13:32:00,1,Recently Active
17937,United Kingdom,Potential,4,9,7,4301.22,614.46,1754,2010-12-12 14:43:00,2011-12-01 11:45:00,355,Recently Active
17938,United Kingdom,General,1,421,1,144.29,144.29,53,2010-10-15 14:27:00,2010-10-15 14:27:00,1,Inactive >90 Days
17939,United Kingdom,General,1,160,1,99.14,99.14,40,2011-07-03 12:27:00,2011-07-03 12:27:00,1,Inactive >90 Days
17940,United Kingdom,Main,2,50,14,28389.58,2027.827142857143,85146,2009-12-03 12:31:00,2011-10-21 13:27:00,688,Recently Active
17941,United Kingdom,Minimum,3,131,4,1433.28,358.32,1108,2010-01-06 15:37:00,2011-08-01 08:30:00,573,Inactive >90 Days
17942,United Kingdom,Prospective,0,8,1,77.50000000000001,77.50000000000001,38,2011-12-02 10:45:00,2011-12-02 10:45:00,1,Recently Active
17944,United Kingdom,General,1,424,1,74.99,74.99,84,2010-10-12 16:25:00,2010-10-12 16:25:00,1,Inactive >90 Days
17945,United Kingdom,General,1,697,3,359.5,119.83333333333333,243,2010-01-12 11:33:00,2010-01-12 11:40:00,1,Inactive >90 Days
17946,United Kingdom,General,1,234,2,149.57999999999998,74.78999999999999,75,2011-03-25 14:34:00,2011-04-20 17:00:00,27,Inactive >90 Days
17947,United Kingdom,Prospective,0,38,1,176.68,176.68,168,2011-11-02 13:05:00,2011-11-02 13:05:00,1,Recently Active
17948,United Kingdom,General,1,148,1,358.56000000000006,358.56000000000006,144,2011-07-15 12:58:00,2011-07-15 12:58:00,1,Inactive >90 Days
17949,United Kingdom,Main,2,2,116,107833.48,929.5989655172414,60440,2009-12-02 11:07:00,2011-12-08 18:46:00,737,Recently Active
17950,United Kingdom,Potential,4,73,7,1166.29,166.61285714285714,659,2010-01-04 17:39:00,2011-09-28 15:18:00,633,Recently Active
17951,United Kingdom,Prospective,0,40,4,1340.5800000000002,335.14500000000004,780,2010-10-31 15:15:00,2011-10-31 12:30:00,366,Recently Active
17952,United Kingdom,Minimum,3,379,4,788.46,197.115,477,2010-06-16 11:54:00,2010-11-26 13:54:00,164,Inactive >90 Days
17953,United Kingdom,General,1,541,1,148.67000000000002,148.67000000000002,73,2010-06-17 15:08:00,2010-06-17 15:08:00,1,Inactive >90 Days
17954,United Kingdom,Main,2,6,19,3801.83,200.0963157894737,3177,2009-12-09 13:22:00,2011-12-04 14:15:00,726,Recently Active
17955,United Kingdom,Minimum,3,199,6,949.9,158.31666666666666,681,2010-02-12 16:27:00,2011-05-25 12:00:00,468,Inactive >90 Days
17956,United Kingdom,General,1,250,1,12.75,12.75,1,2011-04-04 13:47:00,2011-04-04 13:47:00,1,Inactive >90 Days
17957,United Kingdom,General,1,67,1,110.72,110.72,275,2011-10-04 14:58:00,2011-10-04 14:58:00,1,Recently Active
17958,United Kingdom,Minimum,3,117,2,973.88,486.94,284,2009-12-11 15:37:00,2011-08-15 12:19:00,613,Inactive >90 Days
17959,United Kingdom,General,1,593,1,140.75,140.75,49,2010-04-26 14:12:00,2010-04-26 14:12:00,1,Inactive >90 Days
17960,United Kingdom,General,1,172,3,135.08,45.02666666666667,60,2010-03-08 12:22:00,2011-06-21 14:15:00,471,Inactive >90 Days
17961,United Kingdom,Main,2,22,100,2866.74,28.667399999999997,1491,2009-12-01 14:48:00,2011-11-18 16:55:00,718,Recently Active
17962,United Kingdom,Minimum,3,143,4,665.91,166.4775,632,2010-01-13 15:24:00,2011-07-20 14:16:00,554,Inactive >90 Days
17963,United Kingdom,Minimum,3,472,4,643.16,160.79,341,2010-01-19 17:25:00,2010-08-25 15:58:00,219,Inactive >90 Days
17964,United Kingdom,Prospective,0,32,2,463.21,231.605,294,2010-12-02 13:32:00,2011-11-08 10:44:00,342,Recently Active
17965,United Kingdom,Main,2,38,29,7002.9,241.47931034482758,4380,2009-12-14 13:19:00,2011-11-02 09:31:00,689,Recently Active
17966,United Kingdom,Potential,4,38,10,1963.92,196.392,3918,2010-01-18 13:24:00,2011-11-02 10:26:00,654,Recently Active
17967,United Kingdom,General,1,372,2,223.42,111.71,111,2010-10-19 13:19:00,2010-12-03 11:19:00,46,Inactive >90 Days
17968,United Kingdom,Minimum,3,374,4,590.44,147.61,352,2010-07-15 15:01:00,2010-12-01 12:23:00,140,Inactive >90 Days
17969,United Kingdom,Potential,4,167,20,2354.29,117.7145,1014,2009-12-06 13:53:00,2011-06-26 13:00:00,568,Inactive >90 Days
17970,United Kingdom,General,1,212,1,562.79,562.79,513,2011-05-12 20:03:00,2011-05-12 20:03:00,1,Inactive >90 Days
17971,United Kingdom,General,1,549,1,161.94,161.94,62,2010-06-09 14:04:00,2010-06-09 14:04:00,1,Inactive >90 Days
17972,United Kingdom,General,1,242,1,135.19,135.19,36,2011-04-12 12:16:00,2011-04-12 12:16:00,1,Inactive >90 Days
17973,United Kingdom,Prospective,0,52,1,337.04,337.04,176,2011-10-19 10:34:00,2011-10-19 10:34:00,1,Recently Active
17974,United Kingdom,Potential,4,25,6,1739.09,289.8483333333333,1189,2010-10-28 20:03:00,2011-11-15 11:37:00,384,Recently Active
17975,United Kingdom,Main,2,16,24,6693.03,278.87624999999997,2177,2010-08-06 11:24:00,2011-11-24 13:27:00,476,Recently Active
17976,United Kingdom,General,1,373,1,321.79,321.79,93,2010-12-02 13:49:00,2010-12-02 13:49:00,1,Inactive >90 Days
17977,United Kingdom,Prospective,0,30,2,1511.45,755.725,1948,2010-11-04 14:26:00,2011-11-10 13:28:00,372,Recently Active
17978,United Kingdom,Minimum,3,366,4,1159.99,289.9975,1297,2009-12-08 13:27:00,2010-12-09 14:05:00,367,Inactive >90 Days
17979,United Kingdom,Prospective,0,36,4,729.01,182.2525,379,2011-03-25 11:34:00,2011-11-04 12:05:00,225,Recently Active
17980,United Kingdom,Minimum,3,166,4,1012.72,253.18,771,2010-11-11 14:42:00,2011-06-27 12:01:00,229,Inactive >90 Days
17981,United Kingdom,General,1,411,1,239.12,239.12,260,2010-10-25 10:40:00,2010-10-25 10:40:00,1,Inactive >90 Days
17982,United Kingdom,General,1,681,1,138.18,138.18,117,2010-01-28 09:38:00,2010-01-28 09:38:00,1,Inactive >90 Days
17983,United Kingdom,General,1,396,1,171.71,171.71,108,2010-11-09 13:23:00,2010-11-09 13:24:00,1,Inactive >90 Days
17984,United Kingdom,Minimum,3,146,5,1148.69,229.738,938,2009-12-01 11:51:00,2011-07-17 15:59:00,594,Inactive >90 Days
17985,United Kingdom,Prospective,0,23,1,631.35,631.35,171,2011-11-17 14:24:00,2011-11-17 14:24:00,1,Recently Active
17986,United Kingdom,General,1,57,1,20.8,20.8,10,2011-10-14 14:22:00,2011-10-14 14:22:00,1,Recently Active
17987,United Kingdom,Minimum,3,186,5,965.4399999999999,193.088,981,2010-06-07 11:23:00,2011-06-07 14:22:00,366,Inactive >90 Days
17988,United Kingdom,Potential,4,12,13,485.69,37.36076923076923,179,2009-12-07 13:35:00,2011-11-28 11:00:00,722,Recently Active
17989,United Kingdom,General,1,380,1,207.33,207.33,300,2010-11-25 13:49:00,2010-11-25 13:49:00,1,Inactive >90 Days
17990,United Kingdom,Minimum,3,237,6,1527.6100000000001,254.6016666666667,777,2009-12-07 15:19:00,2011-04-17 11:44:00,497,Inactive >90 Days
17991,United Kingdom,General,1,226,3,298.65,99.55,92,2010-04-27 12:46:00,2011-04-28 15:58:00,367,Inactive >90 Days
17992,United Kingdom,General,1,390,1,252.88,252.88,130,2010-11-15 13:04:00,2010-11-15 13:04:00,1,Inactive >90 Days
17993,United Kingdom,General,1,618,1,225.99,225.99,108,2010-04-01 14:23:00,2010-04-01 14:23:00,1,Inactive >90 Days
17994,United Kingdom,Potential,4,122,11,2264.0299999999997,205.82090909090905,2178,2010-03-29 10:37:00,2011-08-10 11:41:00,500,Inactive >90 Days
17995,United Kingdom,Minimum,3,282,3,495.48,165.16,263,2010-11-17 17:01:00,2011-03-03 12:30:00,107,Inactive >90 Days
17996,United Kingdom,Minimum,3,380,3,469.73,156.57666666666668,527,2010-06-11 11:48:00,2010-11-25 11:00:00,168,Inactive >90 Days
17997,United Kingdom,Potential,4,75,8,1962.46,245.3075,2273,2011-06-28 17:28:00,2011-09-26 16:13:00,91,Recently Active
17998,United Kingdom,Minimum,3,381,3,639.24,213.08,561,2009-12-01 13:07:00,2010-11-24 15:31:00,359,Inactive >90 Days
17999,United Kingdom,Prospective,0,38,3,528.46,176.15333333333334,286,2010-11-26 13:16:00,2011-11-02 15:56:00,342,Recently Active
18000,United Kingdom,General,1,565,1,124.25,124.25,109,2010-05-24 17:34:00,2010-05-24 17:34:00,1,Inactive >90 Days
18001,United Kingdom,Potential,4,13,6,924.14,154.02333333333334,874,2009-12-02 15:38:00,2011-11-27 16:02:00,726,Recently Active
18002,United Kingdom,General,1,376,4,237.62,59.405,70,2009-12-08 11:07:00,2010-11-29 10:57:00,357,Inactive >90 Days
18003,United Kingdom,General,1,377,1,353.51,353.51,297,2010-11-28 15:09:00,2010-11-28 15:09:00,1,Inactive >90 Days
18004,United Kingdom,General,1,363,1,157.92,157.92,75,2010-12-12 13:47:00,2010-12-12 13:47:00,1,Inactive >90 Days
18005,United Kingdom,Prospective,0,4,2,226.47,113.235,86,2011-10-23 14:40:00,2011-12-06 11:51:00,45,Recently Active
18006,United Kingdom,Prospective,0,24,4,969.51,242.3775,395,2009-12-17 12:27:00,2011-11-16 16:52:00,700,Recently Active
18007,United Kingdom,General,1,393,1,215.22,215.22,246,2010-11-12 11:08:00,2010-11-12 11:08:00,1,Inactive >90 Days
18008,United Kingdom,Main,2,71,23,19759.079999999998,859.0904347826087,7825,2010-01-06 12:35:00,2011-09-30 15:17:00,633,Recently Active
18009,United Kingdom,Minimum,3,236,8,2144.23,268.02875,651,2010-02-25 11:49:00,2011-04-18 13:36:00,418,Inactive >90 Days
18010,United Kingdom,General,1,257,1,174.8,174.8,60,2011-03-28 12:27:00,2011-03-28 12:27:00,1,Inactive >90 Days
18011,United Kingdom,General,1,374,2,410.79,205.395,125,2010-05-21 13:28:00,2010-12-01 17:35:00,195,Inactive >90 Days
18012,United Kingdom,General,1,724,1,115.3,115.3,63,2009-12-16 13:16:00,2009-12-16 13:16:00,1,Inactive >90 Days
18013,United Kingdom,General,1,156,2,187.29,93.645,285,2011-07-07 14:08:00,2011-07-07 14:11:00,1,Inactive >90 Days
18014,United Kingdom,Prospective,0,29,1,154.27,154.27,65,2011-11-11 15:28:00,2011-11-11 15:28:00,1,Recently Active
18015,United Kingdom,Prospective,0,5,1,120.03,120.03,157,2011-12-05 14:49:00,2011-12-05 14:49:00,1,Recently Active
18016,United Kingdom,Potential,4,33,7,1954.56,279.22285714285715,1207,2010-01-27 16:00:00,2011-11-07 13:25:00,650,Recently Active
18017,United Kingdom,Minimum,3,82,4,688.0,172.0,400,2010-10-04 15:11:00,2011-09-19 16:15:00,351,Recently Active
18018,United Kingdom,Minimum,3,109,4,297.99,74.4975,186,2010-10-15 11:05:00,2011-08-23 17:37:00,313,Inactive >90 Days
18019,United Kingdom,General,1,52,1,38.45,38.45,7,2011-10-19 12:10:00,2011-10-19 12:10:00,1,Recently Active
18020,United Kingdom,General,1,544,1,190.48000000000002,190.48000000000002,67,2010-06-14 12:31:00,2010-06-14 12:31:00,1,Inactive >90 Days
18021,United Kingdom,General,1,510,2,216.41,108.205,168,2010-07-15 18:47:00,2010-07-18 10:52:00,4,Inactive >90 Days
18022,United Kingdom,Potential,4,36,5,1506.62,301.32399999999996,1308,2010-06-11 13:59:00,2011-11-04 12:45:00,512,Recently Active
18024,United Kingdom,General,1,153,2,389.78,194.89,184,2011-07-10 12:28:00,2011-07-10 12:40:00,1,Inactive >90 Days
18025,United Kingdom,Minimum,3,380,6,1177.72,196.28666666666666,1053,2010-03-30 17:33:00,2010-11-25 12:37:00,241,Inactive >90 Days
18026,United Kingdom,Minimum,3,501,2,2074.07,1037.035,530,2010-07-22 16:21:00,2010-07-27 10:37:00,6,Inactive >90 Days
18027,United Kingdom,General,1,99,1,115.31,115.31,78,2011-09-02 10:38:00,2011-09-02 10:38:00,1,Inactive >90 Days
18028,United Kingdom,General,1,584,1,192.05,192.05,133,2010-05-05 13:28:00,2010-05-05 13:28:00,1,Inactive >90 Days
18029,United Kingdom,General,1,643,1,433.77,433.77,253,2010-03-07 15:30:00,2010-03-07 15:30:00,1,Inactive >90 Days
18030,United Kingdom,Prospective,0,5,2,230.64999999999998,115.32499999999999,67,2011-10-28 13:55:00,2011-12-05 16:37:00,39,Recently Active
18031,United Kingdom,General,1,379,1,451.3,451.3,298,2010-11-26 11:00:00,2010-11-26 11:00:00,1,Inactive >90 Days
18032,United Kingdom,General,1,335,1,73.5,73.5,42,2011-01-09 15:32:00,2011-01-09 15:32:00,1,Inactive >90 Days
18033,United Kingdom,General,1,66,1,93.82000000000001,93.82000000000001,252,2011-10-05 17:28:00,2011-10-05 17:28:00,1,Recently Active
18034,United Kingdom,Prospective,0,22,3,753.35,251.11666666666667,950,2010-11-29 12:36:00,2011-11-18 12:22:00,355,Recently Active
18035,United Kingdom,Potential,4,36,5,1260.23,252.046,1134,2010-11-19 13:42:00,2011-11-04 12:39:00,351,Recently Active
18036,United Kingdom,Potential,4,33,11,1545.49,140.4990909090909,741,2009-12-18 12:04:00,2011-11-07 14:40:00,690,Recently Active
18037,United Kingdom,Minimum,3,155,15,167.42,11.161333333333333,37,2009-12-01 13:48:00,2011-07-08 13:39:00,585,Inactive >90 Days
18038,United Kingdom,General,1,557,1,141.48,141.48,80,2010-06-01 15:59:00,2010-06-01 15:59:00,1,Inactive >90 Days
18039,United Kingdom,Minimum,3,375,4,548.22,137.055,555,2010-03-09 11:19:00,2010-11-30 13:07:00,267,Inactive >90 Days
18040,United Kingdom,Prospective,0,20,2,357.20000000000005,178.60000000000002,148,2011-04-08 08:27:00,2011-11-20 14:20:00,227,Recently Active
18041,United Kingdom,Main,2,12,38,8018.7699999999995,211.02026315789473,7316,2010-01-14 10:04:00,2011-11-28 11:39:00,684,Recently Active
18042,United Kingdom,Prospective,0,54,2,281.15,140.575,69,2010-06-16 10:53:00,2011-10-17 11:49:00,489,Recently Active
18043,United Kingdom,Prospective,0,25,3,529.29,176.42999999999998,265,2010-12-08 12:35:00,2011-11-15 12:48:00,343,Recently Active
18044,United Kingdom,Main,2,5,18,3505.61,194.75611111111112,1598,2010-05-28 15:31:00,2011-12-05 14:26:00,557,Recently Active
18045,United Kingdom,Prospective,0,46,1,178.34,178.34,138,2011-10-25 13:07:00,2011-10-25 13:07:00,1,Recently Active
18046,United Kingdom,General,1,650,1,189.63,189.63,44,2010-02-28 11:36:00,2010-02-28 11:36:00,1,Inactive >90 Days
18047,United Kingdom,General,1,382,2,326.09,163.045,130,2010-11-23 12:57:00,2010-11-23 13:11:00,1,Inactive >90 Days
18048,United Kingdom,Minimum,3,204,3,394.93,131.64333333333335,256,2010-08-03 13:03:00,2011-05-20 14:58:00,291,Inactive >90 Days
18049,United Kingdom,General,1,438,2,500.5,250.25,400,2010-04-28 13:24:00,2010-09-28 14:26:00,154,Inactive >90 Days
18050,United Kingdom,General,1,360,2,412.06,206.03,250,2010-11-11 15:51:00,2010-12-15 14:25:00,35,Inactive >90 Days
18051,United Kingdom,Minimum,3,635,7,2282.28,326.04,1661,2009-12-09 12:17:00,2010-03-15 13:58:00,97,Inactive >90 Days
18052,United Kingdom,Minimum,3,565,1,10877.18,10877.18,17766,2010-05-24 11:11:00,2010-05-24 11:11:00,1,Inactive >90 Days
18053,United Kingdom,Prospective,0,71,3,571.07,190.35666666666668,409,2010-06-30 12:36:00,2011-09-30 09:05:00,458,Recently Active
18054,United Kingdom,General,1,393,1,176.5,176.5,96,2010-11-12 08:18:00,2010-11-12 08:18:00,1,Inactive >90 Days
18055,United Kingdom,Main,2,8,14,10142.64,724.4742857142857,3534,2010-10-22 13:27:00,2011-12-02 14:25:00,407,Recently Active
18056,United Kingdom,General,1,289,2,554.6,277.3,334,2010-03-31 12:29:00,2011-02-24 14:27:00,331,Inactive >90 Days
18057,United Kingdom,Minimum,3,394,3,1168.14,389.38000000000005,930,2010-01-18 12:42:00,2010-11-11 16:55:00,298,Inactive >90 Days
18058,United Kingdom,Prospective,0,10,3,774.06,258.02,394,2010-02-10 09:38:00,2011-11-30 08:38:00,659,Recently Active
18059,United Kingdom,Prospective,0,24,3,306.46,102.15333333333332,258,2011-10-03 09:30:00,2011-11-16 16:49:00,45,Recently Active
18060,United Kingdom,Minimum,3,409,2,1185.46,592.73,902,2010-05-24 08:34:00,2010-10-27 16:41:00,157,Inactive >90 Days
18061,United Kingdom,Main,2,22,28,6083.81,217.2789285714286,3359,2009-12-04 11:36:00,2011-11-18 11:20:00,715,Recently Active
18062,United Kingdom,Minimum,3,174,6,1632.67,272.1116666666667,831,2010-04-21 08:55:00,2011-06-19 14:47:00,425,Inactive >90 Days
18063,United Kingdom,General,1,391,2,186.60000000000002,93.30000000000001,48,2010-03-16 13:05:00,2010-11-14 10:46:00,244,Inactive >90 Days
18064,United Kingdom,Potential,4,134,11,4481.83,407.4390909090909,2685,2010-02-01 15:01:00,2011-07-29 16:39:00,544,Inactive >90 Days
18065,United Kingdom,Main,2,6,28,5846.63,208.80821428571429,2264,2009-12-09 16:00:00,2011-12-04 10:30:00,726,Recently Active
18066,United Kingdom,Minimum,3,76,3,1440.4,480.1333333333334,535,2010-10-20 11:42:00,2011-09-25 15:30:00,341,Recently Active
18067,United Kingdom,Prospective,0,41,1,396.33,396.33,189,2011-10-30 15:58:00,2011-10-30 15:58:00,1,Recently Active
18068,United Kingdom,General,1,290,1,101.7,101.7,6,2011-02-23 14:50:00,2011-02-23 14:50:00,1,Inactive >90 Days
18069,United Kingdom,Potential,4,27,11,4449.02,404.4563636363637,3166,2010-02-28 16:14:00,2011-11-13 16:03:00,624,Recently Active
18070,United Kingdom,General,1,670,1,314.1,314.1,86,2010-02-08 13:28:00,2010-02-08 13:28:00,1,Inactive >90 Days
18071,United Kingdom,Minimum,3,258,6,1169.68,194.9466666666667,678,2009-12-05 10:31:00,2011-03-27 11:59:00,478,Inactive >90 Days
18072,United Kingdom,General,1,186,1,247.44,247.44,288,2011-06-07 10:44:00,2011-06-07 10:44:00,1,Inactive >90 Days
18073,United Kingdom,Potential,4,115,12,3859.82,321.6516666666667,3102,2011-05-26 19:38:00,2011-08-17 14:02:00,84,Inactive >90 Days
18074,United Kingdom,Minimum,3,374,2,1019.44,509.72,361,2010-07-22 10:31:00,2010-12-01 09:53:00,133,Inactive >90 Days
18075,United Kingdom,Main,2,24,20,5783.29,289.1645,3281,2010-07-29 11:47:00,2011-11-16 15:21:00,476,Recently Active
18076,United Kingdom,General,1,381,1,151.49,151.49,164,2010-11-24 14:02:00,2010-11-24 14:02:00,1,Inactive >90 Days
18077,United Kingdom,Main,2,9,18,4078.79,226.59944444444443,3020,2009-12-07 11:40:00,2011-12-01 13:32:00,725,Recently Active
18078,United Kingdom,Minimum,3,218,4,725.53,181.3825,370,2010-03-21 15:50:00,2011-05-06 14:32:00,412,Inactive >90 Days
18079,United Kingdom,Potential,4,46,5,4203.93,840.7860000000001,8730,2010-08-05 12:19:00,2011-10-25 15:27:00,447,Recently Active
18080,United Kingdom,Prospective,0,19,2,1231.5,615.75,642,2011-04-11 10:10:00,2011-11-21 08:02:00,225,Recently Active
18081,United Kingdom,Prospective,0,37,3,343.45,114.48333333333333,195,2011-07-29 11:56:00,2011-11-03 16:30:00,98,Recently Active
18082,United Kingdom,Prospective,0,26,1,680.84,680.84,608,2011-11-14 12:45:00,2011-11-14 12:45:00,1,Recently Active
18083,United Kingdom,General,1,398,1,463.53,463.53,268,2010-11-07 11:44:00,2010-11-07 11:44:00,1,Inactive >90 Days
18084,United Kingdom,Prospective,0,17,3,795.23,265.07666666666665,755,2010-11-16 08:09:00,2011-11-23 13:57:00,373,Recently Active
18085,United Kingdom,Minimum,3,331,4,1341.8500000000001,335.46250000000003,507,2010-03-21 11:57:00,2011-01-13 15:17:00,299,Inactive >90 Days
18086,United Kingdom,General,1,275,1,101.34,101.34,106,2011-03-10 13:34:00,2011-03-10 13:34:00,1,Inactive >90 Days
18087,United Kingdom,Potential,4,291,16,13908.720000000001,869.2950000000001,7774,2009-12-01 09:43:00,2011-02-22 10:43:00,449,Inactive >90 Days
18088,United Kingdom,Prospective,0,62,1,166.03,166.03,107,2011-10-09 13:41:00,2011-10-09 13:41:00,1,Recently Active
18089,United Kingdom,General,1,447,1,428.45,428.45,95,2010-09-19 11:57:00,2010-09-19 11:57:00,1,Inactive >90 Days
18090,United Kingdom,General,1,422,1,321.9,321.9,307,2010-10-14 12:32:00,2010-10-14 12:32:00,1,Inactive >90 Days
18091,United Kingdom,General,1,594,1,360.85,360.85,539,2010-04-25 13:18:00,2010-04-25 13:18:00,1,Inactive >90 Days
18092,United Kingdom,Main,2,3,18,14693.720000000001,816.3177777777778,8298,2009-12-04 12:37:00,2011-12-07 13:14:00,734,Recently Active
18093,United Kingdom,Potential,4,94,8,4452.71,556.58875,3429,2010-03-31 10:27:00,2011-09-07 15:43:00,526,Inactive >90 Days
18094,United Kingdom,Potential,4,82,13,6391.52,491.65538461538466,4164,2010-01-07 11:16:00,2011-09-19 09:28:00,621,Recently Active
18095,United Kingdom,Minimum,3,313,5,2303.09,460.61800000000005,1623,2010-04-19 14:09:00,2011-01-31 12:50:00,288,Inactive >90 Days
18096,United Kingdom,Potential,4,12,6,1638.16,273.0266666666667,1380,2010-07-14 14:30:00,2011-11-28 12:44:00,503,Recently Active
18097,United Kingdom,Potential,4,8,11,4627.92,420.72,2716,2009-12-17 11:06:00,2011-12-02 11:16:00,716,Recently Active
18098,United Kingdom,General,1,397,1,527.94,527.94,215,2010-11-08 16:31:00,2010-11-08 16:31:00,1,Inactive >90 Days
18099,United Kingdom,General,1,128,1,168.31,168.31,149,2011-08-04 15:52:00,2011-08-04 15:52:00,1,Inactive >90 Days
18100,United Kingdom,General,1,551,1,451.56,451.56,440,2010-06-07 14:19:00,2010-06-07 14:19:00,1,Inactive >90 Days
18101,United Kingdom,Prospective,0,12,5,622.01,124.402,247,2010-02-03 13:52:00,2011-11-28 13:37:00,664,Recently Active
18102,United Kingdom,Main,2,1,145,580987.04,4006.8071724137935,181645,2009-12-01 09:24:00,2011-12-09 11:50:00,739,Recently Active
18103,United Kingdom,General,1,550,1,105.8,105.8,23,2010-06-08 13:36:00,2010-06-08 13:36:00,1,Inactive >90 Days
18104,United Kingdom,Prospective,0,38,1,754.64,754.64,362,2011-11-02 14:07:00,2011-11-02 14:07:00,1,Recently Active
18105,United Kingdom,Prospective,0,38,1,113.48000000000002,113.48000000000002,46,2011-11-02 12:04:00,2011-11-02 12:04:00,1,Recently Active
18106,United Kingdom,Minimum,3,330,6,1441.06,240.17666666666665,506,2010-01-15 11:36:00,2011-01-14 12:23:00,365,Inactive >90 Days
18107,United Kingdom,General,1,443,1,165.88,165.88,65,2010-09-23 13:03:00,2010-09-23 13:03:00,1,Inactive >90 Days
18108,United Kingdom,Minimum,3,255,3,848.8100000000001,282.93666666666667,261,2009-12-02 12:47:00,2011-03-30 13:56:00,484,Inactive >90 Days
18109,United Kingdom,Main,2,2,38,9555.71,251.46605263157892,4822,2010-07-01 12:13:00,2011-12-08 11:36:00,526,Recently Active
18110,United Kingdom,Prospective,0,20,2,392.28000000000003,196.14000000000001,169,2010-10-24 14:21:00,2011-11-20 12:34:00,393,Recently Active
18111,United Kingdom,General,1,590,1,405.85,405.85,232,2010-04-29 12:58:00,2010-04-29 12:58:00,1,Inactive >90 Days
18112,United Kingdom,Prospective,0,13,4,773.36,193.34,443,2010-06-06 12:40:00,2011-11-27 14:43:00,540,Recently Active
18113,United Kingdom,General,1,369,1,76.32000000000001,76.32000000000001,72,2010-12-06 12:31:00,2010-12-06 12:31:00,1,Inactive >90 Days
18114,United Kingdom,General,1,291,1,220.1,220.1,55,2011-02-22 13:20:00,2011-02-22 13:20:00,1,Inactive >90 Days
18115,United Kingdom,General,1,698,1,9.700000000000001,9.700000000000001,3,2010-01-11 11:57:00,2010-01-11 11:57:00,1,Inactive >90 Days
18116,United Kingdom,Potential,4,68,13,2130.89,163.9146153846154,1249,2010-10-24 15:29:00,2011-10-03 11:00:00,345,Recently Active
18117,United Kingdom,Prospective,0,26,1,314.4,314.4,604,2011-11-14 12:47:00,2011-11-14 12:47:00,1,Recently Active
18118,United Kingdom,Main,2,11,29,6218.62,214.4351724137931,3172,2010-11-23 13:36:00,2011-11-29 11:32:00,372,Recently Active
18119,United Kingdom,General,1,368,1,180.7,180.7,124,2010-12-07 11:59:00,2010-12-07 11:59:00,1,Inactive >90 Days
18120,United Kingdom,General,1,215,1,111.15,111.15,31,2011-05-09 13:45:00,2011-05-09 13:45:00,1,Inactive >90 Days
18121,United Kingdom,Minimum,3,150,2,653.3000000000001,326.65000000000003,438,2011-07-08 12:14:00,2011-07-13 12:53:00,6,Inactive >90 Days
18122,United Kingdom,Potential,4,9,6,1791.84,298.64,1215,2011-07-12 11:37:00,2011-12-01 13:08:00,143,Recently Active
18123,United Kingdom,Prospective,0,25,3,666.64,222.21333333333334,616,2010-07-14 12:47:00,2011-11-15 14:23:00,490,Recently Active
18124,United Kingdom,General,1,473,1,102.65,102.65,47,2010-08-24 17:21:00,2010-08-24 17:21:00,1,Inactive >90 Days
18125,United Kingdom,Prospective,0,30,4,1131.75,282.9375,800,2011-01-27 15:02:00,2011-11-10 12:29:00,288,Recently Active
18126,United Kingdom,Prospective,0,61,1,198.58,198.58,129,2011-10-10 12:19:00,2011-10-10 12:19:00,1,Recently Active
18127,United Kingdom,Prospective,0,20,4,556.13,139.0325,250,2010-11-01 13:56:00,2011-11-20 14:05:00,385,Recently Active
18128,United Kingdom,General,1,538,1,399.29,399.29,216,2010-06-20 13:19:00,2010-06-20 13:19:00,1,Inactive >90 Days
18129,United Kingdom,General,1,244,1,112.55000000000001,112.55000000000001,48,2011-04-10 14:16:00,2011-04-10 14:16:00,1,Inactive >90 Days
18130,United Kingdom,Prospective,0,16,3,1059.39,353.13000000000005,824,2011-10-13 15:58:00,2011-11-24 14:40:00,43,Recently Active
18131,United Kingdom,General,1,632,1,222.95999999999998,222.95999999999998,552,2010-03-18 08:48:00,2010-03-18 08:48:00,1,Inactive >90 Days
18132,United Kingdom,General,1,505,1,220.13,220.13,212,2010-07-23 16:54:00,2010-07-23 16:54:00,1,Inactive >90 Days
18133,United Kingdom,Minimum,3,213,1,931.5,931.5,1350,2011-05-11 14:14:00,2011-05-11 14:14:00,1,Inactive >90 Days
18134,United Kingdom,General,1,599,2,445.0,222.5,128,2010-01-14 11:59:00,2010-04-20 14:02:00,97,Inactive >90 Days
18135,United Kingdom,Potential,4,30,10,1249.6200000000001,124.96200000000002,753,2010-03-15 13:55:00,2011-11-10 19:32:00,606,Recently Active
18136,United Kingdom,Potential,4,64,5,1631.3600000000001,326.27200000000005,860,2010-09-14 15:50:00,2011-10-07 15:40:00,389,Recently Active
18137,United Kingdom,General,1,552,2,145.99,72.995,59,2010-06-06 13:45:00,2010-06-06 14:18:00,1,Inactive >90 Days
18138,United Kingdom,General,1,296,1,152.65,152.65,38,2011-02-17 14:51:00,2011-02-17 14:51:00,1,Inactive >90 Days
18139,United Kingdom,Potential,4,18,6,8438.34,1406.39,5557,2011-11-21 14:06:00,2011-11-22 10:44:00,2,Recently Active
18140,West Indies,General,1,474,1,536.41,536.41,395,2010-08-23 11:58:00,2010-08-23 11:58:00,1,Inactive >90 Days
18141,United Kingdom,Minimum,3,402,2,882.47,441.235,433,2010-04-29 15:32:00,2010-11-03 11:44:00,189,Inactive >90 Days
18142,United Kingdom,Minimum,3,158,2,1019.52,509.76,1276,2011-05-08 12:31:00,2011-07-05 13:19:00,59,Inactive >90 Days
18143,United Kingdom,Minimum,3,117,2,1000.16,500.08,570,2011-07-21 10:44:00,2011-08-15 12:07:00,26,Inactive >90 Days
18144,United Kingdom,Main,2,8,19,4892.95,257.5236842105263,2144,2009-12-16 15:57:00,2011-12-02 12:46:00,717,Recently Active
18145,United Kingdom,Potential,4,13,11,5609.74,509.9763636363636,5104,2009-12-08 12:30:00,2011-11-27 11:22:00,720,Recently Active
18146,United Kingdom,General,1,141,2,160.35,80.175,153,2011-05-03 16:35:00,2011-07-22 12:08:00,81,Inactive >90 Days
18147,United Kingdom,Prospective,0,46,2,179.34,89.67,203,2011-08-23 12:22:00,2011-10-25 11:46:00,64,Recently Active
18148,United Kingdom,General,1,647,1,112.85000000000001,112.85000000000001,63,2010-03-03 11:40:00,2010-03-03 11:40:00,1,Inactive >90 Days
18149,United Kingdom,Potential,4,51,7,1553.96,221.99428571428572,869,2010-03-14 12:41:00,2011-10-20 12:04:00,586,Recently Active
18150,United Kingdom,Prospective,0,33,3,566.58,188.86,332,2011-05-22 10:47:00,2011-11-07 16:49:00,170,Recently Active
18151,United Kingdom,Minimum,3,135,6,1879.44,313.24,986,2010-03-04 10:47:00,2011-07-28 11:35:00,512,Inactive >90 Days
18152,United Kingdom,General,1,647,1,426.69,426.69,75,2010-03-03 15:26:00,2010-03-03 15:26:00,1,Inactive >90 Days
18153,United Kingdom,General,1,660,1,246.22,246.22,200,2010-02-18 15:50:00,2010-02-18 15:50:00,1,Inactive >90 Days
18154,United Kingdom,Prospective,0,4,5,932.6,186.52,626,2010-08-06 09:18:00,2011-12-06 16:41:00,488,Recently Active
18155,United Kingdom,Prospective,0,76,3,371.62,123.87333333333333,266,2011-02-21 10:36:00,2011-09-25 13:32:00,217,Recently Active
18156,United Kingdom,Prospective,0,13,2,675.64,337.82,283,2010-12-05 12:29:00,2011-11-27 12:24:00,358,Recently Active
18157,United Kingdom,General,1,572,1,213.9,213.9,145,2010-05-17 14:09:00,2010-05-17 14:09:00,1,Inactive >90 Days
18158,United Kingdom,Prospective,0,10,2,453.4,226.7,354,2011-09-12 09:03:00,2011-11-30 16:19:00,80,Recently Active
18159,United Kingdom,General,1,302,1,530.15,530.15,139,2011-02-11 14:26:00,2011-02-11 14:26:00,1,Inactive >90 Days
18160,United Kingdom,Prospective,0,58,3,1003.88,334.62666666666667,519,2010-11-18 16:33:00,2011-10-13 15:50:00,330,Recently Active
18161,United Kingdom,Potential,4,16,6,1803.1000000000001,300.5166666666667,965,2010-11-25 15:55:00,2011-11-24 16:40:00,365,Recently Active
18162,United Kingdom,General,1,733,1,371.51,371.51,332,2009-12-07 13:24:00,2009-12-07 13:24:00,1,Inactive >90 Days
18163,United Kingdom,General,1,585,1,728.84,728.84,452,2010-05-04 14:51:00,2010-05-04 14:51:00,1,Inactive >90 Days
18164,United Kingdom,Prospective,0,38,1,399.65,399.65,184,2011-11-02 12:56:00,2011-11-02 12:56:00,1,Recently Active
18165,United Kingdom,General,1,178,1,302.46,302.46,254,2011-06-15 13:23:00,2011-06-15 13:23:00,1,Inactive >90 Days
18166,United Kingdom,General,1,624,1,175.5,175.5,90,2010-03-26 12:26:00,2010-03-26 12:26:00,1,Inactive >90 Days
18167,United Kingdom,Prospective,0,24,3,1384.8600000000001,461.62000000000006,382,2011-08-26 11:40:00,2011-11-16 15:56:00,83,Recently Active
18168,United Kingdom,Potential,4,177,16,3435.5,214.71875,1995,2009-12-03 17:29:00,2011-06-16 19:21:00,561,Inactive >90 Days
18169,United Kingdom,Prospective,0,61,1,202.65,202.65,61,2011-10-10 12:18:00,2011-10-10 12:18:00,1,Recently Active
18170,United Kingdom,Potential,4,34,9,2878.0,319.77777777777777,1184,2010-01-08 14:10:00,2011-11-06 14:35:00,668,Recently Active
18171,United Kingdom,Potential,4,59,9,2437.31,270.8122222222222,991,2010-01-05 10:46:00,2011-10-12 09:13:00,646,Recently Active
18172,United Kingdom,Main,2,15,52,17467.24,335.90846153846155,7407,2009-12-11 09:58:00,2011-11-25 11:12:00,715,Recently Active
18173,United Kingdom,Minimum,3,87,5,2696.36,539.272,1730,2010-04-06 10:43:00,2011-09-14 11:26:00,527,Recently Active
18174,United Kingdom,Prospective,0,8,2,162.5,81.25,80,2010-04-15 12:17:00,2011-12-02 16:56:00,597,Recently Active
18175,United Kingdom,General,1,676,1,176.10000000000002,176.10000000000002,70,2010-02-02 10:25:00,2010-02-02 10:25:00,1,Inactive >90 Days
18176,United Kingdom,General,1,359,1,476.35,476.35,283,2010-12-16 15:45:00,2010-12-16 15:45:00,1,Inactive >90 Days
18177,United Kingdom,Potential,4,32,9,2216.32,246.2577777777778,1238,2009-12-15 18:57:00,2011-11-08 14:44:00,694,Recently Active
18178,United Kingdom,Potential,4,129,11,6103.74,554.8854545454545,3850,2010-02-18 14:25:00,2011-08-03 09:30:00,532,Inactive >90 Days
18179,United Kingdom,Potential,4,10,8,2547.55,318.44375,1811,2010-02-14 15:51:00,2011-11-30 16:23:00,655,Recently Active
18180,United Kingdom,Potential,4,5,6,1843.75,307.2916666666667,1721,2011-07-20 08:59:00,2011-12-05 08:39:00,139,Recently Active
18181,United Kingdom,Potential,4,25,5,1188.34,237.66799999999998,510,2009-12-04 15:30:00,2011-11-15 15:08:00,712,Recently Active
18182,United Kingdom,General,1,464,1,291.13,291.13,167,2010-09-02 14:25:00,2010-09-02 14:25:00,1,Inactive >90 Days
18183,United Kingdom,Minimum,3,228,2,632.07,316.035,371,2011-03-10 10:08:00,2011-04-26 15:26:00,48,Inactive >90 Days
18184,United Kingdom,Prospective,0,16,1,49.8,49.8,60,2011-11-24 15:28:00,2011-11-24 15:28:00,1,Recently Active
18185,United Kingdom,General,1,250,1,304.25,304.25,183,2011-04-04 13:42:00,2011-04-04 13:42:00,1,Inactive >90 Days
18186,United Kingdom,General,1,723,1,329.58000000000004,329.58000000000004,338,2009-12-17 10:22:00,2009-12-17 10:22:00,1,Inactive >90 Days
18187,United Kingdom,General,1,632,1,724.89,724.89,310,2010-03-18 09:49:00,2010-03-18 09:49:00,1,Inactive >90 Days
18188,United Kingdom,Potential,4,16,6,3280.59,546.765,1888,2010-03-26 11:37:00,2011-11-24 16:46:00,609,Recently Active
18189,United Kingdom,Minimum,3,78,3,1403.73,467.91,836,2010-03-24 09:57:00,2011-09-23 12:40:00,549,Recently Active
18190,United Kingdom,Minimum,3,193,5,745.62,149.124,490,2009-12-22 12:05:00,2011-05-31 14:48:00,526,Inactive >90 Days
18191,United Kingdom,General,1,262,2,529.4,264.7,332,2010-08-19 17:42:00,2011-03-23 12:08:00,217,Inactive >90 Days
18192,United Kingdom,Prospective,0,72,1,957.97,957.97,339,2011-09-29 09:53:00,2011-09-29 09:53:00,1,Recently Active
18193,United Kingdom,Minimum,3,166,3,1207.3500000000001,402.45000000000005,926,2010-09-23 13:33:00,2011-06-27 13:58:00,278,Inactive >90 Days
18194,United Kingdom,Potential,4,83,6,4162.04,693.6733333333333,1774,2010-01-28 15:30:00,2011-09-18 13:29:00,599,Recently Active
18195,United Kingdom,General,1,388,1,101.16,101.16,60,2010-11-17 15:03:00,2010-11-17 15:03:00,1,Inactive >90 Days
18196,United Kingdom,Minimum,3,96,4,1455.27,363.8175,1032,2010-03-17 14:55:00,2011-09-05 16:22:00,538,Inactive >90 Days
18197,United Kingdom,General,1,576,1,230.1,230.1,166,2010-05-13 10:46:00,2010-05-13 10:46:00,1,Inactive >90 Days
18198,United Kingdom,Main,2,5,17,5425.56,319.15058823529415,4074,2011-01-07 13:39:00,2011-12-05 14:49:00,333,Recently Active
18199,United Kingdom,General,1,684,1,344.75,344.75,99,2010-01-25 11:32:00,2010-01-25 11:32:00,1,Inactive >90 Days
18200,United Kingdom,General,1,107,1,150.35,150.35,104,2011-08-25 18:45:00,2011-08-25 18:45:00,1,Inactive >90 Days
18201,United Kingdom,General,1,723,1,447.53000000000003,447.53000000000003,191,2009-12-17 08:55:00,2009-12-17 08:55:00,1,Inactive >90 Days
18202,United Kingdom,Minimum,3,200,3,1396.99,465.66333333333336,581,2011-02-01 13:36:00,2011-05-24 12:12:00,113,Inactive >90 Days
18203,United Kingdom,Minimum,3,158,4,482.52,120.63,109,2009-12-08 13:19:00,2011-07-05 13:07:00,575,Inactive >90 Days
18204,United Kingdom,Minimum,3,72,3,1975.3500000000001,658.45,1190,2011-05-31 15:26:00,2011-09-29 16:44:00,122,Recently Active
18205,United Kingdom,Prospective,0,37,2,517.36,258.68,192,2011-09-26 12:02:00,2011-11-03 13:22:00,39,Recently Active
18206,United Kingdom,General,1,554,1,314.65999999999997,314.65999999999997,246,2010-06-04 13:47:00,2010-06-04 13:47:00,1,Inactive >90 Days
18207,United Kingdom,General,1,500,1,544.47,544.47,325,2010-07-28 14:26:00,2010-07-28 14:26:00,1,Inactive >90 Days
18208,United Kingdom,General,1,566,1,360.08,360.08,82,2010-05-23 11:54:00,2010-05-23 11:54:00,1,Inactive >90 Days
18209,United Kingdom,Prospective,0,29,1,139.10000000000002,139.10000000000002,58,2011-11-11 12:07:00,2011-11-11 12:07:00,1,Recently Active
18210,United Kingdom,Potential,4,2,7,2768.83,395.54714285714283,1499,2010-11-22 09:39:00,2011-12-08 11:02:00,382,Recently Active
18211,United Kingdom,Prospective,0,26,5,600.07,120.01400000000001,359,2011-03-06 12:09:00,2011-11-14 08:10:00,254,Recently Active
18212,United Kingdom,General,1,327,2,514.37,257.185,158,2010-01-31 14:42:00,2011-01-17 16:14:00,352,Inactive >90 Days
18213,United Kingdom,General,1,237,1,232.48000000000002,232.48000000000002,232,2011-04-17 10:21:00,2011-04-17 10:21:00,1,Inactive >90 Days
18214,United Kingdom,Minimum,3,531,4,1780.34,445.085,989,2010-06-03 19:47:00,2010-06-27 11:21:00,25,Inactive >90 Days
18215,United Kingdom,Minimum,3,90,5,2232.4900000000002,446.49800000000005,1131,2010-03-26 13:03:00,2011-09-11 16:05:00,535,Recently Active
18216,United Kingdom,Prospective,0,32,1,481.75,481.75,200,2011-11-08 16:55:00,2011-11-08 16:55:00,1,Recently Active
18217,United Kingdom,Prospective,0,30,4,945.04,236.26,740,2010-07-01 15:39:00,2011-11-10 13:18:00,498,Recently Active
18218,United Kingdom,Minimum,3,212,4,1121.84,280.46,1028,2010-02-17 15:11:00,2011-05-12 12:53:00,450,Inactive >90 Days
18219,United Kingdom,Main,2,3,17,3352.7000000000003,197.21764705882356,1586,2009-12-07 13:17:00,2011-12-07 11:43:00,731,Recently Active
18220,United Kingdom,Minimum,3,227,6,1921.76,320.29333333333335,1352,2009-12-15 11:42:00,2011-04-27 09:03:00,499,Inactive >90 Days
18221,United Kingdom,Potential,4,23,6,1424.94,237.49,1000,2010-11-14 15:46:00,2011-11-17 14:40:00,369,Recently Active
18222,United Kingdom,Prospective,0,93,1,443.0,443.0,335,2011-09-08 10:45:00,2011-09-08 10:45:00,1,Inactive >90 Days
18223,United Kingdom,Main,2,5,26,14000.85,538.4942307692307,6644,2009-12-04 12:20:00,2011-12-05 09:11:00,732,Recently Active
18224,United Kingdom,General,1,264,1,158.95000000000002,158.95000000000002,69,2011-03-21 10:30:00,2011-03-21 10:30:00,1,Inactive >90 Days
18225,United Kingdom,Main,2,4,26,13014.8,500.5692307692307,7282,2009-12-04 16:52:00,2011-12-06 13:27:00,733,Recently Active
18226,United Kingdom,Main,2,45,26,11878.88,456.88,7883,2010-03-05 10:05:00,2011-10-26 13:36:00,601,Recently Active
18227,United Kingdom,General,1,218,2,388.75,194.375,22,2010-08-12 16:45:00,2011-05-06 12:23:00,268,Inactive >90 Days
18228,United Kingdom,Prospective,0,57,2,779.9,389.95,238,2011-09-21 10:48:00,2011-10-14 09:21:00,24,Recently Active
18229,United Kingdom,Main,2,12,28,10150.51,362.5182142857143,3071,2009-12-03 14:42:00,2011-11-28 09:48:00,726,Recently Active
18230,United Kingdom,Potential,4,10,9,4291.06,476.7844444444445,1996,2010-07-02 10:01:00,2011-11-30 13:22:00,517,Recently Active
18231,United Kingdom,Main,2,193,28,6848.27,244.58107142857145,2913,2010-01-10 12:13:00,2011-05-31 14:18:00,507,Inactive >90 Days
18232,United Kingdom,Minimum,3,82,4,592.97,148.2425,302,2011-05-26 16:30:00,2011-09-19 11:49:00,117,Recently Active
18233,United Kingdom,General,1,326,1,440.0,440.0,4,2011-01-18 08:44:00,2011-01-18 08:44:00,1,Inactive >90 Days
18234,United Kingdom,General,1,552,1,179.6,179.6,80,2010-06-06 11:22:00,2010-06-06 11:22:00,1,Inactive >90 Days
18235,United Kingdom,Minimum,3,72,3,1796.48,598.8266666666667,1578,2011-05-06 13:35:00,2011-09-29 08:27:00,147,Recently Active
18236,United Kingdom,Potential,4,30,12,1795.3500000000001,149.6125,696,2010-04-15 13:39:00,2011-11-10 08:06:00,575,Recently Active
18237,United Kingdom,Potential,4,3,5,987.1,197.42000000000002,622,2011-07-28 13:05:00,2011-12-07 12:49:00,133,Recently Active
18238,United Kingdom,General,1,516,1,270.92,270.92,114,2010-07-12 12:51:00,2010-07-12 12:51:00,1,Inactive >90 Days
18239,United Kingdom,Minimum,3,219,6,1712.26,285.37666666666667,844,2010-10-13 10:11:00,2011-05-05 12:38:00,205,Inactive >90 Days
18240,United Kingdom,Prospective,0,47,1,422.58,422.58,126,2011-10-24 13:06:00,2011-10-24 13:06:00,1,Recently Active
18241,United Kingdom,Main,2,10,21,2986.9900000000002,142.23761904761906,1471,2010-04-01 11:55:00,2011-11-30 12:10:00,609,Recently Active
18242,United Kingdom,Potential,4,73,8,3605.21,450.65125,2021,2010-01-11 08:49:00,2011-09-28 13:43:00,626,Recently Active
18243,United Kingdom,General,1,415,1,515.78,515.78,221,2010-10-21 14:29:00,2010-10-21 14:29:00,1,Inactive >90 Days
18244,United Kingdom,General,1,431,2,568.64,284.32,856,2010-07-25 10:30:00,2010-10-05 11:15:00,73,Inactive >90 Days
18245,United Kingdom,Main,2,8,20,6324.9800000000005,316.249,5098,2010-03-08 15:26:00,2011-12-02 14:48:00,635,Recently Active
18246,United Kingdom,Prospective,0,24,3,758.8199999999999,252.93999999999997,214,2010-04-09 10:19:00,2011-11-16 11:49:00,587,Recently Active
18247,United Kingdom,Minimum,3,415,3,839.73,279.91,335,2010-03-18 15:52:00,2010-10-21 09:49:00,218,Inactive >90 Days
18248,United Kingdom,Minimum,3,123,2,804.02,402.01,511,2011-06-06 13:18:00,2011-08-09 10:19:00,65,Inactive >90 Days
18249,United Kingdom,Prospective,0,18,1,95.34,95.34,128,2011-11-22 15:07:00,2011-11-22 15:07:00,1,Recently Active
18250,United Kingdom,General,1,311,1,349.27,349.27,199,2011-02-02 13:16:00,2011-02-02 13:16:00,1,Inactive >90 Days
18251,United Kingdom,Potential,4,88,9,26278.86,2919.8733333333334,39639,2009-12-22 12:01:00,2011-09-13 15:03:00,631,Recently Active
18252,United Kingdom,Potential,4,51,7,1533.69,219.09857142857143,932,2009-12-18 16:13:00,2011-10-20 12:43:00,672,Recently Active
18253,United Kingdom,General,1,643,1,317.88,317.88,128,2010-03-07 12:38:00,2010-03-07 12:38:00,1,Inactive >90 Days
18254,United Kingdom,General,1,582,1,267.9,267.9,188,2010-05-07 14:37:00,2010-05-07 14:37:00,1,Inactive >90 Days
18255,United Kingdom,Prospective,0,90,2,303.15,151.575,201,2010-09-09 16:31:00,2011-09-11 13:16:00,368,Recently Active
18256,United Kingdom,General,1,388,1,110.69999999999999,110.69999999999999,180,2010-11-17 08:53:00,2010-11-17 08:53:00,1,Inactive >90 Days
18257,United Kingdom,Potential,4,40,12,4585.15,382.0958333333333,2368,2010-02-18 16:20:00,2011-10-31 14:48:00,621,Recently Active
18258,United Kingdom,Minimum,3,465,6,2059.67,343.27833333333336,1981,2010-05-16 11:35:00,2010-09-01 14:20:00,109,Inactive >90 Days
18259,United Kingdom,Potential,4,25,7,3941.9,563.1285714285715,1274,2009-12-08 08:38:00,2011-11-15 12:34:00,708,Recently Active
18260,United Kingdom,Main,2,173,23,9947.26,432.4895652173913,5244,2009-12-15 13:50:00,2011-06-20 12:37:00,553,Inactive >90 Days
18261,United Kingdom,Prospective,0,44,2,324.24,162.12,146,2011-09-05 09:34:00,2011-10-27 15:36:00,53,Recently Active
18262,United Kingdom,Minimum,3,141,3,577.54,192.51333333333332,552,2010-04-16 09:05:00,2011-07-22 16:04:00,463,Inactive >90 Days
18263,United Kingdom,Prospective,0,26,3,1213.16,404.3866666666667,1468,2011-04-01 11:48:00,2011-11-14 09:00:00,228,Recently Active
18264,United Kingdom,General,1,499,1,603.25,603.25,241,2010-07-29 10:02:00,2010-07-29 10:02:00,1,Inactive >90 Days
18265,United Kingdom,Prospective,0,73,2,801.51,400.755,311,2011-07-04 15:26:00,2011-09-28 14:10:00,87,Recently Active
18266,United Kingdom,General,1,435,1,251.1,251.1,138,2010-10-01 15:33:00,2010-10-01 15:33:00,1,Inactive >90 Days
18267,United Kingdom,General,1,673,1,269.37,269.37,135,2010-02-05 08:43:00,2010-02-05 08:43:00,1,Inactive >90 Days
18268,United Kingdom,Minimum,3,135,6,1490.23,248.37166666666667,711,2009-12-11 10:27:00,2011-07-28 19:13:00,595,Inactive >90 Days
18269,United Kingdom,General,1,367,1,168.60000000000002,168.60000000000002,76,2010-12-08 13:53:00,2010-12-08 13:53:00,1,Inactive >90 Days
18270,United Kingdom,Prospective,0,39,3,444.55,148.18333333333334,209,2010-10-03 10:49:00,2011-11-01 13:57:00,395,Recently Active
18271,United Kingdom,Minimum,3,610,2,680.85,340.425,319,2009-12-08 11:27:00,2010-04-09 09:26:00,123,Inactive >90 Days
18272,United Kingdom,Potential,4,3,9,4385.9800000000005,487.33111111111117,2880,2010-03-04 12:53:00,2011-12-07 12:43:00,644,Recently Active
18273,United Kingdom,Prospective,0,3,4,357.0,89.25,140,2010-04-28 12:24:00,2011-12-07 13:16:00,589,Recently Active
18274,United Kingdom,Prospective,0,31,1,175.92,175.92,88,2011-11-09 17:03:00,2011-11-09 17:03:00,1,Recently Active
18275,United Kingdom,Minimum,3,579,2,741.85,370.925,417,2009-12-08 16:23:00,2010-05-10 15:46:00,154,Inactive >90 Days
18276,United Kingdom,Potential,4,44,6,1656.52,276.08666666666664,1246,2009-12-10 17:14:00,2011-10-27 10:54:00,687,Recently Active
18277,United Kingdom,Minimum,3,59,5,1180.05,236.01,449,2010-08-02 10:26:00,2011-10-12 15:22:00,437,Recently Active
18278,United Kingdom,Prospective,0,74,2,414.20000000000005,207.10000000000002,140,2010-10-31 12:13:00,2011-09-27 11:58:00,332,Recently Active
18279,United Kingdom,General,1,520,1,231.34,231.34,630,2010-07-08 14:48:00,2010-07-08 14:48:00,1,Inactive >90 Days
18280,United Kingdom,General,1,278,2,488.15000000000003,244.07500000000002,194,2010-11-10 15:51:00,2011-03-07 09:52:00,118,Inactive >90 Days
18281,United Kingdom,General,1,181,2,201.14,100.57,146,2010-05-11 10:49:00,2011-06-12 10:53:00,398,Inactive >90 Days
18282,United Kingdom,Prospective,0,8,2,178.05,89.025,103,2011-08-05 13:35:00,2011-12-02 11:43:00,120,Recently Active
18283,United Kingdom,Main,2,4,22,2658.95,120.86136363636363,1677,2010-02-19 17:16:00,2011-12-06 12:02:00,656,Recently Active
18284,United Kingdom,General,1,432,1,411.68,411.68,493,2010-10-04 11:33:00,2010-10-04 11:33:00,1,Inactive >90 Days
18285,United Kingdom,General,1,661,1,377.0,377.0,144,2010-02-17 10:24:00,2010-02-17 10:24:00,1,Inactive >90 Days
18286,United Kingdom,Minimum,3,477,2,1246.43,623.215,607,2009-12-16 10:45:00,2010-08-20 11:57:00,248,Inactive >90 Days
18287,United Kingdom,Potential,4,43,7,4132.99,590.4271428571428,3012,2010-05-17 11:55:00,2011-10-28 09:29:00,530,Recently Active
